TERM	CRN	SUBJ	CRSE	SECT	INSTR_TYPE	DAYS	START_TIME	END_TIME	ROOM_CAP
Fall	30021	ACSE	2001	A	LEC	R	1805	2055	108
Fall	30022	ACSE	2001	A1E	PAN	T	1805	2055	96
Fall	30023	ACSE	3105	A	LEC	W	1805	2055	154
Fall	30024	ACSE	3105	A1E	LAB	W	1435	1725	58
Fall	30025	ACSE	3105	A2E	LAB	W	835	1125	34
Fall	30026	ACSE	3105	A3E	LAB	F	1435	1725	42
Fall	30027	ACSE	3105	A4E	LAB				
Fall	30028	ACSE	3201	A	LEC	TR	1005	1125	66
Fall	30029	ACSE	3201	A1O	LAB	F	1435	1725	120
Fall	30030	ACSE	3201	A2O	LAB				
Fall	30031	ACSE	3207	A	LEC	M	1435	1725	75
Fall	30032	ACSE	3207	A1	LAB	R	1435	1725	35
Fall	30033	ACSE	3207	A2	LAB	F	1135	1425	36
Fall	30034	ACSE	3207	A3	LAB	F	1435	1725	36
Winter	10018	ACSE	3209	A	LEC	T	1135	1425	76
Winter	10019	ACSE	3209	B	LEC	R	1805	2055	96
Winter	10020	ACSE	3209	L1O	PAN	W	835	1125	30
Winter	10021	ACSE	3209	L2O	PAN	W	1435	1725	30
Winter	10022	ACSE	3209	L3O	PAN	R	1135	1425	30
Winter	10023	ACSE	3209	L4O	PAN	F	1135	1425	30
Winter	10024	ACSE	3209	L5O	PAN	R	1435	1725	30
Winter	10025	ACSE	3209	L6O	PAN	W	1135	1425	30
Fall	30035	ACSE	4101	A	LEC	MW	1605	1725	42
Fall	30036	ACSE	4101	A1O	TUT	R	1135	1425	35
Winter	10026	ACSE	4106	A	LEC	T	1435	1725	78
Winter	10027	ACSE	4106	A1E	LAB	R	835	1125	30
Winter	10028	ACSE	4106	A2E	LAB	F	1135	1425	30
Winter	10029	ACSE	4106	A3E	LAB	R	1435	1725	31
Fall	30037	ACSE	4107	A	LEC	F	1135	1425	51
Fall	30039	ACSE	4107	A1	PAN	M	1305	1425	57
Fall	30038	ACSE	4107	A2	PAN	R	1005	1125	40
Winter	10030	ACSE	4601	A	LEC	W	835	1125	56
Winter	10031	ACSE	4601	A1	LAB	W	1135	1425	35
Winter	10032	ACSE	4601	A2	LAB	W	1435	1725	35
Winter	10033	ACSE	4601	A3	LAB	R	1135	1425	34
Fall	30040	ACSE	4918	A	LEC	R	1605	1755	204
Winter	10034	ACSE	4918	A	LEC	R	1605	1755	204
Fall	30041	ACSE	4918	A1	PAN	M	835	1125	133
Winter	10035	ACSE	4918	A1	PAN	M	835	1125	133
Fall	30042	AERO	2001	A	LEC	WF	835	925	134
Winter	10036	AERO	2001	B	LEC	TR	1135	1225	96
Winter	10037	AERO	2001	C	LEC	WF	1335	1425	96
Winter	10038	AERO	2001	D	LEC	TR	1635	1725	98
Fall	30043	AERO	2001	L1	LAB	TR	1805	1955	56
Winter	10039	AERO	2001	L1	LAB	MW	2005	2155	56
Fall	30044	AERO	2001	L2	LAB	MW	1805	1955	56
Winter	10040	AERO	2001	L2	LAB	TR	1905	2055	56
Winter	10041	AERO	3002	A	LEC	WF	835	955	98
Winter	10042	AERO	3002	B	LEC	TR	1435	1555	92
Winter	10043	AERO	3002	L1	LAB	R	835	1125	56
Winter	10044	AERO	3002	L2	LAB	M	1435	1725	56
Winter	10045	AERO	3002	L3	LAB	F	1435	1725	56
Winter	10046	AERO	3002	L4	LAB	T	835	1125	56
Winter	10047	AERO	3101	A	LEC	TR	1605	1725	42
Winter	10048	AERO	3101	A1	TUT	R	1005	1125	34
Fall	30045	AERO	3240	A	LEC	MW	1305	1425	78
Fall	30046	AERO	3240	A1	TUT	M	1135	1225	96
Fall	30047	AERO	3700	A	LEC	TR	1135	1255	102
Fall	30048	AERO	3700	A1	TUT	W	1035	1125	96
Winter	10049	AERO	3841	A	LEC	TR	1605	1725	102
Winter	10050	AERO	3841	L1	LAB	M	1135	1425	40
Winter	10051	AERO	3841	L2	LAB	T	835	1125	35
Fall	30049	AERO	4003	A	LEC	WF	1135	1255	79
Fall	30050	AERO	4003	L1	LAB	W	1435	1725	40
Fall	30051	AERO	4003	L2	LAB	R	1135	1425	57
Winter	10052	AERO	4009	A	LEC	T	1805	2055	40
Winter	10053	AERO	4300	A	LEC	TR	1135	1255	56
Fall	30052	AERO	4302	A	LEC	TR	835	955	51
Fall	30053	AERO	4302	L1	PAN	M	1535	1725	52
Winter	10054	AERO	4304	A	LEC	TR	1305	1425	40
Fall	30054	AERO	4306	A	LEC	TR	1435	1555	54
Winter	10055	AERO	4308	A	LEC	MW	1135	1255	52
Winter	10056	AERO	4402	A	LEC	R	1805	2055	9000
Winter	10057	AERO	4442	A	LEC	WF	1435	1555	79
Fall	30055	AERO	4446	A	LEC	TR	1435	1555	66
Winter	10058	AERO	4504	A	LEC	MW	1435	1555	51
Fall	30056	AERO	4540	A	LEC	TR	835	955	52
Winter	10059	AERO	4602	A	LEC	TR	1435	1555	52
Fall	30057	AERO	4608	A	LEC	TR	1005	1125	40
Fall	30058	AERO	4842	A	LEC	TR	1605	1725	102
Fall	30059	AFRI	1001	A	LEC	F	1135	1425	148
Fall	30060	AFRI	1001	A01	GRP	F	1435	1525	42
Fall	30061	AFRI	1001	A02	GRP	F	1535	1625	29
Fall	30062	AFRI	1001	A03	GRP	F	1435	1525	25
Fall	30063	AFRI	1001	A04	GRP				
Fall	30064	AFRI	1001	A05	GRP				
Fall	30065	AFRI	1001	A06	GRP	F	1535	1625	25
Winter	10060	AFRI	1002	A	LEC	M	1435	1625	148
Winter	10061	AFRI	1002	A01	GRP	M	1635	1725	58
Winter	10062	AFRI	1002	A02	GRP	M	1705	1755	76
Winter	10063	AFRI	1002	A03	GRP	M	1635	1725	56
Winter	10064	AFRI	1002	A04	GRP				
Winter	10065	AFRI	1002	A05	GRP				
Winter	10066	AFRI	1002	A06	GRP				
Winter	10067	AFRI	2002	A	LEC	T	1435	1725	48
Fall	30066	AFRI	2003	A	LEC	M	1435	1725	58
Fall	30067	AFRI	3001	A	LEC	T	1135	1425	18
Winter	10068	AFRI	3003	A	LEC	M	1135	1425	20
Fall	30068	AFRI	3005	A	LEC	R	1135	1425	58
Winter	10069	AFRI	3007	H	LEC	R	1435	1725	54
Winter	10070	AFRI	3609	B	LEC	R	1235	1425	40
Winter	10071	AFRI	3609	BF	FLM	R	1435	1625	9000
Fall	30069	AFRI	3900	F	PLA				
Winter	10072	AFRI	3900	W	PLA				
Winter	10073	AFRI	4000	A	SEM	W	1435	1725	57
Fall	30070	AFRI	4003	A	SEM				
Winter	15467	AFRI	4003	A	SEM	T	835	1125	50
Fall	30071	AFRI	4050	F	SEM	T	1435	1725	9000
Fall	30077	ALDS	1001	A	LEC	MW	1135	1255	108
Winter	10078	ALDS	1001	B	LEC	MW	1135	1255	9000
Fall	30078	ALDS	2201	A	LEC	TR	1005	1125	80
Winter	10079	ALDS	2202	A	LEC	TR	835	955	50
Fall	30079	ALDS	2203	A	LEC	TR	1305	1425	58
Fall	30080	ALDS	2204	A	LEC	T	1435	1725	80
Fall	30081	ALDS	2604	A	LEC	M	1735	2025	108
Winter	10080	ALDS	2705	A	LEC	MW	1305	1425	84
Winter	10081	ALDS	3201	A	LEC	MW	1005	1125	58
Fall	30082	ALDS	3202	A	LEC	MW	1005	1125	69
Fall	30083	ALDS	3401	A	LEC	T	1435	1725	30
Winter	10082	ALDS	3402	A	LEC	F	1135	1425	40
Fall	30084	ALDS	3414	A	SEM	MW	1005	1125	57
Fall	30085	ALDS	3604	A	LEC	R	1435	1725	66
Fall	30086	ALDS	3900	A	IND				
Winter	10083	ALDS	3900	A	IND				
Fall	30087	ALDS	3901	A	IND				
Winter	10084	ALDS	3901	B	IND				
Fall	30088	ALDS	4206	A	PRC	T	1435	1625	34
Winter	10085	ALDS	4206	A	PRC	T	1435	1625	27
Winter	10086	ALDS	4209	A	SEM	M	1805	2055	30
Fall	30089	ALDS	4305	A	SEM	TR	1735	1855	58
Winter	10087	ALDS	4306	A	SEM	MW	1305	1455	23
Fall	30090	ALDS	4404	A	SEM	MW	1305	1425	36
Winter	10088	ALDS	4602	A	LEC	MW	1605	1725	52
Fall	30091	ALDS	4606	A	SEM	R	1135	1425	31
Fall	30092	ALDS	4801	A	LEC	W	1805	2055	31
Fall	30093	ALDS	4900	A	IND				
Winter	10089	ALDS	4900	A	IND				
Fall	30094	ALDS	4901	A	IND				
Winter	10090	ALDS	4901	B	IND				
Fall	30095	ALDS	4908	A	HON				
Winter	10091	ALDS	4908	A	HON				
Fall	30117	ANTH	1001	A	LEC	F	1135	1325	444
Fall	30118	ANTH	1001	A01	GRP	F	1335	1425	35
Fall	30119	ANTH	1001	A02	GRP	F	1335	1425	40
Fall	30120	ANTH	1001	A03	GRP	F	1335	1425	52
Fall	30121	ANTH	1001	A04	GRP	F	1335	1425	34
Fall	30122	ANTH	1001	A05	GRP	F	1335	1425	35
Fall	30123	ANTH	1001	A06	GRP				
Fall	30124	ANTH	1001	A07	GRP				
Fall	30125	ANTH	1001	A08	GRP				
Fall	30126	ANTH	1001	A09	GRP	F	1435	1525	34
Fall	30127	ANTH	1001	A10	GRP	F	1435	1525	47
Fall	30128	ANTH	1001	A11	GRP	F	1435	1525	28
Fall	30129	ANTH	1001	A12	GRP	F	1435	1525	28
Fall	30130	ANTH	1001	A13	GRP	F	1435	1525	40
Fall	30131	ANTH	1001	A14	GRP				
Fall	30132	ANTH	1001	A15	GRP				
Fall	30133	ANTH	1001	A16	GRP				
Fall	30134	ANTH	1001	B	LEC	W	1805	1955	331
Fall	30135	ANTH	1001	B01	GRP	W	2005	2055	80
Fall	30136	ANTH	1001	B02	GRP	W	2005	2055	56
Fall	30137	ANTH	1001	B03	GRP	W	2005	2055	79
Fall	30138	ANTH	1001	B04	GRP	W	2005	2055	52
Fall	30139	ANTH	1001	B05	GRP				
Fall	30140	ANTH	1001	B06	GRP				
Winter	10112	ANTH	1001	C	LEC	M	1435	1625	393
Winter	10113	ANTH	1001	C01	GRP	M	1635	1725	31
Winter	10114	ANTH	1001	C02	GRP	M	1635	1725	32
Winter	10115	ANTH	1001	C03	GRP	M	1635	1725	42
Winter	10116	ANTH	1001	C04	GRP	M	1635	1725	35
Winter	10117	ANTH	1001	C05	GRP	M	1635	1725	31
Winter	10118	ANTH	1001	C06	GRP				
Winter	10119	ANTH	1001	C07	GRP	M	1735	1825	32
Winter	10120	ANTH	1001	C08	GRP	M	1735	1825	32
Winter	10121	ANTH	1001	C09	GRP	M	1735	1825	35
Winter	10122	ANTH	1001	C10	GRP	M	1735	1825	31
Winter	10123	ANTH	1001	C11	GRP	M	1735	1825	36
Winter	10124	ANTH	1001	C12	GRP	M	1735	1825	39
Fall	30141	ANTH	1002	A	LEC	M	1805	1955	192
Fall	30142	ANTH	1002	A1	GRP	M	2005	2055	80
Fall	30143	ANTH	1002	A2	GRP				
Fall	30144	ANTH	1002	A3	GRP				
Fall	30145	ANTH	1002	A4	GRP				
Winter	10125	ANTH	1002	B	LEC	F	835	1025	285
Winter	10126	ANTH	1002	B01	GRP	F	1035	1125	48
Winter	10127	ANTH	1002	B02	GRP	F	1035	1125	30
Winter	10128	ANTH	1002	B03	GRP	F	1035	1125	32
Winter	10129	ANTH	1002	B04	GRP	F	1035	1125	34
Winter	10130	ANTH	1002	B05	GRP	F	1035	1125	40
Winter	10131	ANTH	1002	B06	GRP	F	1135	1225	52
Winter	10132	ANTH	1002	B07	GRP	F	1135	1225	34
Winter	10133	ANTH	1002	B08	GRP	F	1135	1225	28
Winter	10134	ANTH	1002	B09	GRP	F	1135	1225	36
Winter	10135	ANTH	1002	B10	GRP	F	1135	1225	40
Winter	10136	ANTH	1050	B	SEM	T	835	1125	40
Fall	30146	ANTH	2001	A	LEC	R	835	1125	79
Winter	10137	ANTH	2001	A	LEC	R	835	1125	80
Fall	30147	ANTH	2020	A	LEC	T	1135	1425	96
Fall	30148	ANTH	2040	A	LEC	T	1135	1425	78
Fall	30149	ANTH	2060	A	LEC	W	1135	1325	96
Fall	30150	ANTH	2060	A1	TUT	W	1335	1425	96
Fall	30151	ANTH	2060	A2	TUT	W	1435	1525	42
Winter	10138	ANTH	2070	B	LEC	W	1805	2055	9000
Fall	30152	ANTH	2180	A	LEC	F	1135	1425	151
Winter	10139	ANTH	2500	B	LEC	T	1435	1725	79
Winter	10140	ANTH	2510	B	LEC	T	1805	2055	79
Fall	30153	ANTH	2550	A	LEC	R	1435	1725	66
Winter	10141	ANTH	2550	B	LEC	T	1435	1555	59
Fall	30154	ANTH	2610	A	LEC				
Winter	15435	ANTH	2610	A	LEC	M	1435	1725	52
Fall	35746	ANTH	2620	A	LEC	W	1805	2055	9000
Winter	10142	ANTH	2620	B	LEC				
Winter	10143	ANTH	2660	B	LEC	M	1135	1425	66
Fall	30155	ANTH	2815	A	LEC	W	1435	1625	108
Fall	30156	ANTH	2815	A1	GRP	W	1635	1725	78
Fall	30157	ANTH	2815	A2	GRP	W	1735	1825	98
Fall	30158	ANTH	2815	A3	GRP	W	1635	1725	78
Fall	30159	ANTH	2815	A4	GRP	W	1735	1825	98
Winter	10144	ANTH	2815	B	LEC	F	835	1025	120
Winter	10145	ANTH	2815	B01	GRP	F	1035	1125	58
Winter	10146	ANTH	2815	B02	GRP	F	1135	1225	78
Winter	10147	ANTH	2815	B03	GRP	F	1035	1125	42
Winter	10148	ANTH	2815	B04	GRP	F	1135	1225	58
Fall	30160	ANTH	2815	C	LEC	M	1805	2055	133
Fall	30161	ANTH	2850	A	LEC	T	1805	2055	57
Winter	10149	ANTH	2850	B	LEC	F	835	1125	57
Fall	30162	ANTH	2915	A	TUT				
Winter	10150	ANTH	2925	B	TUT				
Fall	30163	ANTH	3005	A	LEC	W	835	1125	51
Fall	30164	ANTH	3007	A	LEC	T	1135	1425	52
Winter	10151	ANTH	3008	B	LEC	T	1135	1425	52
Winter	10152	ANTH	3020	B	LEC	M	1435	1725	78
Fall	30165	ANTH	3027	A	LEC	M	1805	2055	66
Winter	10153	ANTH	3027	B	LEC	W	1135	1425	108
Fall	30166	ANTH	3040	A	LEC	R	1805	2055	66
Winter	10154	ANTH	3045	B	LEC	R	1135	1425	96
Winter	10155	ANTH	3215	B	LEC				
Winter	10156	ANTH	3215	C	LEC	R	1435	1725	27
Winter	10157	ANTH	3215	D	LEC				
Winter	10158	ANTH	3225	D	LEC	F	835	1125	
Fall	30167	ANTH	3570	A	LEC	W	1435	1725	56
Fall	30168	ANTH	3915	A	TUT				
Winter	10159	ANTH	3925	B	TUT				
Winter	10160	ANTH	3950	B	PRC				
Fall	30169	ANTH	3999	A	WRK				
Winter	10161	ANTH	3999	A	WRK				
Fall	30170	ANTH	4020	A	SEM	W	835	1125	27
Fall	30171	ANTH	4050	A	SEM	M	835	1125	27
Fall	30172	ANTH	4100	A	FIE	W	1135	1425	23
Winter	10162	ANTH	4109	B	SEM	T	1135	1425	30
Winter	10163	ANTH	4171	A	CAP	R	1135	1425	31
Fall	30173	ANTH	4205	A	SEM	T	1135	1425	30
Winter	10164	ANTH	4215	B	SEM				
Winter	10165	ANTH	4215	C	SEM				
Winter	10166	ANTH	4225	B	SEM	F	1135	1425	30
Winter	10167	ANTH	4225	D	SEM	T	1435	1725	28
Winter	15472	ANTH	4570	B	SEM	W	835	1125	30
Fall	30174	ANTH	4590	A	SEM	M	1435	1725	30
Winter	10168	ANTH	4590	A	SEM	M	1435	1725	30
Winter	10169	ANTH	4620	B	SEM	W	1435	1725	57
Fall	30175	ANTH	4730	A	SEM	T	1435	1725	40
Winter	10170	ANTH	4730	B	SEM	M	1135	1425	9000
Fall	30176	ANTH	4900	A	RES	M	1435	1725	30
Winter	10171	ANTH	4900	A	RES	M	1435	1725	30
Fall	30177	ANTH	4900	C	RES				
Winter	10172	ANTH	4900	C	RES				
Fall	30178	ANTH	4915	A	TUT				
Winter	10173	ANTH	4925	A	TUT				
Fall	30193	ARAB	1110	A	SEM	F	835	1025	39
Fall	30193	ARAB	1110	A	SEM	TR	835	1125	39
Winter	10192	ARCC	1202	A	LEC	M	835	1125	94
Winter	10193	ARCC	2100	A	LEC	F	835	1125	102
Fall	30194	ARCC	2202	A	LEC	W	1435	1725	189
Fall	30195	ARCC	2203	A	LEC	W	835	1125	133
Fall	30196	ARCC	3202	A	LEC	R	1805	2055	98
Winter	10194	ARCC	3202	B	LEC	F	835	1125	75
Fall	30197	ARCC	3502	A	LEC	T	1135	1425	75
Winter	10195	ARCC	4207	W	LEC	M	1805	2055	30
Winter	10196	ARCC	4500	A	LEC	R	1805	2055	96
Winter	10197	ARCC	4801	A	SEM	MR	1135	1425	15
Fall	30202	ARCH	1000	A	LEC	F	835	1125	9000
Fall	30203	ARCH	2006	A	LEC	F	835	1125	120
Winter	10200	ARCH	2101	A	LEC	F	1135	1425	94
Fall	30204	ARCH	2300	A	LEC	F	835	1125	148
Winter	10201	ARCH	3601	A	LEC	T	1135	1425	75
Winter	10202	ARCH	4002	A	LEC	R	835	1125	134
Fall	30205	ARCH	4105	A	LEC	W	1435	1725	75
Fall	30206	ARCH	4200	A	LEC	T	1135	1425	75
Winter	10203	ARCH	4201	A	LEC	M	835	1125	75
Fall	30207	ARCH	4206	A	LEC	R	835	1125	75
Fall	30208	ARCH	4808	A	IND				
Winter	10204	ARCH	4808	B	IND				
Winter	10218	ARCN	1005	A	LEC	W	1135	1425	96
Winter	10219	ARCN	2105	A	LEC	W	835	1125	108
Winter	10220	ARCN	2105	A1	LAB	W	1135	1425	30
Winter	10221	ARCN	2105	A2	LAB	W	1135	1425	20
Winter	10222	ARCN	2105	A3	LAB	W	1435	1725	30
Winter	10223	ARCN	2105	A4	LAB	W	1435	1725	20
Winter	10224	ARCN	2105	A5	LAB	R	835	1125	30
Winter	10225	ARCN	2105	A6	LAB	R	835	1125	20
Fall	30221	ARCN	2106	A	LEC	W	1435	1725	133
Fall	30222	ARCN	2106	A1	LAB	W	835	1125	30
Fall	30223	ARCN	2106	A2	LAB	W	835	1125	20
Fall	30224	ARCN	2106	A3	LAB	W	1135	1425	30
Fall	30225	ARCN	2106	A4	LAB	W	1135	1425	20
Fall	30226	ARCN	2106	A5	LAB	R	835	1125	30
Fall	30227	ARCN	2106	A6	LAB	R	835	1125	20
Fall	30228	ARCN	3999	A	WRK				
Winter	10226	ARCN	3999	A	WRK				
Fall	30229	ARCN	4100	A	LEC	M	1435	1725	75
Fall	30230	ARCN	4100	A1	LAB	R	1435	1725	35
Fall	30231	ARCN	4100	A2	LAB	F	1135	1425	36
Fall	30232	ARCN	4100	A3	LAB	F	1435	1725	36
Winter	10227	ARCN	4200	A	LEC	W	835	1125	56
Winter	10228	ARCN	4200	A1	LAB	W	1135	1425	35
Winter	10229	ARCN	4200	A2	LAB	W	1435	1725	35
Fall	30237	ARCS	1005	A	STU	MR	1205	1455	105
Winter	10235	ARCS	1105	A	STU	MR	1205	1555	105
Fall	30238	ARCS	2105	A	STU	M	905	1655	65
Fall	30238	ARCS	2105	A	STU	R	1205	1655	65
Fall	30239	ARCS	2105	B	STU	M	905	1655	65
Fall	30239	ARCS	2105	B	STU	R	1205	1655	65
Fall	30240	ARCS	2105	C	STU	M	905	1655	65
Fall	30240	ARCS	2105	C	STU	R	1205	1655	65
Fall	30241	ARCS	2105	D	STU	M	905	1655	65
Fall	30241	ARCS	2105	D	STU	R	1205	1655	65
Fall	30242	ARCS	2105	E	STU				
Winter	10236	ARCS	2106	A	STU	M	905	1655	65
Winter	10236	ARCS	2106	A	STU	R	1205	1655	65
Winter	10237	ARCS	2106	B	STU	M	905	1655	65
Winter	10237	ARCS	2106	B	STU	R	1205	1655	65
Winter	10238	ARCS	2106	C	STU	M	905	1655	65
Winter	10238	ARCS	2106	C	STU	R	1205	1655	65
Winter	10239	ARCS	2106	D	STU	M	905	1655	65
Winter	10239	ARCS	2106	D	STU	R	1205	1655	65
Winter	10240	ARCS	2106	E	STU				
Winter	10241	ARCS	2302	A	STU	MR	1205	1555	14
Fall	30243	ARCS	2303	F	LEC	MR	1205	1555	65
Winter	10242	ARCS	2304	A	STU	MR	1205	1555	65
Fall	30244	ARCS	3105	A	STU	M	905	1655	54
Fall	30244	ARCS	3105	A	STU	R	1205	1655	54
Fall	30245	ARCS	3105	B	STU				
Fall	30246	ARCS	3105	C	STU				
Fall	30247	ARCS	3105	D	STU				
Fall	30248	ARCS	3105	E	STU				
Winter	10243	ARCS	3107	A	STU	MR	1205	1555	25
Winter	10244	ARCS	3107	B	STU	MR	1205	1555	54
Winter	10245	ARCS	3107	C	STU	MR	1205	1555	54
Winter	10246	ARCS	3107	D	STU	MR	1205	1555	54
Winter	10247	ARCS	3107	E	STU				
Fall	30249	ARCS	3301	F	STU	MR	1205	1555	20
Winter	10248	ARCS	3302	W	STU	MR	1205	1555	20
Fall	30250	ARCS	3304	A	STU	MR	1205	1555	15
Winter	10249	ARCS	3306	A	STU	MR	1205	1555	15
Winter	10250	ARCS	3306	B	STU	TF	1205	1555	15
Fall	30251	ARCS	4105	A	STU	F	1205	1655	75
Fall	30251	ARCS	4105	A	STU	T	905	1655	75
Fall	30252	ARCS	4105	B	STU	F	1205	1655	75
Fall	30252	ARCS	4105	B	STU	T	905	1655	75
Fall	30253	ARCS	4105	C	STU	F	1205	1655	75
Fall	30253	ARCS	4105	C	STU	T	905	1655	75
Fall	30254	ARCS	4105	D	STU	F	1205	1655	75
Fall	30254	ARCS	4105	D	STU	T	905	1655	75
Fall	30255	ARCS	4105	E	STU	F	1205	1655	75
Fall	30255	ARCS	4105	E	STU	T	905	1655	75
Fall	30256	ARCS	4105	F	STU	F	1205	1655	75
Fall	30256	ARCS	4105	F	STU	T	905	1655	75
Winter	10251	ARCS	4107	A	STU	TF	1205	1555	75
Winter	10252	ARCS	4107	B	STU	TF	1205	1555	75
Winter	10253	ARCS	4107	C	STU	TF	1205	1555	75
Winter	10254	ARCS	4107	D	STU	TF	1205	1555	75
Winter	10255	ARCS	4107	E	STU	TF	1205	1555	75
Fall	30257	ARCS	4301	A	STU	F	1205	1655	75
Fall	30257	ARCS	4301	A	STU	T	905	1655	75
Fall	30258	ARCS	4301	B	STU	F	1205	1655	75
Fall	30258	ARCS	4301	B	STU	T	905	1655	75
Fall	30259	ARCS	4301	C	STU	F	1205	1655	75
Fall	30259	ARCS	4301	C	STU	T	905	1655	75
Fall	30260	ARCS	4301	D	STU	F	1205	1655	75
Fall	30260	ARCS	4301	D	STU	T	905	1655	75
Fall	30261	ARCS	4301	E	STU	F	1205	1655	75
Fall	30261	ARCS	4301	E	STU	T	905	1655	75
Fall	30262	ARCS	4301	F	STU	F	1205	1655	75
Fall	30262	ARCS	4301	F	STU	T	905	1655	75
Winter	10256	ARCS	4302	A	STU	TF	1205	1555	75
Winter	10257	ARCS	4302	B	STU	TF	1205	1555	75
Winter	10258	ARCS	4302	C	STU	TF	1205	1555	75
Winter	10259	ARCS	4302	D	STU	TF	1205	1555	75
Winter	10260	ARCS	4302	E	STU	TF	1205	1555	75
Winter	10267	ARCU	3100	A	LEC	T	1805	1955	96
Winter	10268	ARCU	3100	A1	TUT	T	1705	1755	35
Winter	10269	ARCU	3100	A2	TUT	T	1705	1755	25
Winter	10270	ARCU	3100	A3	TUT	T	2005	2055	41
Winter	10271	ARCU	3100	A4	TUT	T	1605	1655	25
Winter	10272	ARCU	4103	A	LEC	W	1135	1425	75
Winter	10273	ARCU	4700	A	LEC	T	835	1125	75
Fall	30266	ARCU	4801	A	SEM	W	1435	1725	15
Fall	30267	ARCY	1008	A	LEC	WF	1005	1125	9000
Winter	10274	ARCY	1009	B	LEC	TR	1305	1425	134
Fall	30268	ARTH	1100	A	LEC	W	1235	1425	348
Fall	30269	ARTH	1100	A01	TUT	F	1335	1425	39
Fall	30270	ARTH	1100	A02	TUT	F	1335	1425	40
Fall	30271	ARTH	1100	A03	TUT	F	835	925	32
Fall	30272	ARTH	1100	A04	TUT	F	835	925	52
Fall	30273	ARTH	1100	A05	TUT	W	2005	2055	27
Fall	30274	ARTH	1100	A06	TUT	W	2005	2055	27
Fall	30275	ARTH	1100	A07	TUT	W	1905	1955	27
Fall	30276	ARTH	1100	A08	TUT	W	1905	1955	32
Fall	30277	ARTH	1100	A09	TUT	F	1635	1725	27
Fall	30278	ARTH	1100	A10	TUT	F	1635	1725	32
Winter	10275	ARTH	1101	B	LEC	R	935	1125	386
Winter	10276	ARTH	1101	B01	TUT	F	935	1025	32
Winter	10277	ARTH	1101	B02	TUT	F	935	1025	40
Winter	10278	ARTH	1101	B03	TUT	R	1135	1225	42
Winter	10279	ARTH	1101	B04	TUT	R	1135	1225	40
Winter	10280	ARTH	1101	B05	TUT	M	1805	1855	40
Winter	10281	ARTH	1101	B06	TUT	M	1805	1855	27
Winter	10282	ARTH	1101	B07	TUT	M	1805	1855	27
Winter	10283	ARTH	1101	B08	TUT	R	1905	1955	27
Winter	10284	ARTH	1101	B09	TUT	R	1905	1955	40
Winter	10285	ARTH	1101	B10	TUT	R	1905	1955	32
Fall	30279	ARTH	1200	A	LEC				9000
Fall	30280	ARTH	1200	A01	TUT	F	1335	1425	69
Fall	30281	ARTH	1200	A02	TUT	F	1435	1525	69
Fall	30282	ARTH	1200	A03	TUT	F	1535	1625	69
Fall	30283	ARTH	1200	A04	TUT	R	1435	1525	83
Fall	30284	ARTH	1200	A05	TUT	R	1535	1625	83
Fall	30285	ARTH	1200	A06	TUT	R	1635	1725	83
Winter	10286	ARTH	1201	B	LEC	T	835	1025	386
Winter	10287	ARTH	1201	B01	TUT	W	1435	1525	27
Winter	10288	ARTH	1201	B02	TUT	W	1435	1525	52
Winter	10289	ARTH	1201	B03	TUT	W	1435	1525	32
Winter	10290	ARTH	1201	B04	TUT	W	835	925	27
Winter	10291	ARTH	1201	B05	TUT	W	835	925	27
Winter	10292	ARTH	1201	B06	TUT	W	835	925	32
Winter	10293	ARTH	1201	B07	TUT	W	1805	1855	27
Winter	10294	ARTH	1201	B08	TUT	W	1805	1855	32
Winter	10295	ARTH	1201	B09	TUT	R	1805	1855	40
Winter	10296	ARTH	1201	B10	TUT	R	1805	1855	83
Fall	30286	ARTH	2002	A	LEC	R	835	1125	52
Fall	30287	ARTH	2005	A	LEC	T	1805	2055	9000
Winter	10297	ARTH	2009	B	LEC	R	1135	1425	27
Winter	10298	ARTH	2106	B	LEC	R	1435	1725	52
Fall	30288	ARTH	2107	A	LEC	R	1435	1725	51
Winter	10299	ARTH	2108	B	LEC	WF	1135	1255	52
Winter	10300	ARTH	2300	B	LEC	M	1135	1425	52
Fall	30289	ARTH	2310	A	LEC	TR	1005	1125	9000
Fall	30290	ARTH	2404	A	LEC	M	1805	2055	83
Winter	10301	ARTH	2502	B	LEC	TR	1135	1255	52
Winter	10302	ARTH	2510	B	LEC				9000
Winter	10303	ARTH	2510	B01	GRP	M	1005	1125	40
Winter	10304	ARTH	2510	B02	GRP	W	1605	1725	32
Fall	30291	ARTH	2600	A	LEC	W	1135	1425	83
Winter	10305	ARTH	2601	B	LEC	T	1435	1725	83
Fall	30292	ARTH	2710	A	LEC	W	835	1225	35
Winter	10306	ARTH	3000	B	LEC				
Winter	10307	ARTH	3002	B	LEC	R	835	1125	134
Fall	30293	ARTH	3102	A	LEC	TR	1135	1255	9000
Winter	10308	ARTH	3105	B	LEC	T	1135	1425	94
Winter	10309	ARTH	3107	B	SEM	W	1135	1425	42
Winter	10310	ARTH	3108	B	SEM	T	1435	1725	32
Fall	30294	ARTH	3808	A	LEC	T	1135	1425	27
Fall	30295	ARTH	3809	A	SEM	W	1435	1725	39
Winter	10311	ARTH	3809	B	SEM	R	1335	1725	83
Winter	10312	ARTH	3809	C	LEC	M	1805	2055	32
Winter	10313	ARTH	3809	D	LEC	W	835	1125	40
Fall	30296	ARTH	3810	A	LEC	M	1805	2055	52
Fall	30297	ARTH	3900	A	PRC				
Winter	10314	ARTH	3900	B	PRC				
Fall	30298	ARTH	4000	A	SEM	M	1435	1725	29
Winter	10315	ARTH	4002	B	SEM	R	1435	1725	32
Fall	30299	ARTH	4005	A	SEM	W	1435	1725	39
Fall	30300	ARTH	4610	A	SEM	T	835	1125	40
Fall	30301	ARTH	4800	A	SEM	W	1135	1425	27
Fall	30302	ARTH	4809	A	SEM	R	1135	1425	27
Winter	10316	ARTH	4809	B	SEM	T	1435	1725	27
Winter	10317	ARTH	4809	C	SEM	W	1135	1425	27
Winter	10318	ARTH	4809	D	SEM				
Fall	30303	ARTH	4900	A	IND				
Winter	10319	ARTH	4900	B	IND				
Fall	30304	ARTH	4909	A	IND				
Winter	10320	ARTH	4909	A	IND				
Fall	30314	ASLA	1010	A	SEM	TR	935	1125	69
Fall	30315	ASLA	1010	B	SEM	MW	1435	1625	69
Fall	30316	ASLA	1010	C	SEM	TR	1435	1625	69
Fall	30317	ASLA	1010	D	SEM	TR	1135	1325	69
Fall	30318	ASLA	1010	E	SEM	MW	935	1125	52
Fall	30319	ASLA	1010	F	SEM	TR	1435	1625	48
Fall	30320	ASLA	1010	G	SEM	WF	1135	1325	54
Fall	30321	ASLA	1010	H	SEM	MW	1135	1325	40
Fall	30322	ASLA	1010	I	SEM	TR	1805	1955	55
Fall	30323	ASLA	1010	J	SEM	MW	1805	1955	52
Fall	30324	ASLA	1010	K	SEM	TR	1805	1955	52
Fall	30325	ASLA	1010	L	SEM	MW	1805	1955	52
Winter	10330	ASLA	1010	N	SEM	TR	1435	1625	69
Winter	10331	ASLA	1010	O	SEM	MW	935	1125	69
Winter	10332	ASLA	1010	P	SEM	TR	1135	1325	69
Winter	10333	ASLA	1020	A	SEM	MW	1135	1325	69
Winter	10334	ASLA	1020	B	SEM	TR	1435	1625	40
Winter	10335	ASLA	1020	C	SEM	TR	1135	1325	48
Winter	10336	ASLA	1020	D	SEM	MW	1435	1625	56
Winter	10337	ASLA	1020	E	SEM	MW	1805	1955	69
Winter	10338	ASLA	1020	F	SEM	TR	1805	1955	52
Winter	10339	ASLA	1020	G	SEM	MW	1805	1955	52
Fall	30326	ASLA	2010	A	SEM	MW	935	1125	32
Fall	30327	ASLA	2010	B	SEM	TR	1135	1325	32
Winter	10340	ASLA	2020	A	SEM	MW	1135	1325	32
Winter	10341	ASLA	2020	B	SEM	TR	1135	1325	32
Fall	30328	ASLA	3010	A	SEM	TR	1635	1755	25
Winter	10342	ASLA	3020	A	SEM	TR	1635	1755	40
Fall	30329	ASLA	4010	A	SEM	MW	1135	1255	69
Winter	10343	ASLA	4020	A	SEM	MW	1135	1255	39
Fall	30330	ASLA	4900	A	IND				
Winter	10344	ASLA	4900	A	IND				
Fall	30331	ASLA	4901	A	IND				
Winter	15618	ASLA	4901	A	IND				
Fall	30332	ASLA	4901	B	IND				
Winter	10345	BIOC	1500	A	LEC	M	835	1125	76
Fall	30333	BIOC	2200	A	LEC	MW	1005	1125	348
Fall	30334	BIOC	2200	A01	LAB	M	1335	1725	20
Fall	30335	BIOC	2200	A02	LAB	T	1335	1725	20
Fall	30336	BIOC	2200	A03	LAB	W	1335	1725	20
Fall	30337	BIOC	2200	A04	LAB	R	1335	1725	20
Fall	30338	BIOC	2200	A05	LAB	F	1335	1725	20
Fall	30339	BIOC	2200	A07	LAB	T	835	1225	20
Fall	30340	BIOC	2200	A09	LAB	R	835	1225	20
Fall	30341	BIOC	2200	A10	LAB	F	835	1225	20
Fall	30342	BIOC	2200	A23	LAB	W	1805	2155	20
Fall	30343	BIOC	2200	AE	LAB				
Fall	30344	BIOC	2300	A	LEC	TR	1135	1255	52
Fall	30345	BIOC	2300	A01	TUT	F	1435	1725	58
Fall	30346	BIOC	2400	A	OTH				
Winter	10346	BIOC	2400	A	OTH				
Fall	30347	BIOC	3101	A	LEC	MW	1005	1125	96
Winter	10347	BIOC	3102	A	LEC	MW	835	955	96
Fall	30348	BIOC	3103	A	TUT	M	1135	1225	58
Fall	30349	BIOC	3103	A02	LAB	T	1335	1725	32
Fall	30350	BIOC	3103	A03	LAB	W	1335	1725	32
Fall	30351	BIOC	3103	A04	LAB	R	1135	1525	32
Fall	30352	BIOC	3103	A05	LAB	F	1335	1725	32
Winter	10348	BIOC	3104	A	TUT	T	1335	1425	52
Winter	10349	BIOC	3104	A03	LAB	W	1335	1725	32
Winter	10350	BIOC	3104	A04	LAB	R	1335	1725	32
Winter	10351	BIOC	3104	A05	LAB	F	1335	1725	32
Fall	30353	BIOC	3203	A	LEC				9000
Fall	30354	BIOC	3400	A	OTH				
Winter	10352	BIOC	3400	A	OTH				
Fall	30355	BIOC	3999	A	WRK				
Winter	10353	BIOC	3999	A	WRK				
Winter	10354	BIOC	4001	A	LEC	F	935	1125	25
Winter	10355	BIOC	4001	A01	LAB	M	1335	1725	32
Winter	10356	BIOC	4001	A02	LAB	T	1335	1725	32
Fall	30356	BIOC	4005	A	LEC				
Winter	10357	BIOC	4007	A	LEC				
Winter	10358	BIOC	4008	A	LEC	W	1135	1255	31
Winter	10359	BIOC	4008	A01	WKS	M	1135	1255	48
Fall	30357	BIOC	4009	A	LEC	WF	1005	1125	35
Winter	10360	BIOC	4201	A	TUT	F	835	925	42
Winter	10361	BIOC	4201	A02	LAB	T	1335	1725	25
Winter	10362	BIOC	4201	A04	LAB	R	1335	1725	25
Winter	10363	BIOC	4203	A	LEC	TR	1135	1255	31
Fall	30358	BIOC	4708	A	LEC	TR	1435	1555	78
Fall	30359	BIOC	4901	A	IND				
Fall	30360	BIOC	4901	B	IND				
Winter	10364	BIOC	4901	C	IND				
Winter	10365	BIOC	4901	D	IND				
Fall	30361	BIOC	4907	A	RES				
Winter	10366	BIOC	4907	A	RES				
Fall	30362	BIOC	4907	B	RES				
Winter	10367	BIOC	4907	B	RES				
Fall	30363	BIOC	4907	C	RES				
Winter	10368	BIOC	4907	C	RES				
Fall	30364	BIOC	4907	D	RES				
Fall	30365	BIOC	4908	A	REP				
Winter	10369	BIOC	4908	A	REP				
Fall	30366	BIOC	4908	B	REP				
Winter	10370	BIOC	4908	B	REP				
Fall	30367	BIOC	4908	C	REP				
Winter	10371	BIOC	4908	C	REP				
Fall	30368	BIOC	4908	D	REP				
Fall	30369	BIOL	1010	R	LEC				9000
Fall	30370	BIOL	1103	A	LEC	MW	1135	1255	444
Fall	30371	BIOL	1103	A02	LAB	T	1335	1625	50
Fall	30372	BIOL	1103	A03	LAB	W	1335	1625	50
Fall	30373	BIOL	1103	A04	LAB	R	1335	1625	50
Fall	30374	BIOL	1103	A07	LAB	T	835	1125	50
Fall	30375	BIOL	1103	A08	LAB	W	835	1125	50
Fall	30376	BIOL	1103	A09	LAB	R	835	1125	50
Fall	30377	BIOL	1103	A10	LAB	F	835	1125	50
Fall	30378	BIOL	1103	A12	LAB	T	1335	1625	50
Fall	30379	BIOL	1103	A13	LAB	W	1335	1625	50
Fall	30380	BIOL	1103	A14	LAB	R	1335	1625	50
Fall	30381	BIOL	1103	A17	LAB	T	835	1125	50
Fall	30382	BIOL	1103	A18	LAB	W	835	1125	50
Fall	30383	BIOL	1103	A19	LAB	R	835	1125	50
Fall	30384	BIOL	1103	A20	LAB	F	835	1125	50
Fall	30385	BIOL	1103	AE	LAB				
Fall	30386	BIOL	1103	B	LEC	MW	1635	1755	393
Fall	30387	BIOL	1103	T02	TUT	T	1335	1625	67
Fall	30388	BIOL	1103	T03	TUT	W	1335	1625	67
Fall	30389	BIOL	1103	T04	TUT	R	1335	1625	67
Fall	30390	BIOL	1103	T07	TUT	T	835	1125	67
Fall	30391	BIOL	1103	T08	TUT	W	835	1125	67
Fall	30392	BIOL	1103	T09	TUT	R	835	1125	67
Fall	30393	BIOL	1103	T10	TUT	F	835	1125	67
Winter	10372	BIOL	1104	A	LEC	TR	1635	1755	331
Winter	10373	BIOL	1104	A02	LAB	T	1335	1625	50
Winter	10374	BIOL	1104	A03	LAB	W	1335	1625	50
Winter	10375	BIOL	1104	A04	LAB	R	1335	1625	50
Winter	10376	BIOL	1104	A07	LAB	T	835	1125	50
Winter	10377	BIOL	1104	A08	LAB	W	835	1125	50
Winter	10378	BIOL	1104	A09	LAB	R	835	1125	50
Winter	10379	BIOL	1104	A12	LAB	T	1335	1625	50
Winter	10380	BIOL	1104	A13	LAB	W	1335	1625	50
Winter	10381	BIOL	1104	A14	LAB	R	1335	1625	50
Winter	10382	BIOL	1104	A17	LAB	T	835	1125	50
Winter	10383	BIOL	1104	A18	LAB	W	835	1125	50
Winter	10384	BIOL	1104	A19	LAB	R	835	1125	50
Winter	10385	BIOL	1104	AE	LAB				
Winter	10386	BIOL	1104	B	LEC	MW	1135	1255	393
Winter	10387	BIOL	1104	C02	LAB	T	1335	1625	30
Winter	10388	BIOL	1104	C03	LAB	W	1335	1625	30
Winter	10389	BIOL	1104	C04	LAB	R	1335	1625	30
Winter	10390	BIOL	1104	C07	LAB	T	835	1125	30
Winter	10391	BIOL	1104	C08	LAB	W	835	1125	30
Winter	10392	BIOL	1104	C09	LAB	R	835	1125	30
Winter	10393	BIOL	1104	T02	TUT	T	1335	1625	48
Winter	10394	BIOL	1104	T03	TUT	W	1335	1625	48
Winter	10395	BIOL	1104	T04	TUT	R	1335	1625	48
Winter	10396	BIOL	1104	T07	TUT	T	835	1125	48
Winter	10397	BIOL	1104	T08	TUT	W	835	1125	48
Winter	10398	BIOL	1104	T09	TUT	R	835	1125	48
Fall	30394	BIOL	1105	A	LEC	M	1435	1555	236
Fall	30395	BIOL	1902	R	LEC				9000
Winter	10399	BIOL	1902	W	LEC				9000
Winter	10400	BIOL	2001	A	LEC	MW	835	955	348
Winter	10401	BIOL	2001	A01	LAB	M	1335	1625	50
Winter	10402	BIOL	2001	A02	LAB	T	1335	1625	50
Winter	10403	BIOL	2001	A03	LAB	W	1335	1625	50
Winter	10404	BIOL	2001	A04	LAB	R	1335	1625	50
Winter	10405	BIOL	2001	A05	LAB	F	1335	1625	50
Winter	10406	BIOL	2001	A11	LAB	M	1335	1625	50
Winter	10407	BIOL	2001	A12	LAB	T	1335	1625	50
Winter	10408	BIOL	2001	A13	LAB	W	1335	1625	50
Winter	10409	BIOL	2001	A14	LAB	R	1335	1625	50
Winter	10410	BIOL	2001	A15	LAB	F	1335	1625	50
Fall	30396	BIOL	2002	A	LEC	MW	835	955	285
Fall	30397	BIOL	2002	A01	LAB	M	1335	1625	20
Fall	30398	BIOL	2002	A02	LAB	T	1335	1625	20
Fall	30399	BIOL	2002	A03	LAB	W	1335	1625	20
Fall	30400	BIOL	2002	A04	LAB	R	1335	1625	20
Fall	30401	BIOL	2002	A07	LAB	T	835	1125	20
Fall	30402	BIOL	2002	A09	LAB	R	835	1125	20
Fall	30403	BIOL	2005	A	LEC	T	1805	2055	133
Winter	10411	BIOL	2104	A	LEC	MW	1005	1125	386
Winter	10412	BIOL	2104	A02	LAB	T	1335	1625	50
Winter	10413	BIOL	2104	A03	LAB	W	1335	1625	50
Winter	10414	BIOL	2104	A04	LAB	R	1335	1625	50
Winter	10415	BIOL	2104	A05	LAB	F	1335	1625	50
Winter	10416	BIOL	2104	A10	LAB	F	835	1125	50
Winter	10417	BIOL	2104	A11	LAB	M	1335	1625	50
Winter	10418	BIOL	2104	A12	LAB	T	1335	1625	50
Winter	10419	BIOL	2104	A13	LAB	W	1335	1625	50
Winter	10420	BIOL	2104	A14	LAB	R	1335	1625	50
Winter	10421	BIOL	2104	A15	LAB	F	1335	1625	50
Winter	10422	BIOL	2104	T01	TUT	M	1335	1625	31
Winter	10423	BIOL	2104	T02	TUT	T	1335	1625	31
Winter	10424	BIOL	2104	T03	TUT	W	1335	1625	31
Winter	10425	BIOL	2104	T04	TUT	R	1335	1625	31
Winter	10426	BIOL	2104	T05	TUT	F	1335	1625	31
Winter	10427	BIOL	2104	T10	TUT	F	835	1125	31
Winter	10428	BIOL	2107	A	LEC	TR	1005	1125	285
Fall	30404	BIOL	2200	A	LEC	MW	1005	1125	348
Fall	30405	BIOL	2200	A01	LAB	M	1335	1725	20
Fall	30406	BIOL	2200	A02	LAB	T	1335	1725	20
Fall	30407	BIOL	2200	A03	LAB	W	1335	1725	20
Fall	30408	BIOL	2200	A04	LAB	R	1335	1725	20
Fall	30409	BIOL	2200	A05	LAB	F	1335	1725	20
Fall	30410	BIOL	2200	A07	LAB	T	835	1225	20
Fall	30411	BIOL	2200	A09	LAB	R	835	1225	20
Fall	30412	BIOL	2200	A10	LAB	F	835	1225	20
Fall	30413	BIOL	2200	A23	LAB	W	1805	2155	20
Fall	30414	BIOL	2200	AE	LAB				
Fall	30415	BIOL	2201	A	LEC	W	1805	2055	192
Fall	30416	BIOL	2301	A	LEC	T	1435	1555	78
Fall	30417	BIOL	2301	A01	WKS	F	835	1025	52
Fall	30418	BIOL	2301	A02	WKS				
Winter	10429	BIOL	2303	A	LEC	TR	835	955	348
Fall	30419	BIOL	2600	A	LEC	TR	1135	1255	133
Fall	30420	BIOL	2600	A02	LAB	T	1335	1725	30
Fall	30421	BIOL	2600	A03	LAB	W	1335	1725	30
Fall	30422	BIOL	2600	A04	LAB	R	1335	1725	30
Fall	30423	BIOL	2600	A05	LAB	F	1335	1725	30
Fall	30424	BIOL	2600	T02	TUT	T	1335	1725	48
Fall	30425	BIOL	2600	T03	TUT	W	1335	1725	48
Fall	30426	BIOL	2600	T04	TUT	R	1335	1725	48
Fall	30427	BIOL	2600	T05	TUT	F	1335	1725	48
Winter	10430	BIOL	2903	W	LEC				9000
Fall	30428	BIOL	3004	A	LEC	WF	1305	1425	66
Fall	30429	BIOL	3004	T	LEC	WF	1305	1425	50
Winter	10431	BIOL	3008	A	LEC	F	935	1125	79
Winter	10432	BIOL	3008	A01	WKS	F	1135	1425	66
Fall	30430	BIOL	3102	A	LEC	TR	1135	1255	80
Fall	30431	BIOL	3104	A	LEC	WF	1135	1255	192
Winter	10433	BIOL	3111	A	LEC	F	935	1125	78
Winter	10434	BIOL	3111	A01	LAB	T	835	1125	24
Fall	30432	BIOL	3112	A	LEC	M	1135	1325	78
Fall	30433	BIOL	3112	A01	LAB	F	835	1125	24
Fall	30434	BIOL	3201	A	LEC	TR	835	955	78
Fall	30435	BIOL	3201	A02	LAB	T	1335	1725	25
Fall	30436	BIOL	3201	A03	LAB	W	1335	1725	25
Fall	30437	BIOL	3201	A04	LAB	R	1335	1725	25
Winter	10435	BIOL	3202	A	LEC	TR	835	955	96
Winter	10436	BIOL	3205	A	LEC	MW	1135	1255	48
Winter	10437	BIOL	3205	A01	LAB	M	1335	1725	20
Winter	10438	BIOL	3205	A02	LAB	T	1335	1725	20
Winter	10439	BIOL	3205	A03	LAB	W	1335	1725	20
Fall	30438	BIOL	3301	A	LEC	WF	835	955	48
Fall	30439	BIOL	3303	A	LEC	T	1005	1125	51
Fall	30440	BIOL	3303	A02	LAB	T	1335	1725	50
Fall	30441	BIOL	3303	A03	LAB	W	1335	1725	50
Fall	30442	BIOL	3303	A04	LAB	R	1335	1725	50
Fall	30443	BIOL	3305	A	LEC	MW	835	955	96
Fall	30444	BIOL	3305	A01	LAB	M	1335	1725	50
Fall	30445	BIOL	3305	A02	LAB	T	1335	1725	50
Fall	30446	BIOL	3305	A03	LAB	W	1335	1725	50
Fall	30447	BIOL	3305	A04	LAB	R	1335	1725	50
Fall	30448	BIOL	3305	A05	LAB	F	1335	1725	50
Fall	30449	BIOL	3306	A	LEC	M	1805	2055	204
Winter	10440	BIOL	3307	A	LEC	TR	1135	1255	192
Winter	10441	BIOL	3307	A01	LAB	M	1335	1725	20
Winter	10442	BIOL	3307	A02	LAB	T	1335	1725	20
Winter	10443	BIOL	3307	A03	LAB	W	1335	1725	20
Winter	10444	BIOL	3307	A04	LAB	R	1335	1725	20
Winter	10445	BIOL	3307	A05	LAB	F	1335	1725	20
Winter	10446	BIOL	3307	A08	LAB	W	835	1225	20
Winter	10447	BIOL	3307	A10	LAB	F	835	1225	20
Winter	10448	BIOL	3601	A	LEC	WF	1435	1555	66
Winter	10449	BIOL	3601	A01	LAB	M	1335	1725	30
Winter	10450	BIOL	3601	A04	LAB	R	1335	1725	20
Fall	30450	BIOL	3602	A	LEC	MW	1135	1255	58
Fall	30451	BIOL	3602	A01	WKS	R	1435	1725	52
Fall	30452	BIOL	3604	A	LEC	M	935	1125	52
Fall	30453	BIOL	3604	A01	LAB	T	1135	1325	48
Fall	30454	BIOL	3605	A	FIE				
Winter	10451	BIOL	3605	B	FIE				
Fall	30455	BIOL	3606	A	FIE				
Winter	10452	BIOL	3606	B	FIE				
Winter	10453	BIOL	3609	A	LEC	TR	1605	1725	92
Fall	30456	BIOL	3611	A	LEC	TR	1135	1255	40
Fall	30457	BIOL	3612	A	LEC	T	835	1025	27
Fall	30458	BIOL	3612	A01	WKS	W	1435	1725	25
Winter	10454	BIOL	3802	A	LEC	M	1805	2055	115
Winter	10455	BIOL	3804	A	LEC	MW	1605	1725	69
Fall	30459	BIOL	3901	A	REP				
Winter	10456	BIOL	3901	B	REP				
Fall	30460	BIOL	3902	A	LEC	MW	1005	1125	56
Fall	30461	BIOL	3999	A	WRK				
Winter	10457	BIOL	3999	A	WRK				
Fall	30462	BIOL	4008	A	LEC	MW	1305	1425	29
Fall	30463	BIOL	4103	A	LEC	TR	835	955	42
Winter	10458	BIOL	4104	A	LEC	MW	1005	1125	52
Fall	30464	BIOL	4106	A	LEC	W	1435	1725	40
Winter	10459	BIOL	4109	A	LEC	T	1005	1125	30
Winter	10460	BIOL	4109	A03	LAB	W	1335	1725	30
Winter	10461	BIOL	4109	A05	LAB	F	1335	1725	30
Winter	10462	BIOL	4200	A	LEC	F	1135	1425	40
Winter	10463	BIOL	4201	A	TUT	F	835	925	42
Winter	10464	BIOL	4201	A02	LAB	T	1335	1725	25
Winter	10465	BIOL	4201	A04	LAB	R	1335	1725	25
Fall	30465	BIOL	4203	A	LEC	W	835	1125	40
Winter	10466	BIOL	4206	A	LEC	TR	1135	1255	57
Fall	30466	BIOL	4207	A	TUT	T	835	925	31
Fall	30467	BIOL	4207	A09	LAB	R	835	1225	25
Fall	30468	BIOL	4300	A	LEC	F	1135	1325	40
Fall	30469	BIOL	4300	A01	TUT	M	935	1025	40
Winter	10467	BIOL	4301	A	LEC	R	835	1125	25
Winter	10468	BIOL	4301	A01	TUT	T	835	925	27
Winter	10469	BIOL	4303	A	LEC	M	1135	1425	36
Winter	10470	BIOL	4304	A	LEC	R	1805	2055	78
Winter	10471	BIOL	4309	A	LEC	MW	1005	1125	51
Winter	10472	BIOL	4309	A01	WKS	R	1435	1725	32
Winter	10473	BIOL	4309	A03	WKS	F	1435	1725	32
Winter	10474	BIOL	4317	A	LEC	MW	1305	1425	40
Fall	30470	BIOL	4318	A	LEC				
Winter	10475	BIOL	4501	A	LAB				
Fall	30471	BIOL	4503	A	LEC	T	1235	1425	57
Fall	30472	BIOL	4503	A01	WKS	T	1435	1625	57
Winter	10476	BIOL	4603	A	LEC				
Winter	10477	BIOL	4603	A01	LAB	F	835	1225	50
Winter	10478	BIOL	4604	A	WKS	F	835	1125	66
Fall	30473	BIOL	4802	A	LEC	M	1805	2055	42
Winter	10479	BIOL	4810	A	SEM	T	1435	1725	58
Fall	30474	BIOL	4901	A	DIR				
Winter	10480	BIOL	4901	A	DIR				
Fall	30475	BIOL	4901	B	DIR				
Winter	10481	BIOL	4901	B	DIR				
Fall	35837	BIOL	4902	A	LEC	M	1435	1725	42
Winter	15553	BIOL	4902	B	LEC	TR	1005	1125	50
Winter	15690	BIOL	4902	C	SEM				
Winter	15692	BIOL	4902	D	LEC	T	1805	2055	
Winter	15694	BIOL	4902	E	SEM				
Fall	30476	BIOL	4905	A	WKS	M	1435	1725	108
Winter	10482	BIOL	4905	A	WKS	M	1435	1725	50
Fall	30477	BIOL	4907	A	RES				
Winter	10483	BIOL	4907	A	RES				
Fall	30478	BIOL	4907	B	RES				
Winter	10484	BIOL	4907	B	RES				
Fall	30479	BIOL	4907	C	RES				
Winter	10485	BIOL	4907	C	RES				
Fall	30480	BIOL	4907	D	RES				
Fall	30481	BIOL	4908	A	REP				
Winter	10486	BIOL	4908	A	REP				
Fall	30482	BIOL	4908	B	REP				
Winter	10487	BIOL	4908	B	REP				
Fall	30483	BIOL	4908	C	REP				
Winter	10488	BIOL	4908	C	REP				
Fall	30484	BIOL	4908	D	REP				
Fall	30507	BIT	1000	A	LEC	MW	1005	1125	94
Fall	30508	BIT	1000	A1	TUT	W	1135	1225	48
Fall	30509	BIT	1000	A2	TUT	W	1135	1225	115
Winter	10511	BIT	1001	A	LEC	MW	1135	1255	98
Winter	10512	BIT	1001	A1	TUT	M	935	1025	58
Winter	10513	BIT	1001	A2	TUT	W	935	1025	52
Winter	10514	BIT	1002	B	LEC	MW	1005	1125	77
Winter	10515	BIT	1002	B1	LAB	F	1435	1725	70
Winter	10516	BIT	1006	A	LEC	R	1205	1355	30
Winter	10517	BIT	1006	B	LEC	R	1205	1355	60
Winter	10518	BIT	1007	A	LEC	MW	1435	1555	204
Winter	10519	BIT	1007	A1	LAB	F	1135	1425	70
Winter	10520	BIT	1007	A2	LAB	M	835	1125	70
Fall	30510	BIT	1100	A	LEC	MW	835	955	77
Fall	30511	BIT	1100	A1	TUT	M	1035	1125	96
Fall	30512	BIT	1100	A2	TUT	W	1035	1125	98
Fall	30513	BIT	1101	A	LEC	TR	835	955	77
Fall	30514	BIT	1101	A1	TUT	F	1235	1325	77
Fall	30515	BIT	1101	A2	TUT	F	1335	1425	77
Fall	30516	BIT	1200	A	LEC	MW	1005	1125	236
Fall	30517	BIT	1200	A1	TUT	M	1435	1525	58
Winter	10521	BIT	1201	A	LEC	MW	1135	1255	108
Winter	10522	BIT	1201	A1	TUT	M	1335	1425	56
Fall	30518	BIT	1203	A	LEC	MW	835	955	386
Fall	30519	BIT	1203	A1	LAB	F	1435	1725	70
Winter	10523	BIT	1204	A	LEC	WF	1005	1125	48
Winter	10524	BIT	1204	A1	LAB	M	1435	1725	70
Fall	30520	BIT	1400	A	LEC	MW	1305	1425	148
Fall	30521	BIT	1400	A1	LAB	M	1435	1725	120
Fall	30522	BIT	1400	A2	LAB	W	1435	1725	120
Fall	30523	BIT	1400	A3	LAB	F	1135	1425	60
Winter	10525	BIT	1400	B	LEC	MW	1305	1425	108
Winter	10526	BIT	1400	B1	LAB	M	1435	1725	120
Winter	10527	BIT	1400	B2	LAB	W	835	1125	120
Winter	10528	BIT	2000	A	LEC	WF	1005	1125	151
Winter	10529	BIT	2000	A1	LAB	W	1235	1325	25
Winter	10530	BIT	2000	A2	LAB	W	1335	1425	25
Winter	10531	BIT	2000	A3	LAB	F	1135	1225	25
Winter	10532	BIT	2000	A4	LAB	F	1235	1325	25
Winter	10533	BIT	2000	A5	LAB	F	1335	1425	25
Winter	10534	BIT	2000	A6	LAB	M	1135	1225	25
Fall	30524	BIT	2001	A	LEC	T	1135	1425	76
Winter	10535	BIT	2001	B	LEC	R	1435	1725	77
Winter	10536	BIT	2002	B	LEC	T	1435	1725	77
Winter	10537	BIT	2006	A	LEC	M	805	1055	76
Winter	10538	BIT	2006	B	LEC	M	805	1055	60
Winter	10539	BIT	2006	C	LEC	M	1105	1355	76
Winter	10540	BIT	2006	D	LEC	M	1105	1355	60
Fall	30525	BIT	2008	A	LEC	TR	1305	1425	444
Fall	30526	BIT	2008	A1	LAB	T	1435	1625	120
Fall	30527	BIT	2008	A2	LAB	R	1435	1625	120
Winter	10541	BIT	2009	A	LEC	TR	1005	1125	115
Winter	10542	BIT	2009	A1	LAB	T	1235	1325	25
Winter	10543	BIT	2009	A2	LAB	T	1335	1425	25
Winter	10544	BIT	2009	A3	LAB	R	1235	1325	25
Winter	10545	BIT	2009	A4	LAB	R	1335	1425	25
Winter	10546	BIT	2009	A5	LAB	T	1435	1525	25
Fall	30528	BIT	2010	A	LEC	R	1135	1425	78
Fall	30529	BIT	2010	A1	TUT	R	1535	1625	56
Fall	30530	BIT	2400	A	LEC	TR	1005	1125	120
Fall	30531	BIT	2400	A1	LAB	F	1135	1425	120
Fall	30532	BIT	2400	A2	LAB	F	1435	1725	120
Winter	10547	BIT	2400	B	LEC	WF	1605	1725	204
Winter	10548	BIT	2400	B1	LAB	F	835	1125	120
Winter	10549	BIT	2400	B2	LAB	F	1135	1425	120
Fall	30533	BIT	3999	A	WRK				
Winter	10550	BIT	3999	A	WRK				
Fall	30534	BIT	4000	A	IND				
Winter	10551	BIT	4000	B	IND				
Fall	30547	BUSI	1001	R	LEC				9000
Winter	10561	BUSI	1001	R	LEC				9000
Fall	30548	BUSI	1002	R	LEC				9000
Winter	10562	BUSI	1002	R	LEC				9000
Fall	30549	BUSI	1003	A	LEC	W	1435	1725	151
Winter	10563	BUSI	1003	B	LEC	W	1805	2055	192
Fall	30550	BUSI	1004	A	LEC	TR	1135	1255	92
Fall	30551	BUSI	1004	A1	TUT	F	1435	1525	35
Fall	30552	BUSI	1004	A2	TUT	R	1435	1525	56
Fall	30553	BUSI	1004	A3	TUT	W	1335	1425	54
Winter	10564	BUSI	1004	B	LEC	TR	835	955	92
Winter	10565	BUSI	1004	C	LEC	TR	1005	1125	92
Winter	10566	BUSI	1004	D	LEC	WF	1435	1555	108
Winter	10567	BUSI	1004	E	LEC	WF	1605	1725	108
Winter	10568	BUSI	1004	F	LEC				
Winter	10569	BUSI	1004	G	LEC	MW	1005	1125	92
Winter	10570	BUSI	1004	T01	TUT	M	1635	1725	108
Winter	10571	BUSI	1004	T02	TUT	F	1035	1125	41
Winter	10572	BUSI	1004	T03	TUT	F	935	1025	41
Winter	10573	BUSI	1004	T04	TUT	W	1135	1225	41
Winter	10574	BUSI	1004	T05	TUT	F	1135	1225	42
Winter	10575	BUSI	1004	T06	TUT	M	1235	1325	48
Winter	10576	BUSI	1004	T07	TUT	W	1335	1425	30
Winter	10577	BUSI	1004	T08	TUT	R	1435	1525	34
Winter	10578	BUSI	1004	T09	TUT	F	1235	1325	40
Winter	10579	BUSI	1004	T10	TUT	T	1335	1425	30
Winter	10580	BUSI	1004	T11	TUT	M	1435	1525	31
Winter	10581	BUSI	1004	T12	TUT	M	1335	1425	34
Winter	10582	BUSI	1004	T13	TUT	T	1135	1225	32
Winter	10583	BUSI	1004	T14	TUT	M	1535	1625	31
Winter	10584	BUSI	1004	T15	TUT	R	1135	1225	40
Winter	10585	BUSI	1004	T16	TUT				
Winter	10586	BUSI	1004	T17	TUT				
Winter	10587	BUSI	1004	T18	TUT				
Winter	10588	BUSI	1004	Y	LEC				
Winter	10589	BUSI	1004	Z	LEC				
Fall	30554	BUSI	1005	A	LEC	M	935	1125	189
Fall	30555	BUSI	1005	A01	TUT	T	1135	1225	52
Fall	30556	BUSI	1005	A02	TUT	R	1635	1725	40
Fall	30557	BUSI	1005	A03	TUT	W	1135	1225	58
Fall	30558	BUSI	1005	A04	TUT	W	1635	1725	96
Fall	30559	BUSI	1005	A05	TUT	W	835	925	42
Fall	30560	BUSI	1005	A06	TUT	W	1335	1425	42
Fall	30561	BUSI	1005	A07	TUT	W	1035	1125	58
Fall	30562	BUSI	1005	A08	TUT	T	1635	1725	42
Fall	30563	BUSI	1005	A09	TUT	T	835	925	42
Fall	30564	BUSI	1005	A10	TUT	T	935	1025	9000
Fall	30565	BUSI	1005	A11	TUT	T	1335	1425	9000
Fall	30566	BUSI	1005	A12	TUT	T	1035	1125	42
Winter	10590	BUSI	1005	B	LEC	M	835	1125	134
Winter	10591	BUSI	1005	B01	TUT	W	835	925	23
Winter	10592	BUSI	1005	B02	TUT	W	1435	1525	31
Winter	10593	BUSI	1005	B03	TUT	T	835	925	23
Winter	10594	BUSI	1005	B04	TUT	W	1535	1625	52
Winter	10595	BUSI	1005	B05	TUT	T	1535	1625	23
Winter	10596	BUSI	1005	B06	TUT	T	1435	1525	23
Winter	10597	BUSI	1005	B07	TUT	T	1235	1325	23
Fall	30567	BUSI	1401	A	LEC	R	835	1125	94
Fall	30568	BUSI	1401	B	LEC	W	1435	1725	92
Fall	30569	BUSI	1401	C	LEC	F	1435	1725	108
Fall	30570	BUSI	1401	D	LEC	M	835	1125	92
Winter	10598	BUSI	1401	E	LEC	R	1135	1425	108
Winter	10599	BUSI	1401	F	LEC	R	835	1125	108
Winter	10600	BUSI	1401	G	LEC	F	835	1125	236
Winter	10601	BUSI	1401	H	LEC	F	1435	1725	236
Fall	30571	BUSI	1401	Y	LEC				
Fall	30572	BUSI	1401	Z	LEC				
Winter	10602	BUSI	1402	A	LEC	M	1805	2055	189
Fall	30573	BUSI	1701	A	LEC	F	835	1125	92
Fall	30574	BUSI	1701	A01	TUT	R	1635	1725	108
Fall	30575	BUSI	1800	A	LEC	T	935	1125	386
Fall	30576	BUSI	1800	A01	TUT	R	1135	1225	20
Fall	30577	BUSI	1800	A02	TUT	F	1135	1225	35
Fall	30578	BUSI	1800	A03	TUT	T	1335	1425	52
Fall	30579	BUSI	1800	A04	TUT	W	1635	1725	36
Fall	30580	BUSI	1800	A05	TUT	W	1035	1125	26
Fall	30581	BUSI	1800	A06	TUT	R	1335	1425	32
Fall	30582	BUSI	1800	A07	TUT	W	835	925	23
Fall	30583	BUSI	1800	A08	TUT	W	1535	1625	57
Fall	30584	BUSI	1800	A09	TUT	R	935	1025	40
Fall	30585	BUSI	1800	A10	TUT	T	1635	1725	42
Fall	30586	BUSI	1800	A11	TUT				
Fall	30587	BUSI	1800	A12	TUT				
Fall	30588	BUSI	1800	A13	TUT				
Fall	30589	BUSI	1800	A14	TUT				
Fall	30590	BUSI	1800	A15	TUT				
Fall	30591	BUSI	1800	A16	TUT				
Fall	30592	BUSI	1800	A17	TUT				
Fall	30593	BUSI	1800	A18	TUT				
Fall	30594	BUSI	1800	A19	TUT				
Fall	30595	BUSI	1800	A20	TUT				
Fall	30596	BUSI	1800	B	LEC	T	1135	1325	386
Fall	30597	BUSI	1800	B01	TUT	F	1135	1225	58
Fall	30598	BUSI	1800	B02	TUT	R	1235	1325	40
Fall	30599	BUSI	1800	B03	TUT	R	1035	1125	42
Fall	30600	BUSI	1800	B04	TUT	W	935	1025	41
Fall	30601	BUSI	1800	B05	TUT	W	1435	1525	58
Fall	30602	BUSI	1800	B06	TUT	R	1635	1725	30
Fall	30603	BUSI	1800	B07	TUT				
Fall	30604	BUSI	1800	B08	TUT				
Fall	30605	BUSI	1800	B09	TUT	W	1235	1325	48
Fall	30606	BUSI	1800	B10	TUT	F	1235	1325	40
Fall	30607	BUSI	1800	B11	TUT	T	1535	1625	52
Fall	30608	BUSI	1800	B12	TUT	R	1535	1625	52
Fall	30609	BUSI	1800	B13	TUT				
Fall	30610	BUSI	1800	B14	TUT				
Fall	30611	BUSI	1800	B15	TUT				
Fall	30612	BUSI	1800	B16	TUT				
Fall	30613	BUSI	1800	B17	TUT				
Fall	30614	BUSI	1800	B18	TUT				
Fall	30615	BUSI	1800	B19	TUT				
Fall	30616	BUSI	1800	B20	TUT				
Fall	30617	BUSI	1800	C	LEC	W	935	1125	9000
Fall	30618	BUSI	1800	C01	TUT	R	1235	1325	26
Fall	30619	BUSI	1800	C02	TUT	R	1435	1525	52
Fall	30620	BUSI	1800	C03	TUT	W	1635	1725	27
Fall	30621	BUSI	1800	C04	TUT	R	1135	1225	58
Fall	30622	BUSI	1800	C05	TUT	W	1135	1225	32
Fall	30623	BUSI	1800	C06	TUT	W	1335	1425	25
Fall	30624	BUSI	1800	C07	TUT	F	1135	1225	57
Fall	30625	BUSI	1800	C08	TUT	R	1335	1425	108
Fall	30626	BUSI	1800	C09	TUT				
Fall	30627	BUSI	1800	C10	TUT	R	1635	1725	42
Fall	30628	BUSI	1800	C11	TUT	W	1235	1325	32
Fall	30629	BUSI	1800	C12	TUT				
Fall	30630	BUSI	1800	C13	TUT				
Fall	30631	BUSI	1800	C14	TUT				
Fall	30632	BUSI	1800	C15	TUT				
Winter	10603	BUSI	1800	D	LEC	R	935	1125	444
Winter	10604	BUSI	1800	D01	TUT	W	1235	1325	40
Winter	10605	BUSI	1800	D02	TUT	R	835	925	31
Winter	10606	BUSI	1800	D03	TUT	R	1435	1525	27
Winter	10607	BUSI	1800	D04	TUT	R	1335	1425	28
Winter	10608	BUSI	1800	D05	TUT	R	1535	1625	25
Winter	10609	BUSI	1800	D06	TUT	R	1235	1325	28
Winter	10610	BUSI	1800	D07	TUT	W	1635	1725	54
Winter	10611	BUSI	1800	D08	TUT				
Winter	10612	BUSI	1800	D09	TUT	W	1035	1125	30
Winter	10613	BUSI	1800	D10	TUT	F	1235	1325	28
Winter	10614	BUSI	1800	D11	TUT	F	1035	1125	31
Winter	10615	BUSI	1800	D12	TUT				
Winter	10616	BUSI	1800	D13	TUT				
Winter	10617	BUSI	1800	D14	TUT				
Winter	10618	BUSI	1800	D15	TUT				
Fall	30633	BUSI	1800	Y	LEC				
Fall	30634	BUSI	1800	Z	LEC				
Fall	30635	BUSI	1995	A	OTH				
Winter	10619	BUSI	1995	B	OTH				
Fall	30636	BUSI	1996	A	OTH				
Winter	10620	BUSI	1996	B	OTH				
Winter	10621	BUSI	1997	A	OTH				
Fall	30637	BUSI	2001	A	LEC	F	1135	1425	78
Winter	10622	BUSI	2001	B	LEC	W	1135	1425	78
Fall	30638	BUSI	2001	R	LEC				9000
Fall	30639	BUSI	2002	A	LEC	W	1135	1425	80
Winter	10623	BUSI	2002	B	LEC	T	1805	2055	92
Winter	10624	BUSI	2005	R	LEC				9000
Fall	30640	BUSI	2101	A	LEC	M	1435	1725	285
Fall	30641	BUSI	2101	A01	TUT	F	1005	1125	58
Fall	30642	BUSI	2101	A02	TUT	T	1605	1725	58
Fall	30643	BUSI	2101	A03	TUT	W	1305	1425	56
Fall	30644	BUSI	2101	A04	TUT	F	1305	1425	28
Fall	30645	BUSI	2101	A05	TUT	F	1135	1255	28
Fall	30646	BUSI	2101	A06	TUT	W	1135	1255	31
Fall	30647	BUSI	2101	A07	TUT	W	835	955	58
Fall	30648	BUSI	2101	A08	TUT	W	1435	1555	25
Fall	30649	BUSI	2101	A09	TUT	W	1605	1725	25
Fall	30650	BUSI	2101	A10	TUT	R	1435	1555	28
Fall	30651	BUSI	2101	A11	TUT	T	1435	1555	58
Fall	30652	BUSI	2101	A12	TUT	W	1005	1125	58
Winter	10625	BUSI	2101	B	LEC	M	1435	1725	348
Winter	10626	BUSI	2101	B01	TUT	W	1005	1125	58
Winter	10627	BUSI	2101	B02	TUT	W	1135	1255	58
Winter	10628	BUSI	2101	B03	TUT	F	1305	1425	58
Winter	10629	BUSI	2101	B04	TUT	T	1305	1425	58
Winter	10630	BUSI	2101	B05	TUT	W	835	955	58
Winter	10631	BUSI	2101	B06	TUT	F	1005	1125	58
Winter	10632	BUSI	2101	B07	TUT	W	1305	1425	58
Winter	10633	BUSI	2101	B08	TUT	R	1435	1555	58
Winter	10634	BUSI	2101	B09	TUT	F	1135	1255	58
Winter	10635	BUSI	2101	B10	TUT	T	1135	1255	28
Winter	10636	BUSI	2101	B11	TUT	T	1435	1555	58
Winter	10637	BUSI	2101	B12	TUT	T	1605	1725	56
Fall	30653	BUSI	2121	A	LEC	T	1805	2055	192
Winter	10638	BUSI	2121	B	LEC	F	835	1125	204
Fall	30654	BUSI	2204	A	LEC	M	1435	1725	331
Winter	10639	BUSI	2204	B	LEC	M	1805	2055	192
Fall	30655	BUSI	2208	A	LEC	F	835	1125	108
Fall	30656	BUSI	2208	B	LEC	W	835	1125	80
Fall	30657	BUSI	2208	C	LEC	T	835	1125	92
Winter	10640	BUSI	2208	E	LEC	R	1135	1425	92
Winter	10641	BUSI	2208	F	LEC	F	1135	1425	92
Winter	10642	BUSI	2208	G	LEC	T	835	1125	80
Fall	30658	BUSI	2301	A	LEC	M	1135	1425	108
Fall	30659	BUSI	2301	B	LEC	W	1805	2055	108
Fall	30660	BUSI	2301	C	LEC	R	835	1125	108
Winter	10643	BUSI	2301	E	LEC	T	835	1125	108
Winter	10644	BUSI	2301	F	LEC	R	835	1125	96
Winter	10645	BUSI	2301	G	LEC	TR	1305	1425	80
Fall	30661	BUSI	2401	A	LEC	W	835	1125	108
Fall	30662	BUSI	2401	B	LEC	T	1135	1425	108
Fall	30663	BUSI	2401	C	LEC	F	835	1125	189
Winter	10646	BUSI	2401	E	LEC	W	1135	1425	92
Winter	10647	BUSI	2401	F	LEC	W	1435	1725	80
Winter	10648	BUSI	2401	G	LEC	F	1435	1725	189
Fall	30664	BUSI	2402	A	LEC	M	1135	1425	80
Fall	30665	BUSI	2402	A1	TUT	M	1435	1525	48
Fall	30666	BUSI	2402	A2	TUT	M	1535	1625	48
Fall	30667	BUSI	2402	A3	TUT				
Fall	30668	BUSI	2501	A	LEC	F	1435	1725	92
Fall	30669	BUSI	2501	A1	TUT	M	1735	1825	92
Winter	10649	BUSI	2501	B	LEC	R	835	1125	98
Winter	10650	BUSI	2501	C	LEC	T	1135	1425	80
Winter	10651	BUSI	2501	D	LEC	W	1135	1425	78
Winter	10652	BUSI	2501	E	LEC	F	1135	1425	108
Winter	10653	BUSI	2501	T1	TUT	M	1135	1225	96
Winter	10654	BUSI	2501	T2	TUT	M	1335	1425	96
Winter	10655	BUSI	2501	T3	TUT	T	1435	1525	97
Winter	10656	BUSI	2501	T4	TUT	M	1235	1325	96
Fall	30670	BUSI	2503	R	LEC				9000
Winter	10657	BUSI	2503	R	LEC				9000
Fall	30671	BUSI	2505	A	LEC	F	1435	1725	80
Winter	10658	BUSI	2505	B	LEC	M	835	1125	50
Fall	30672	BUSI	2506	A	LEC	M	1805	2055	78
Fall	30673	BUSI	2601	A	LEC	W	1805	2055	285
Winter	10659	BUSI	2601	B	LEC	M	1805	2055	348
Winter	10660	BUSI	2601	Y	LEC				
Winter	10661	BUSI	2601	Z	LEC				
Fall	30674	BUSI	2701	A	LEC	R	835	1125	56
Fall	30675	BUSI	2701	B	LEC	F	1135	1425	108
Fall	30676	BUSI	2701	C	LEC	T	1135	1425	80
Winter	10662	BUSI	2701	E	LEC	R	1135	1425	108
Winter	10663	BUSI	2701	F	LEC	T	1435	1725	108
Winter	10664	BUSI	2701	G	LEC	F	1135	1425	108
Winter	10665	BUSI	2701	Y	LEC				
Winter	10666	BUSI	2701	Z	LEC				
Fall	30677	BUSI	2702	A	LEC	W	1435	1725	50
Winter	10667	BUSI	2703	A	LEC	M	1135	1425	120
Winter	10668	BUSI	2750	A	LEC	W	1805	2055	78
Fall	30678	BUSI	2800	A	LEC	R	1135	1425	80
Fall	30679	BUSI	2800	B	LEC	R	835	1125	80
Fall	30680	BUSI	2800	C	LEC	T	1805	2055	108
Fall	30681	BUSI	2800	D	LEC	W	1805	2055	80
Winter	10669	BUSI	2800	E	LEC	T	1805	2055	108
Winter	10670	BUSI	2800	F	LEC	W	1805	2055	108
Winter	10671	BUSI	2800	G	LEC	R	1805	2055	92
Winter	10672	BUSI	2800	H	LEC	M	1435	1725	92
Winter	10673	BUSI	2819	A	LEC	T	1135	1425	84
Fall	30682	BUSI	2995	A	OTH				
Winter	10674	BUSI	2995	B	OTH				
Fall	30683	BUSI	2996	A	OTH				
Winter	10675	BUSI	2996	B	OTH				
Winter	10676	BUSI	2997	B	OTH				
Winter	10677	BUSI	3001	A	LEC	T	1435	1725	80
Fall	30684	BUSI	3001	R	LEC				9000
Fall	30685	BUSI	3005	A	LEC	T	1135	1425	54
Fall	30686	BUSI	3005	B	LEC	M	1135	1425	66
Winter	10678	BUSI	3005	C	LEC	M	1135	1425	80
Fall	30687	BUSI	3007	A	LEC	M	1135	1425	79
Fall	30688	BUSI	3007	B	LEC	T	1135	1425	58
Winter	10679	BUSI	3007	R	LEC				9000
Winter	10680	BUSI	3007	R1	TUT	W	1335	1425	50
Winter	10681	BUSI	3007	R2	TUT	W	1035	1125	28
Winter	10682	BUSI	3007	R3	TUT	M	1805	1855	9000
Fall	30689	BUSI	3008	A	LEC	T	1435	1725	96
Winter	10683	BUSI	3008	R	LEC				9000
Fall	30690	BUSI	3040	A	LEC	R	1135	1425	96
Winter	10684	BUSI	3040	B	LEC	F	1135	1425	80
Fall	30691	BUSI	3102	A	LEC	R	1435	1725	92
Fall	30692	BUSI	3102	B	LEC	W	1135	1425	92
Fall	30693	BUSI	3102	C	LEC	M	1135	1425	92
Fall	30694	BUSI	3102	D	LEC	T	1435	1725	92
Winter	10685	BUSI	3102	E	LEC	R	1135	1425	80
Winter	10686	BUSI	3102	F	LEC	W	1135	1425	80
Winter	10687	BUSI	3102	G	LEC	R	835	1125	80
Fall	30695	BUSI	3103	A	LEC	T	835	1125	108
Fall	30696	BUSI	3103	B	LEC	M	1805	2055	108
Fall	30697	BUSI	3103	C	LEC	F	835	1125	108
Fall	30698	BUSI	3103	D	LEC	W	1435	1725	108
Winter	10688	BUSI	3103	E	LEC	F	835	1125	108
Winter	10689	BUSI	3103	F	LEC	W	1805	2055	108
Winter	10690	BUSI	3103	G	LEC	T	1435	1725	108
Fall	30699	BUSI	3104	A	LEC	M	1135	1425	97
Winter	10691	BUSI	3105	A	LEC	T	1805	2055	80
Fall	30700	BUSI	3106	A	LEC	F	1435	1725	58
Fall	30701	BUSI	3119	A	LEC	T	835	1125	66
Fall	30702	BUSI	3204	A	LEC	F	1135	1425	92
Winter	10692	BUSI	3204	B	LEC	R	835	1125	67
Fall	30703	BUSI	3205	A	LEC	M	835	1125	54
Winter	10693	BUSI	3205	B	LEC	F	1435	1725	54
Winter	10694	BUSI	3207	A	LEC	M	1135	1425	92
Fall	30704	BUSI	3209	A	LEC	M	1135	1425	80
Fall	30705	BUSI	3210	A	LEC	F	1435	1725	108
Fall	30706	BUSI	3301	A	LEC	F	1135	1425	80
Winter	10695	BUSI	3305	A	LEC	W	1135	1425	58
Fall	30707	BUSI	3309	A	LEC	R	835	1125	9000
Fall	30708	BUSI	3309	A01	TUT				
Fall	30709	BUSI	3309	A02	TUT	W	1535	1725	25
Fall	30710	BUSI	3309	A03	TUT	M	935	1125	52
Fall	30711	BUSI	3309	A04	TUT				
Fall	30712	BUSI	3309	A05	TUT				
Fall	30713	BUSI	3309	A06	TUT	W	1235	1425	57
Fall	30714	BUSI	3309	A07	TUT				
Fall	30715	BUSI	3309	A08	TUT	T	1135	1325	29
Fall	30716	BUSI	3309	A09	TUT	R	1235	1425	32
Fall	30717	BUSI	3309	A10	TUT	T	1435	1625	42
Fall	30718	BUSI	3309	A11	TUT	F	1135	1325	34
Fall	30719	BUSI	3309	A12	TUT				
Fall	30720	BUSI	3309	A13	TUT	R	1435	1625	36
Fall	30721	BUSI	3309	A14	TUT	T	835	1025	42
Fall	30722	BUSI	3309	A15	TUT				
Winter	10696	BUSI	3309	B	LEC	T	835	1125	9000
Winter	10697	BUSI	3309	B01	TUT	W	1235	1425	41
Winter	10698	BUSI	3309	B02	TUT	F	835	1025	52
Winter	10699	BUSI	3309	B03	TUT	T	1235	1425	40
Winter	10700	BUSI	3309	B04	TUT	R	835	1025	54
Winter	10701	BUSI	3309	B05	TUT	R	1535	1725	35
Winter	10702	BUSI	3309	B06	TUT	R	1135	1325	58
Winter	10703	BUSI	3309	B07	TUT	T	1435	1625	42
Winter	10704	BUSI	3309	B08	TUT	F	1135	1325	32
Winter	10705	BUSI	3309	B09	TUT	F	1535	1725	25
Winter	10706	BUSI	3309	B10	TUT	M	1135	1325	47
Winter	10707	BUSI	3309	B11	TUT	W	1535	1725	31
Winter	10708	BUSI	3309	B12	TUT	M	1435	1625	34
Winter	10709	BUSI	3309	B13	TUT	M	935	1125	27
Winter	10710	BUSI	3309	B14	TUT	W	835	1025	32
Winter	10711	BUSI	3309	B15	TUT	M	1905	2055	27
Fall	30723	BUSI	3400	A	LEC	F	1135	1425	78
Fall	30724	BUSI	3400	A1	TUT	T	1635	1725	34
Fall	30725	BUSI	3400	A2	TUT	W	835	925	52
Winter	10712	BUSI	3402	A	LEC	F	1435	1725	80
Winter	10713	BUSI	3402	A1	TUT	M	1335	1425	30
Winter	10714	BUSI	3402	A2	TUT	R	1335	1425	30
Fall	30726	BUSI	3405	A	LEC	M	1805	2055	63
Fall	30727	BUSI	3406	A	LEC	W	835	1125	28
Fall	30728	BUSI	3434	A	LEC	R	1435	1725	80
Fall	30729	BUSI	3500	A	LEC	R	835	1125	92
Fall	30730	BUSI	3500	B	LEC				
Winter	10715	BUSI	3500	C	LEC	M	1135	1425	108
Winter	15646	BUSI	3500	D	LEC	M	1135	1425	58
Fall	30731	BUSI	3502	A	LEC	T	835	1125	80
Fall	30732	BUSI	3502	B	LEC				
Winter	10716	BUSI	3502	C	LEC	F	1435	1725	108
Winter	15647	BUSI	3502	D	LEC	F	1435	1725	76
Fall	30733	BUSI	3512	A	LEC	R	1435	1725	76
Fall	30734	BUSI	3512	B	LEC				
Winter	10717	BUSI	3512	C	LEC	W	1435	1725	92
Winter	15648	BUSI	3512	D	LEC	W	1435	1725	66
Fall	30735	BUSI	3600	A	LEC	T	1805	2055	92
Winter	10718	BUSI	3602	A	LEC	M	1435	1725	79
Winter	10719	BUSI	3611	A	LEC	F	835	1125	84
Winter	10720	BUSI	3629	R	LEC	W	1805	2055	9000
Fall	30736	BUSI	3701	A	FIE				
Winter	10721	BUSI	3701	B	FIE				
Fall	30737	BUSI	3702	A	FIE				
Winter	10722	BUSI	3702	B	FIE				
Winter	10723	BUSI	3703	A	LEC	M	835	1125	50
Fall	30738	BUSI	3704	A	LEC	R	1135	1425	54
Fall	30739	BUSI	3705	A	LEC	F	835	1125	56
Winter	10724	BUSI	3706	A	LEC	R	1435	1725	108
Fall	30740	BUSI	3750	A	OTH				9000
Winter	10725	BUSI	3750	A	OTH				9000
Winter	10726	BUSI	3750	B	OTH				9000
Fall	30741	BUSI	3800	A	OTH	M	1435	1725	48
Winter	10727	BUSI	3800	A	OTH	M	1435	1725	48
Fall	30742	BUSI	3800	B	OTH				
Winter	10728	BUSI	3800	B	OTH				
Fall	30743	BUSI	3810	A	LEC	R	1805	2055	58
Fall	30744	BUSI	3820	A	LEC	W	1805	2055	58
Fall	30745	BUSI	3995	A	OTH				
Winter	10729	BUSI	3995	B	OTH				
Fall	30746	BUSI	3999	A	WRK				
Winter	10730	BUSI	3999	A	WRK				
Winter	10731	BUSI	4003	A	LEC	R	1435	1725	54
Fall	30747	BUSI	4005	A	LEC	M	1805	2055	58
Winter	10732	BUSI	4005	B	LEC	W	835	1125	80
Winter	10733	BUSI	4008	A	LEC	W	1135	1425	52
Fall	30748	BUSI	4008	R	LEC				9000
Fall	35781	BUSI	4008	R1	TUT				
Fall	35782	BUSI	4008	R2	TUT				
Fall	35783	BUSI	4008	R3	TUT				
Winter	10734	BUSI	4104	A	LEC	F	835	1125	54
Winter	10735	BUSI	4105	A	LEC	M	1805	2055	80
Fall	30749	BUSI	4111	A	LEC	R	1135	1425	51
Winter	10736	BUSI	4111	A	LEC	R	1135	1425	51
Fall	30750	BUSI	4112	A	LEC	T	1435	1725	54
Winter	10737	BUSI	4112	B	LEC	W	1135	1425	54
Fall	30751	BUSI	4117	A	LEC	R	1435	1725	42
Winter	10738	BUSI	4117	A	LEC	R	1435	1725	42
Fall	30752	BUSI	4117	B	LEC	W	1135	1425	42
Winter	10739	BUSI	4117	B	LEC	W	1135	1425	42
Fall	30753	BUSI	4117	C	LEC	W	1135	1425	25
Winter	10740	BUSI	4117	C	LEC	W	1135	1425	25
Winter	10741	BUSI	4120	A	LEC				
Fall	30754	BUSI	4129	A	LEC	M	835	1125	108
Fall	30755	BUSI	4201	A	LEC	M	835	1125	50
Fall	30756	BUSI	4203	A	LEC	F	835	1125	80
Fall	30757	BUSI	4205	A	LEC	T	835	1125	52
Winter	10742	BUSI	4205	B	LEC	R	835	1125	48
Winter	10743	BUSI	4208	A	LEC	T	1135	1425	92
Fall	30758	BUSI	4209	A	LEC	R	1135	1425	58
Fall	30759	BUSI	4219	A	LEC	F	1135	1425	54
Winter	10744	BUSI	4229	A	LEC	M	1435	1725	58
Fall	30760	BUSI	4301	A	LEC	W	1135	1425	51
Fall	30761	BUSI	4301	A01	LAB	M	935	1025	48
Winter	10745	BUSI	4304	A	LEC	M	1135	1425	54
Fall	30762	BUSI	4331	A	LEC	M	1435	1725	51
Fall	30763	BUSI	4400	A	LEC	T	1135	1425	54
Winter	10746	BUSI	4404	A	LEC	T	1805	2055	56
Winter	10747	BUSI	4407	A	LEC	F	835	1125	80
Fall	30764	BUSI	4408	A	LEC	T	1805	2055	78
Winter	10748	BUSI	4410	A	LEC	T	1135	1425	148
Winter	10749	BUSI	4414	A	LEC	W	1135	1425	51
Fall	30765	BUSI	4500	A	LEC	W	1435	1725	94
Winter	10750	BUSI	4500	B	LEC	R	1435	1725	78
Fall	30766	BUSI	4502	A	LEC	R	1805	2055	80
Winter	10751	BUSI	4502	B	LEC	R	1805	2055	80
Fall	30767	BUSI	4503	A	WKS	R	1435	1725	28
Winter	10752	BUSI	4503	B	WKS	W	835	1125	28
Fall	30768	BUSI	4504	A	LEC	T	1805	2055	67
Winter	10753	BUSI	4505	A	LEC	M	1805	2055	108
Fall	30769	BUSI	4510	A	LEC	T	1435	1725	52
Fall	30770	BUSI	4511	A	LEC	M	1135	1425	55
Fall	30771	BUSI	4601	A	LEC	T	1435	1725	56
Fall	30772	BUSI	4601	B	LEC	F	835	1125	54
Fall	30773	BUSI	4601	C	LEC	R	1435	1725	108
Winter	10754	BUSI	4601	E	LEC	W	1805	2055	92
Winter	10755	BUSI	4601	F	LEC	M	1435	1725	54
Winter	10756	BUSI	4601	G	LEC	F	835	1125	54
Winter	10757	BUSI	4601	H	LEC	R	1135	1425	50
Fall	30774	BUSI	4607	A	LEC	R	1135	1425	56
Fall	30775	BUSI	4608	A	LEC	R	1805	2055	189
Winter	10758	BUSI	4608	A	LEC				
Fall	30776	BUSI	4609	A	LEC	M	835	1125	52
Fall	30777	BUSI	4609	B	LEC	W	835	1125	52
Fall	30778	BUSI	4609	C	LEC	F	835	1125	52
Winter	10759	BUSI	4609	E	LEC	M	835	1125	52
Winter	10760	BUSI	4609	F	LEC	M	1805	2055	51
Winter	10761	BUSI	4609	G	LEC	R	1805	2055	50
Winter	10762	BUSI	4609	H	LEC	F	1135	1425	54
Fall	30779	BUSI	4705	A	LEC	W	1135	1425	52
Winter	10763	BUSI	4705	B	LEC	T	1435	1725	56
Fall	30780	BUSI	4709	A	LEC	M	1135	1425	50
Fall	30781	BUSI	4709	A1	TUT	M	1435	1525	108
Winter	10764	BUSI	4709	B	LEC	F	1135	1425	56
Winter	10765	BUSI	4709	B1	TUT				
Winter	15450	BUSI	4710	A	LEC	R	1435	1725	50
Fall	30782	BUSI	4717	A	LEC	T	1435	1725	52
Fall	30783	BUSI	4800	A	OTH	M	1435	1725	48
Winter	10766	BUSI	4800	A	OTH	M	1435	1725	48
Fall	30784	BUSI	4800	B	OTH				
Winter	10767	BUSI	4800	B	OTH				
Winter	10768	BUSI	4810	A	LEC	M	1805	2055	47
Fall	30785	BUSI	4901	A	LEC				
Winter	10769	BUSI	4901	B	LEC				
Fall	30786	BUSI	4904	A	SEM				
Winter	10770	BUSI	4904	A	SEM				
Fall	35747	BUSI	4904	M	SEM				
Winter	15436	BUSI	4904	M	SEM				
Fall	30787	BUSI	4905	A	SEM				
Winter	10771	BUSI	4905	B	SEM				
Fall	30788	BUSI	4905	I	SEM				
Winter	10772	BUSI	4905	I	SEM				
Fall	30789	BUSI	4906	A	REP				
Winter	10773	BUSI	4906	A	REP				
Fall	30790	BUSI	4906	M	REP				
Winter	10774	BUSI	4906	M	REP				
Fall	30791	BUSI	4995	A	OTH				
Winter	10775	BUSI	4995	B	OTH				
Fall	30834	CCDP	2004	A	SEM	T	835	1125	40
Fall	30835	CCDP	2004	B	SEM	T	1435	1725	40
Fall	30836	CCDP	2004	C	SEM	R	1135	1425	29
Fall	30837	CCDP	2100	A	SEM	W	835	1125	42
Fall	30838	CCDP	2100	B	SEM	F	835	1125	9000
Fall	30839	CCDP	2100	C	SEM	W	1805	2055	9000
Fall	30840	CCDP	2100	D	SEM	T	1805	2055	42
Fall	30841	CCDP	2100	E	SEM	R	1135	1425	30
Fall	30842	CCDP	2100	F	SEM	M	1435	1725	58
Fall	30843	CCDP	2100	G	SEM	M	835	1125	58
Fall	30844	CCDP	2100	H	SEM	R	1805	2055	30
Fall	30845	CCDP	2100	I	SEM	M	1805	2055	51
Winter	10810	CCDP	2100	J	SEM	M	1135	1425	52
Winter	10811	CCDP	2100	K	SEM	T	1805	2055	42
Winter	10812	CCDP	2100	L	SEM	T	835	1125	40
Winter	10813	CCDP	2100	M	SEM	M	1435	1725	42
Winter	10814	CCDP	2100	N	SEM	F	1135	1425	58
Winter	10815	CCDP	2100	O	SEM	R	1135	1425	30
Winter	10816	CCDP	2100	P	SEM	W	1805	2055	42
Winter	10817	CCDP	2100	Q	SEM	W	1135	1425	30
Winter	10818	CCDP	2100	R	SEM	W	835	1125	42
Winter	10819	CCDP	2100	S	SEM	F	1435	1725	40
Winter	10820	CCDP	2100	T	SEM	R	1135	1425	58
Winter	10821	CCDP	2100	U	SEM	R	1805	2055	30
Winter	10822	CCDP	2100	Y	SEM	M	1805	2055	51
Winter	15644	CCDP	2100	Z	SEM	M	1135	1425	30
Fall	30846	CCDP	3003	A	SEM	M	1135	1425	58
Fall	30847	CCDP	3003	B	SEM	W	1135	1425	48
Fall	30848	CCDP	3006	A	SEM	M	1135	1425	40
Winter	10823	CCDP	3008	A	SEM	W	1135	1425	27
Fall	30849	CDNS	1001	A	LEC	R	1135	1425	9000
Fall	30850	CDNS	1101	A	LEC	F	1135	1425	96
Winter	15438	CDNS	1101	B	LEC	T	1435	1725	94
Winter	10824	CDNS	2000	A	LEC	M	1135	1425	79
Fall	30851	CDNS	2001	A	LEC	M	1735	2025	9000
Fall	30852	CDNS	2001	A1	TUT				
Fall	30853	CDNS	2001	A2	TUT				
Fall	30854	CDNS	2001	A3	TUT				
Winter	10825	CDNS	2002	A	LEC	T	1135	1425	58
Winter	10826	CDNS	2300	A	LEC	R	1435	1725	9000
Fall	35751	CDNS	2301	A	LEC	T	1435	1725	42
Winter	10827	CDNS	2302	A	LEC	F	835	1125	79
Winter	10828	CDNS	2400	A	LEC	T	1435	1625	98
Winter	10829	CDNS	2400	A1	GRP	T	1635	1725	52
Winter	10830	CDNS	2400	A2	GRP	T	1735	1825	52
Winter	10831	CDNS	2400	A3	GRP	T	1835	1925	29
Fall	30855	CDNS	2510	R	LEC	M	1805	2055	9000
Fall	30856	CDNS	3000	A	SEM				
Winter	10832	CDNS	3560	A	SEM	W	1805	2055	9000
Fall	30857	CDNS	3620	R	SEM	R	1435	1725	9000
Winter	10833	CDNS	3901	A	LEC				
Winter	10834	CDNS	3901	B	LEC	M	2105	2155	83
Winter	10835	CDNS	3901	BF	FLM	M	1805	2055	83
Fall	30858	CDNS	4020	A	SEM	M	1435	1725	29
Winter	10836	CDNS	4400	A	SEM	M	1435	1725	9000
Fall	30859	CDNS	4403	A	SEM	R	1735	2025	29
Fall	30860	CDNS	4500	A	SEM	M	1735	2025	29
Fall	30861	CDNS	4800	A	PRC				
Winter	10837	CDNS	4800	A	PRC				
Fall	30862	CDNS	4801	A	PRC				
Winter	10838	CDNS	4801	A	PRC				
Fall	30863	CDNS	4802	A	PRC				
Winter	10839	CDNS	4802	A	PRC				
Winter	10840	CDNS	4901	A	SEM				
Fall	30864	CDNS	4905	A	IND				
Winter	10841	CDNS	4905	A	IND				
Fall	30865	CDNS	4906	A	IND				
Winter	10842	CDNS	4906	A	IND				
Fall	30866	CDNS	4907	A	IND				
Winter	10843	CDNS	4907	A	IND				
Fall	30887	CGSC	1001	A	LEC	MW	1435	1555	386
Fall	30888	CGSC	1001	B	LEC	TR	1435	1555	9000
Winter	10862	CGSC	1001	C	LEC	MW	1305	1425	386
Winter	10863	CGSC	1001	D	LEC	MW	1435	1555	9000
Fall	30889	CGSC	1005	A	LEC	TR	1305	1425	80
Fall	30890	CGSC	1005	A1	TUT	F	1135	1255	25
Fall	30891	CGSC	1005	A2	TUT	F	835	955	25
Fall	30892	CGSC	1005	A3	TUT	F	1435	1555	26
Winter	10864	CGSC	1005	B	LEC	TR	1135	1255	80
Winter	10865	CGSC	1005	B1	TUT	F	1005	1125	48
Winter	10866	CGSC	1005	B2	TUT	F	1135	1255	25
Winter	10867	CGSC	1005	B3	TUT	F	835	955	48
Fall	30893	CGSC	2001	A	LEC	WF	835	955	9000
Fall	30894	CGSC	2001	B	LEC	TR	1605	1725	133
Winter	10868	CGSC	2001	C	LEC	MW	835	955	9000
Winter	10869	CGSC	2001	D	LEC	TR	835	955	56
Fall	30895	CGSC	2002	A	SEM	WF	1005	1125	79
Fall	30896	CGSC	2002	A1	TUT				
Fall	30897	CGSC	2002	A2	TUT	M	1435	1725	25
Fall	30898	CGSC	2002	A3	TUT	M	1135	1425	25
Winter	10870	CGSC	2002	B	SEM	MW	1135	1255	96
Winter	10871	CGSC	2002	B1	TUT	R	1435	1725	26
Winter	10872	CGSC	2002	B2	TUT	F	835	1125	25
Winter	10873	CGSC	2002	B3	TUT	W	1435	1725	26
Fall	30899	CGSC	3004	A	SEM	W	1135	1425	23
Fall	30900	CGSC	3004	B	SEM	R	835	1125	23
Fall	30901	CGSC	3201	A	SEM	TR	1605	1725	23
Fall	30902	CGSC	3201	B	SEM	WF	1005	1125	23
Winter	10874	CGSC	3201	C	SEM	TR	1605	1725	23
Winter	10875	CGSC	3201	D	SEM	WF	835	955	23
Fall	30903	CGSC	3301	A	SEM	WF	1305	1425	9000
Winter	10876	CGSC	3301	B	SEM	WF	1005	1125	9000
Fall	30904	CGSC	3501	A	LEC	R	1135	1425	23
Winter	10877	CGSC	3501	B	LEC	M	1135	1425	23
Fall	30905	CGSC	3601	A	SEM	TR	1435	1555	58
Fall	30906	CGSC	3601	A1	LAB	M	1305	1425	30
Fall	30907	CGSC	3601	A2	LAB	T	835	955	30
Winter	10878	CGSC	3601	B	SEM	TR	1435	1555	56
Winter	10879	CGSC	3601	B1	LAB	F	1305	1425	25
Winter	10880	CGSC	3601	B2	LAB	R	1135	1255	30
Fall	30908	CGSC	3603	A	SEM	M	1435	1725	23
Winter	10881	CGSC	3603	B	SEM	M	1435	1725	23
Fall	30909	CGSC	3704	A	SEM	R	835	1125	9000
Fall	30910	CGSC	3908	A	SEM	T	1135	1425	23
Fall	30911	CGSC	3908	A1	TUT	M	835	1125	23
Winter	10882	CGSC	3908	B	SEM	M	835	1125	23
Winter	10883	CGSC	3908	B1	TUT	F	1435	1725	23
Fall	30912	CGSC	3999	A	WRK				
Winter	10884	CGSC	3999	A	WRK				
Winter	10885	CGSC	4601	W	LEC	R	835	1125	23
Fall	30913	CGSC	4605	A	SEM	R	1135	1425	30
Fall	30914	CGSC	4801	A	IND				
Winter	10886	CGSC	4801	B	IND				
Fall	30915	CGSC	4802	A	IND				
Winter	10887	CGSC	4802	B	IND				
Winter	15581	CGSC	4900	A	SEM	T	1135	1425	23
Fall	30916	CGSC	4908	A	IND				
Winter	10888	CGSC	4908	A	IND				
Fall	30917	CGSC	4908	B	IND				
Winter	10889	CGSC	4908	B	IND				
Fall	30918	CGSC	4908	C	IND				
Winter	10890	CGSC	4908	C	IND				
Fall	30919	CGSC	4908	D	IND				
Fall	30920	CGSC	4909	A	SEM	F	1435	1725	25
Winter	10891	CGSC	4909	A	SEM	F	1435	1725	25
Fall	30932	CHEM	1001	A	LEC	TR	1135	1255	393
Fall	30933	CHEM	1001	A1	LAB	M	1805	2055	72
Fall	30934	CHEM	1001	A2	LAB	T	1805	2055	72
Fall	30935	CHEM	1001	A3	LAB	M	1335	1625	72
Fall	30936	CHEM	1001	A4	LAB	T	835	1125	72
Fall	30937	CHEM	1001	A5	LAB	T	1335	1625	72
Fall	30938	CHEM	1001	A6	LAB	W	835	1125	72
Fall	30939	CHEM	1001	A7	LAB	W	1335	1625	72
Fall	30940	CHEM	1001	B	LEC	TR	1135	1255	331
Fall	30941	CHEM	1001	E	LEC	MW	1805	1925	148
Fall	30942	CHEM	1001	E3	LAB	M	1335	1625	72
Fall	30943	CHEM	1001	E4	LAB	T	835	1125	72
Fall	30944	CHEM	1001	E5	LAB	T	1335	1625	72
Fall	30945	CHEM	1001	ETU	TUT	W	1935	2025	151
Fall	30946	CHEM	1001	G1	LAB				
Fall	30947	CHEM	1001	G2	LAB				
Fall	30948	CHEM	1001	T1	TUT	M	1805	2055	55
Fall	30949	CHEM	1001	T2	TUT	T	1805	2055	56
Fall	30950	CHEM	1001	T3	TUT	M	1335	1625	52
Fall	30951	CHEM	1001	T4	TUT	T	835	1125	56
Fall	30952	CHEM	1001	T5	TUT	T	1335	1625	56
Fall	30953	CHEM	1001	T6	TUT	W	835	1125	58
Fall	30954	CHEM	1001	T7	TUT	W	1335	1625	56
Winter	10903	CHEM	1002	A	LEC	TR	1135	1255	393
Winter	10904	CHEM	1002	A1	LAB	M	1805	2055	72
Winter	10905	CHEM	1002	A2	LAB	T	1805	2055	72
Winter	10906	CHEM	1002	A3	LAB	M	1335	1625	72
Winter	10907	CHEM	1002	A4	LAB	T	835	1125	72
Winter	10908	CHEM	1002	A5	LAB	T	1335	1625	72
Winter	10909	CHEM	1002	A6	LAB	W	835	1125	72
Winter	10910	CHEM	1002	A7	LAB	W	1335	1625	72
Winter	10911	CHEM	1002	B	LEC	TR	1135	1255	444
Winter	10912	CHEM	1002	E	LEC	TR	1935	2055	148
Winter	10913	CHEM	1002	E1	LAB	M	1805	2055	72
Winter	10914	CHEM	1002	E3	LAB	M	1335	1625	72
Winter	10915	CHEM	1002	E4	LAB	T	835	1125	72
Winter	10916	CHEM	1002	ETU	TUT	R	2105	2155	115
Winter	10917	CHEM	1002	G1	LAB				
Winter	10918	CHEM	1002	G2	LAB				
Winter	10919	CHEM	1002	T1	TUT	M	1805	2055	55
Winter	10920	CHEM	1002	T2	TUT	T	1805	2055	55
Winter	10921	CHEM	1002	T3	TUT	M	1335	1625	48
Winter	10922	CHEM	1002	T4	TUT	T	835	1125	48
Winter	10923	CHEM	1002	T5	TUT	T	1335	1625	55
Winter	10924	CHEM	1002	T6	TUT	W	835	1125	55
Winter	10925	CHEM	1002	T7	TUT	W	1335	1625	55
Fall	30955	CHEM	1004	A	LEC	M	1435	1725	192
Winter	10926	CHEM	1008	A	WKS				
Fall	30956	CHEM	1011	A	LEC	TR	1135	1255	40
Fall	30957	CHEM	1011	A1	LAB	M	1805	2055	72
Fall	30958	CHEM	1011	A6	LAB	W	835	1125	72
Fall	30959	CHEM	1011	A7	LAB	W	1335	1625	72
Fall	30960	CHEM	1011	G1	LAB				
Winter	10927	CHEM	1012	A	LEC	WF	1135	1255	40
Winter	10928	CHEM	1012	A5	LAB	T	1335	1625	72
Winter	10929	CHEM	1012	A6	LAB	W	835	1125	72
Winter	10930	CHEM	1012	A7	LAB	W	1335	1625	72
Winter	10931	CHEM	1012	G1	LAB				
Fall	30961	CHEM	1101	A	LEC	MW	1305	1425	444
Fall	30962	CHEM	1101	B	LEC	MW	835	955	348
Winter	10932	CHEM	1101	C	LEC	MW	835	955	386
Winter	10933	CHEM	1101	D	LEC	MW	1135	1255	348
Fall	30963	CHEM	1101	G1	LAB				
Winter	10934	CHEM	1101	G1	LAB				
Fall	30964	CHEM	1101	L1	LAB	R	835	1125	72
Winter	10935	CHEM	1101	L1	LAB	R	835	1125	72
Fall	30965	CHEM	1101	L2	LAB	R	1335	1625	72
Winter	10936	CHEM	1101	L2	LAB	R	1335	1625	72
Fall	30966	CHEM	1101	L3	LAB	F	835	1125	72
Winter	10937	CHEM	1101	L3	LAB	F	835	1125	72
Fall	30967	CHEM	1101	L4	LAB	F	1335	1625	72
Winter	10938	CHEM	1101	L4	LAB	F	1335	1625	72
Fall	30968	CHEM	2103	A	LEC	MW	1605	1725	63
Fall	30969	CHEM	2103	A1	LAB	F	835	1125	24
Fall	30970	CHEM	2103	A2	LAB	R	835	1125	24
Fall	30971	CHEM	2103	A3	LAB	T	1335	1625	24
Fall	30972	CHEM	2103	ATU	TUT	M	835	925	63
Winter	10939	CHEM	2104	A	LEC	MW	1005	1125	47
Winter	10940	CHEM	2104	A1	LAB	R	1335	1625	24
Winter	10941	CHEM	2104	A2	LAB	R	835	1125	24
Winter	10942	CHEM	2104	ATU	TUT	F	1735	1825	47
Fall	30973	CHEM	2203	A	LEC	MW	1135	1255	331
Fall	30974	CHEM	2203	A1	LAB	M	835	1125	48
Fall	30975	CHEM	2203	A2	LAB	M	1335	1625	48
Fall	30976	CHEM	2203	A3	LAB	T	835	1125	48
Fall	30977	CHEM	2203	A4	LAB	T	1335	1625	48
Fall	30978	CHEM	2203	A5	LAB	W	1335	1625	48
Fall	30979	CHEM	2203	A6	LAB	R	835	1125	48
Fall	30980	CHEM	2203	A7	LAB	R	1335	1625	48
Fall	30981	CHEM	2203	A8	LAB	F	835	1125	48
Fall	30982	CHEM	2203	G1	LAB				
Winter	10943	CHEM	2204	A	LEC	MW	1135	1255	285
Winter	10944	CHEM	2204	A1	LAB	M	1335	1625	48
Winter	10945	CHEM	2204	A2	LAB	T	835	1125	48
Winter	10946	CHEM	2204	A3	LAB	T	1335	1625	48
Winter	10947	CHEM	2204	A4	LAB	W	835	1125	48
Winter	10948	CHEM	2204	A5	LAB	R	1335	1625	48
Winter	10949	CHEM	2204	A6	LAB	F	835	1125	48
Winter	10950	CHEM	2204	A7	LAB	F	1335	1625	48
Winter	10951	CHEM	2204	G1	LAB				
Fall	30983	CHEM	2207	A	LEC	MW	1135	1255	331
Winter	10952	CHEM	2208	A	LEC	MW	1135	1255	285
Fall	30984	CHEM	2302	A	LEC	MW	1435	1555	148
Fall	30985	CHEM	2302	A1	LAB	T	835	1125	24
Fall	30986	CHEM	2302	A2	LAB	F	1335	1625	24
Fall	30987	CHEM	2302	A3	LAB	R	835	1125	24
Fall	30988	CHEM	2302	A4	LAB	R	1335	1625	24
Fall	30989	CHEM	2302	A5	LAB	T	1335	1625	24
Fall	30990	CHEM	2302	G1	LAB				
Winter	10953	CHEM	2303	A	LEC	TR	1135	1255	151
Winter	10954	CHEM	2303	A1	LAB	T	1335	1625	24
Winter	10955	CHEM	2303	A2	LAB	F	1335	1625	24
Winter	10956	CHEM	2303	A3	LAB	R	835	1125	24
Winter	10957	CHEM	2303	A4	LAB	W	1335	1625	24
Winter	10958	CHEM	2303	A5	LAB	T	835	1125	24
Winter	10959	CHEM	2303	A6	LAB	R	1335	1625	24
Winter	10960	CHEM	2303	G1	LAB				
Fall	30991	CHEM	2400	A	REP				
Winter	10961	CHEM	2400	A	REP				
Winter	10962	CHEM	2501	A	LEC	TR	1635	1755	76
Winter	10963	CHEM	2501	ATU	TUT	F	1635	1725	78
Winter	10964	CHEM	2800	A	LEC	TR	1135	1255	78
Winter	10965	CHEM	2800	A1	LAB	F	835	1125	24
Winter	10966	CHEM	2800	A2	LAB	F	1335	1625	24
Winter	10967	CHEM	2800	A3	LAB	W	835	1125	24
Winter	10968	CHEM	2800	A4	LAB	M	835	1125	24
Winter	10969	CHEM	2800	ATU	TUT	T	1805	1855	78
Winter	10970	CHEM	2800	G1	LAB				
Fall	30992	CHEM	3101	A	LEC	TR	1135	1255	42
Winter	10971	CHEM	3102	A	LEC	WF	1135	1255	42
Winter	10972	CHEM	3107	A	LAB	W	1335	1725	48
Winter	10973	CHEM	3107	B	LAB				
Fall	30993	CHEM	3201	A	LEC	TR	1005	1125	63
Fall	30994	CHEM	3201	ATU	TUT	R	1605	1725	52
Winter	10974	CHEM	3202	A	LEC	MW	1005	1125	23
Winter	10975	CHEM	3202	ATU	TUT	F	1435	1555	52
Winter	10976	CHEM	3205	A	LAB	W	1335	1725	48
Winter	10977	CHEM	3205	B	LAB	R	835	1225	48
Fall	30995	CHEM	3305	A	LAB				
Winter	10978	CHEM	3305	A	LAB				
Fall	30996	CHEM	3305	B	LAB	F	835	1225	24
Winter	10979	CHEM	3305	B	LAB	F	835	1225	24
Fall	30997	CHEM	3400	A	REP				
Winter	10980	CHEM	3400	A	REP				
Fall	30998	CHEM	3503	A	LEC	TR	835	955	76
Fall	30999	CHEM	3503	A1	LAB	W	1335	1725	24
Fall	31000	CHEM	3503	A2	LAB	M	1335	1725	24
Fall	31001	CHEM	3503	ATU	TUT	T	1435	1525	76
Winter	10981	CHEM	3504	A	LEC	MW	835	955	67
Winter	10982	CHEM	3504	A1	LAB	M	1335	1725	24
Winter	10983	CHEM	3504	A2	LAB	T	1335	1725	24
Winter	10984	CHEM	3504	ATU	TUT	T	1135	1225	78
Fall	31002	CHEM	3507	A	LEC	TR	835	955	76
Fall	31003	CHEM	3507	ATU	TUT	T	1435	1525	76
Winter	10985	CHEM	3508	A	LEC	MW	835	955	67
Winter	10986	CHEM	3508	ATU	TUT	T	1135	1225	78
Winter	10987	CHEM	3600	A	LEC	TR	1305	1425	40
Winter	10988	CHEM	3701	A	WKS	T	835	1125	40
Fall	31004	CHEM	3800	A	LEC	WF	1635	1755	76
Fall	31005	CHEM	3999	A	WRK				
Winter	10989	CHEM	3999	A	WRK				
Winter	10990	CHEM	4101	A	LEC				
Winter	10991	CHEM	4104	A	LEC	TR	1305	1425	31
Winter	10992	CHEM	4201	A	LEC	MW	1005	1125	52
Fall	31006	CHEM	4207	A	LEC	MW	1005	1125	35
Winter	10993	CHEM	4304	A	LEC	R	835	1125	40
Winter	10994	CHEM	4305	A	LEC	T	835	1125	29
Fall	31007	CHEM	4401	A	LEC				
Fall	35921	CHEM	4700	A	LEC	W	1805	2055	35
Fall	31008	CHEM	4907	A	RES				
Winter	10995	CHEM	4907	A	RES				
Fall	31009	CHEM	4907	B	RES				
Fall	31010	CHEM	4908	A	RES				
Winter	10996	CHEM	4908	A	RES				
Fall	31011	CHEM	4908	B	RES				
Fall	31018	CHIN	1010	A	SEM	TR	1805	1955	39
Winter	11007	CHIN	1020	A	SEM	MW	1905	2055	34
Fall	31019	CHIN	1110	A	SEM	F	1135	1325	29
Fall	31019	CHIN	1110	A	SEM	MW	1435	1725	29
Winter	11008	CHIN	2110	A	SEM	F	1135	1325	29
Winter	11008	CHIN	2110	A	SEM	MW	1435	1725	29
Fall	31020	CHIN	3010	A	SEM	MW	1135	1255	27
Winter	11009	CHIN	3020	A	SEM	MW	1135	1255	32
Fall	35976	CHIN	4900	A	IND				
Winter	15637	CHIN	4900	A	IND				
Fall	31021	CHST	1101	A	LEC	M	1335	1525	204
Fall	31022	CHST	1101	A01	GRP	M	1535	1625	47
Fall	31023	CHST	1101	A02	GRP	M	1635	1725	47
Fall	31024	CHST	1101	A03	GRP	M	1535	1625	40
Fall	31025	CHST	1101	A04	GRP	M	1635	1725	40
Fall	31026	CHST	1101	A05	GRP	M	1535	1625	52
Fall	31027	CHST	1101	A06	GRP	M	1635	1725	52
Winter	11010	CHST	1102	A	LEC	F	1435	1625	285
Winter	11011	CHST	1102	A01	GRP	F	1635	1725	35
Winter	11012	CHST	1102	A02	GRP	F	1735	1825	35
Winter	11013	CHST	1102	A03	GRP	F	1635	1725	40
Winter	11014	CHST	1102	A04	GRP	F	1735	1825	40
Winter	11015	CHST	1102	A05	GRP	F	1635	1725	42
Winter	11016	CHST	1102	A06	GRP	F	1735	1825	42
Fall	31028	CHST	2003	A	LEC	M	1135	1325	133
Fall	31029	CHST	2003	A01	GRP	W	1335	1425	47
Fall	31030	CHST	2003	A02	GRP	W	1435	1525	47
Fall	31031	CHST	2003	A03	GRP	W	1335	1425	52
Fall	31032	CHST	2003	A04	GRP	W	1435	1525	52
Winter	11017	CHST	2004	A	LEC	T	835	1025	134
Winter	11018	CHST	2004	A01	GRP	T	1135	1225	30
Winter	11019	CHST	2004	A02	GRP	T	1235	1325	30
Winter	11020	CHST	2004	A03	GRP	T	1135	1225	35
Winter	11021	CHST	2004	A04	GRP	T	1235	1325	35
Winter	11022	CHST	2011	A	LEC	MW	835	955	148
Winter	11023	CHST	3002	A	SEM	T	1135	1425	51
Fall	31033	CHST	3103	A	LEC	T	1135	1425	58
Fall	31034	CHST	3201	A	SEM	R	1135	1425	9000
Winter	11024	CHST	3201	A	SEM	M	1135	1425	9000
Winter	11025	CHST	3203	A	SEM	R	1435	1725	9000
Winter	11026	CHST	3204	A	SEM	T	1735	2025	79
Fall	31035	CHST	3205	A	SEM	R	835	1125	9000
Winter	11027	CHST	3205	A	SEM	R	835	1125	54
Fall	31036	CHST	3302	A	LEC	M	1135	1425	9000
Fall	31037	CHST	3303	A	LEC	F	1135	1425	98
Winter	11028	CHST	3303	A	LEC	F	835	1125	9000
Fall	31038	CHST	3304	A	LEC	T	1435	1725	42
Winter	11029	CHST	3304	A	LEC	W	1435	1725	51
Fall	31039	CHST	3306	A	LEC	F	835	1125	9000
Fall	31040	CHST	3501	A	LEC	M	1435	1725	92
Winter	11030	CHST	3905	A	PRC	F	1135	1425	48
Fall	31041	CHST	4001	B	LEC	R	1435	1725	30
Fall	31042	CHST	4003	A	SEM				
Winter	15466	CHST	4003	A	SEM	T	835	1125	50
Winter	11031	CHST	4102	A	SEM	M	1435	1725	40
Winter	11032	CHST	4205	A	SEM	T	1135	1425	58
Fall	31043	CHST	4900	A	IND				
Winter	11033	CHST	4900	B	IND				
Fall	31044	CHST	4908	A	HON				
Winter	11034	CHST	4908	A	HON				
Fall	31045	CIED	999	A	NTC				
Winter	11035	CIED	1001	A	LEC	T	1135	1425	50
Winter	15597	CIED	1001	B	LEC	W	1435	1725	58
Fall	31046	CIVE	2004	A	LEC	TR	1305	1425	154
Fall	31047	CIVE	2004	B	LEC				
Fall	31048	CIVE	2004	L1	LAB	F	835	1125	66
Fall	31049	CIVE	2004	L2	LAB	M	1135	1425	42
Fall	31050	CIVE	2004	L3	LAB	R	835	1125	36
Fall	31051	CIVE	2004	L4	LAB				
Fall	31052	CIVE	2004	L5	LAB				
Fall	31053	CIVE	2004	L6	LAB				
Winter	11036	CIVE	2005	A	LEC	T	835	1125	98
Winter	11037	CIVE	2005	A1	LAB	W	1435	1725	58
Winter	11038	CIVE	2005	A2	LAB	W	835	1125	57
Winter	11039	CIVE	2101	A	LEC	MW	1935	2055	204
Winter	11040	CIVE	2101	L1	LAB	F	1135	1425	204
Fall	31054	CIVE	2200	A	LEC	TR	1435	1555	115
Fall	31055	CIVE	2200	B	LEC	M	1805	2055	120
Fall	31056	CIVE	2200	L01	LAB	T	1135	1425	58
Fall	31057	CIVE	2200	L02	LAB	T	1135	1425	58
Fall	31058	CIVE	2200	L03	LAB	F	835	1125	58
Fall	31059	CIVE	2200	L04	LAB	F	835	1125	58
Fall	31060	CIVE	2200	L05	LAB	M	1135	1425	54
Fall	31061	CIVE	2200	L06	LAB	M	1135	1425	54
Fall	31062	CIVE	2200	L07	LAB	F	1435	1725	40
Fall	31063	CIVE	2200	L08	LAB	F	1435	1725	40
Fall	31064	CIVE	2200	L09	LAB	R	835	1125	40
Fall	31065	CIVE	2200	L10	LAB				
Fall	31066	CIVE	2200	L11	LAB				
Fall	31067	CIVE	2700	A	LEC	WF	1435	1555	154
Fall	31068	CIVE	2700	B	LEC	T	1135	1425	97
Fall	31069	CIVE	2700	L01	LAB	M	835	955	84
Fall	31070	CIVE	2700	L02	LAB	M	1435	1555	23
Fall	31079	CIVE	2700	L03	LAB	F	1135	1255	23
Fall	31072	CIVE	2700	L04	LAB	W	1005	1125	23
Fall	31078	CIVE	2700	L05	LAB	T	835	955	23
Fall	31077	CIVE	2700	L06	LAB	R	1305	1425	54
Fall	31076	CIVE	2700	L07	LAB	M	1005	1125	27
Fall	31075	CIVE	2700	L08	LAB				
Fall	31074	CIVE	2700	L09	LAB				
Fall	31073	CIVE	2700	L10	LAB				
Fall	31071	CIVE	2700	L11	LAB				
Fall	31080	CIVE	2700	TU1	PAN	R	1135	1255	98
Fall	31081	CIVE	2700	TU2	PAN	W	1135	1255	154
Fall	31082	CIVE	3202	A	LEC	WF	1605	1725	115
Fall	31086	CIVE	3202	L1	LAB	T	1135	1255	59
Fall	31085	CIVE	3202	L2	LAB	F	1305	1425	48
Fall	31084	CIVE	3202	L3	LAB	M	1005	1125	78
Fall	31083	CIVE	3202	L4	LAB				
Fall	31087	CIVE	3203	A	LEC	MW	1135	1255	78
Fall	31088	CIVE	3203	B	LEC	MW	1305	1425	98
Fall	31089	CIVE	3203	L1O	LAB	F	835	1125	236
Fall	31090	CIVE	3204	A	LEC	TR	1305	1425	204
Fall	31091	CIVE	3204	B	LEC	TR	1435	1555	204
Fall	31092	CIVE	3204	L1E	LAB	F	835	1125	236
Winter	11041	CIVE	3205	A	LEC	TR	1435	1555	204
Winter	11042	CIVE	3205	B	LEC	TR	835	955	79
Winter	11043	CIVE	3205	L1O	LAB	F	1435	1725	204
Winter	11044	CIVE	3206	A	LEC	MW	835	955	78
Winter	11045	CIVE	3206	B	LEC	MW	1135	1255	98
Winter	11046	CIVE	3206	L1E	LAB	F	1435	1725	204
Fall	31093	CIVE	3207	A	LEC	M	1435	1725	75
Fall	31094	CIVE	3207	A1	LAB	R	1435	1725	35
Fall	31095	CIVE	3207	A2	LAB	F	1135	1425	36
Fall	31096	CIVE	3207	A3	LAB	F	1435	1725	36
Fall	31097	CIVE	3208	A	LEC	W	835	1125	79
Fall	31098	CIVE	3208	B	LEC	TR	1005	1125	76
Fall	31099	CIVE	3208	L1O	LAB	M	835	1125	30
Fall	31100	CIVE	3208	L2E	LAB	M	835	1125	30
Fall	31101	CIVE	3208	L3O	LAB	F	1135	1425	30
Fall	31102	CIVE	3208	L4E	LAB	F	1135	1425	30
Fall	31103	CIVE	3208	L5O	LAB	M	1335	1625	30
Fall	31104	CIVE	3208	L6E	LAB				
Winter	11047	CIVE	3209	A	LEC	T	1135	1425	76
Winter	11048	CIVE	3209	B	LEC	R	1805	2055	96
Winter	11049	CIVE	3209	L1O	PAN	W	835	1125	30
Winter	11050	CIVE	3209	L2O	PAN	W	1435	1725	30
Winter	11051	CIVE	3209	L3O	PAN	R	1135	1425	30
Winter	11052	CIVE	3209	L4O	PAN	F	1135	1425	30
Winter	11053	CIVE	3209	L5O	PAN	R	1435	1725	30
Winter	11054	CIVE	3209	L6O	PAN	W	1135	1425	30
Fall	31105	CIVE	3210	A	LEC	T	1805	2055	102
Fall	31106	CIVE	3210	L1	LAB	T	1305	1425	66
Fall	31107	CIVE	3210	L2	LAB	T	1135	1255	58
Fall	31108	CIVE	3210	L3	LAB				
Fall	31109	CIVE	3210	L4	LAB				
Fall	31110	CIVE	3304	A	LEC	WF	1435	1555	115
Fall	31111	CIVE	3304	L1E	LAB	M	1435	1725	96
Fall	31112	CIVE	3304	L2O	LAB	M	1435	1725	96
Winter	15462	CIVE	3305	A	LEC	MW	1305	1425	115
Winter	15463	CIVE	3305	L1E	LAB	M	1435	1725	115
Fall	31113	CIVE	3407	A	LEC	TR	1435	1555	102
Fall	31114	CIVE	3407	A1O	PAN	F	1135	1425	115
Fall	31115	CIVE	3999	A	WRK				
Winter	11055	CIVE	3999	A	WRK				
Fall	31116	CIVE	4200	A	LEC	MW	1435	1555	78
Fall	31117	CIVE	4200	A1O	LAB	R	1805	2055	52
Fall	31118	CIVE	4201	A	LEC	W	835	1125	108
Fall	31119	CIVE	4201	A1O	LAB	F	1435	1725	78
Winter	11056	CIVE	4202	A	LEC	TR	1005	1125	154
Winter	11057	CIVE	4202	A1O	PAN	M	1435	1725	120
Fall	31120	CIVE	4208	A	LEC	T	1805	2055	102
Fall	31121	CIVE	4208	L1	LAB	T	1305	1425	66
Fall	31122	CIVE	4208	L2	LAB	T	1135	1255	58
Fall	31123	CIVE	4208	L3	LAB				
Fall	31124	CIVE	4208	L4	LAB				
Winter	11058	CIVE	4209	A	LEC	MW	1305	1425	115
Winter	11059	CIVE	4209	L1E	LAB	M	1435	1725	115
Winter	11060	CIVE	4301	A	LEC	TR	1435	1555	52
Winter	11061	CIVE	4301	A1E	LAB	W	1435	1725	54
Fall	31125	CIVE	4302	A	LEC	TR	1005	1125	54
Fall	31126	CIVE	4302	A1O	LAB	F	835	1125	78
Fall	31127	CIVE	4303	A	LEC	MW	1135	1255	56
Fall	31128	CIVE	4303	A1O	LAB	R	1805	2055	96
Winter	11062	CIVE	4307	A	LEC	WF	1135	1255	67
Winter	11063	CIVE	4307	A1	PAN	T	1005	1125	58
Winter	11064	CIVE	4308	A	LEC	M	1805	2055	102
Winter	11065	CIVE	4308	A1O	LAB	W	1435	1725	54
Fall	31129	CIVE	4400	A	LEC	TR	835	955	108
Fall	31130	CIVE	4400	A1E	LAB	R	1805	2055	108
Fall	31131	CIVE	4403	A	LEC	W	1135	1425	40
Fall	31132	CIVE	4403	A1E	PAN	W	835	1125	40
Fall	31133	CIVE	4407	A	LEC	TR	1435	1555	102
Fall	31134	CIVE	4407	A1O	PAN	F	1135	1425	115
Winter	11066	CIVE	4601	A	LEC	W	835	1125	56
Winter	11067	CIVE	4601	A1	LAB	W	1135	1425	35
Winter	11068	CIVE	4601	A2	LAB	W	1435	1725	35
Winter	11069	CIVE	4601	A3	LAB	R	1135	1425	34
Winter	11070	CIVE	4614	A	LEC	TR	1135	1255	204
Winter	11071	CIVE	4614	A1	LAB	F	1005	1125	78
Fall	31135	CIVE	4907	A	OTH	M	2105	2155	20
Winter	11072	CIVE	4907	A	OTH	M	2105	2155	20
Fall	31136	CIVE	4917	A	IND				
Winter	11073	CIVE	4917	B	IND				
Fall	31137	CIVE	4918	A	LEC	R	1605	1755	204
Winter	11074	CIVE	4918	A	LEC	R	1605	1755	204
Fall	31138	CIVE	4918	A1	PAN	M	835	1125	133
Winter	11075	CIVE	4918	A1	PAN	M	835	1125	133
Fall	31163	CLCV	1002	A	LEC				9000
Winter	11093	CLCV	1003	B	LEC				9000
Winter	15641	CLCV	1005	W	TUT				
Fall	31164	CLCV	1008	A	LEC	WF	1005	1125	9000
Winter	11094	CLCV	1009	A	LEC	TR	1305	1425	134
Fall	35884	CLCV	2004	A	TUT				
Winter	15561	CLCV	2004	B	TUT				
Winter	15571	CLCV	2005	B	TUT				
Fall	31165	CLCV	2008	A	LEC	TR	1435	1555	94
Winter	11095	CLCV	2010	A	LEC	TR	1435	1555	76
Fall	31166	CLCV	2305	A	LEC	T	1735	1925	120
Winter	11096	CLCV	2305	A	LEC	T	1735	1925	54
Fall	31167	CLCV	2305	B	LEC				9000
Winter	11097	CLCV	2305	B	LEC				9000
Fall	31168	CLCV	2500	A	LEC				9000
Fall	31169	CLCV	2902	A	LEC	MW	1135	1255	96
Winter	11098	CLCV	2903	A	LEC	MW	1305	1425	66
Fall	31170	CLCV	2904	A	LEC				9000
Winter	11099	CLCV	2905	A	LEC				9000
Winter	11100	CLCV	3000	A	LEC	F	1135	1425	66
Fall	31171	CLCV	3306	A	LEC	TR	1135	1255	9000
Winter	11101	CLCV	3307	A	LEC	T	1135	1425	94
Winter	11102	CLCV	4210	B	SEM	F	835	1125	19
Fall	31172	CLCV	4800	A	SEM	MW	1605	1725	9000
Fall	31173	CLCV	4900	A	IND				
Winter	11103	CLCV	4900	B	IND				
Fall	31186	COMP	1001	A	LEC	MW	1005	1125	98
Winter	11116	COMP	1001	A	LEC	MW	1005	1125	108
Fall	31187	COMP	1005	A	LEC	MW	1005	1125	204
Winter	11117	COMP	1005	A	LEC	MW	1005	1125	204
Fall	31188	COMP	1005	A1	TUT	T	1935	2055	84
Winter	11118	COMP	1005	A1	TUT	R	1135	1255	84
Fall	31189	COMP	1005	A2	TUT	M	1805	1925	78
Winter	11119	COMP	1005	A2	TUT	T	835	955	84
Fall	31190	COMP	1005	A3	TUT	M	1935	2055	84
Winter	11120	COMP	1005	A3	TUT	T	1635	1755	84
Winter	11121	COMP	1005	A4	TUT	W	1605	1725	96
Fall	31191	COMP	1005	B	LEC				
Winter	11122	COMP	1005	B	LEC	MW	1605	1725	9000
Fall	31192	COMP	1005	B1	TUT				
Winter	11123	COMP	1005	B1	TUT	T	1805	1925	9000
Fall	31193	COMP	1005	B2	TUT				
Winter	11124	COMP	1005	B2	TUT	M	1805	1925	9000
Fall	31194	COMP	1005	B3	TUT				
Winter	11125	COMP	1005	B3	TUT	W	1805	1925	9000
Fall	31195	COMP	1005	C	LEC	TR	1135	1255	236
Fall	31196	COMP	1005	C1	TUT	T	835	955	96
Fall	31197	COMP	1005	C2	TUT	M	1135	1255	98
Fall	31198	COMP	1005	C3	TUT	M	1305	1425	98
Fall	31199	COMP	1005	D	LEC	MW	1305	1425	285
Fall	31200	COMP	1005	D1	TUT	F	1005	1125	96
Fall	31201	COMP	1005	D2	TUT	R	835	955	96
Fall	31202	COMP	1005	D3	TUT	F	835	955	84
Fall	31203	COMP	1005	E	LEC	MW	1605	1725	204
Fall	31204	COMP	1005	E1	TUT	R	1805	1925	96
Fall	31205	COMP	1005	E2	TUT	F	1305	1425	84
Fall	31206	COMP	1006	A	LEC	TR	1135	1255	236
Winter	11126	COMP	1006	A	LEC	TR	1135	1255	154
Fall	31207	COMP	1006	A1	TUT	W	1805	1925	78
Winter	11127	COMP	1006	A1	TUT	T	1805	1925	78
Fall	31208	COMP	1006	A2	TUT	W	1435	1555	78
Winter	11128	COMP	1006	A2	TUT	W	1935	2055	78
Fall	31209	COMP	1006	A3	TUT	F	1435	1555	78
Winter	11129	COMP	1006	B	LEC	MW	1005	1125	236
Winter	11130	COMP	1006	B1	TUT	M	1605	1725	78
Winter	11131	COMP	1006	B2	TUT	R	835	955	78
Winter	11132	COMP	1006	B3	TUT	R	1435	1555	78
Winter	11133	COMP	1006	C	LEC				
Winter	11134	COMP	1006	C1	TUT				
Winter	11135	COMP	1006	C2	TUT				
Winter	11136	COMP	1006	D	LEC	TR	835	955	9000
Winter	11137	COMP	1006	D1	TUT	F	1435	1555	84
Winter	11138	COMP	1006	D2	TUT	F	1005	1125	96
Winter	11139	COMP	1006	E	LEC	MW	1435	1555	189
Winter	11140	COMP	1006	E1	TUT	F	1005	1125	78
Winter	11141	COMP	1006	E2	TUT	F	1435	1555	78
Winter	15655	COMP	1006	E3	TUT	R	1735	1855	78
Fall	31210	COMP	1008	A	LEC	R	1805	2055	77
Fall	31211	COMP	1405	A	LEC	MW	1005	1125	204
Winter	11142	COMP	1405	A	LEC	MW	1005	1125	204
Fall	31212	COMP	1405	A1	TUT	T	1935	2055	84
Winter	11143	COMP	1405	A1	TUT	R	1135	1255	84
Fall	31213	COMP	1405	A2	TUT	M	1805	1925	78
Winter	11144	COMP	1405	A2	TUT	T	835	955	84
Fall	31214	COMP	1405	A3	TUT	M	1935	2055	84
Winter	11145	COMP	1405	A3	TUT	T	1635	1755	84
Winter	11146	COMP	1405	A4	TUT	W	1605	1725	96
Fall	31215	COMP	1405	B	LEC				
Winter	11147	COMP	1405	B	LEC	MW	1605	1725	9000
Fall	31216	COMP	1405	B1	TUT				
Winter	11148	COMP	1405	B1	TUT	T	1805	1925	9000
Fall	31217	COMP	1405	B2	TUT				
Winter	11149	COMP	1405	B2	TUT	M	1805	1925	9000
Fall	31218	COMP	1405	B3	TUT				
Winter	11150	COMP	1405	B3	TUT	W	1805	1925	9000
Fall	31219	COMP	1405	C	LEC	TR	1135	1255	236
Fall	31220	COMP	1405	C1	TUT	T	835	955	96
Fall	31221	COMP	1405	C2	TUT	M	1135	1255	98
Fall	31222	COMP	1405	C3	TUT	M	1305	1425	98
Fall	31223	COMP	1405	D	LEC	MW	1305	1425	285
Fall	31224	COMP	1405	D1	TUT	F	1005	1125	96
Fall	31225	COMP	1405	D2	TUT	R	835	955	96
Fall	31226	COMP	1405	D3	TUT	F	835	955	84
Fall	31227	COMP	1405	E	LEC	MW	1605	1725	204
Fall	31228	COMP	1405	E1	TUT	R	1805	1925	96
Fall	31229	COMP	1405	E2	TUT	F	1305	1425	84
Fall	31230	COMP	1405	T	LEC				
Fall	31231	COMP	1405	T1	TUT				
Fall	31232	COMP	1405	Z	LEC				9000
Fall	31233	COMP	1405	Z1	TUT	R	1135	1425	55
Fall	31234	COMP	1405	Z2	TUT	R	1435	1725	55
Fall	31235	COMP	1406	A	LEC	TR	1135	1255	236
Winter	11151	COMP	1406	A	LEC	TR	1135	1255	154
Fall	31236	COMP	1406	A1	TUT	W	1805	1925	78
Winter	11152	COMP	1406	A1	TUT	T	1805	1925	78
Fall	31237	COMP	1406	A2	TUT	W	1435	1555	78
Winter	11153	COMP	1406	A2	TUT	W	1935	2055	78
Fall	31238	COMP	1406	A3	TUT	F	1435	1555	78
Winter	11154	COMP	1406	B	LEC	MW	1005	1125	236
Winter	11155	COMP	1406	B1	TUT	M	1605	1725	78
Winter	11156	COMP	1406	B2	TUT	R	835	955	78
Winter	11157	COMP	1406	B3	TUT	R	1435	1555	78
Winter	11158	COMP	1406	C	LEC				
Winter	11159	COMP	1406	C1	TUT				
Winter	11160	COMP	1406	C2	TUT				
Winter	11161	COMP	1406	D	LEC	TR	835	955	9000
Winter	11162	COMP	1406	D1	TUT	F	1435	1555	84
Winter	11163	COMP	1406	D2	TUT	F	1005	1125	96
Winter	11164	COMP	1406	E	LEC	MW	1435	1555	189
Winter	11165	COMP	1406	E1	TUT	F	1005	1125	78
Winter	11166	COMP	1406	E2	TUT	F	1435	1555	78
Winter	15656	COMP	1406	E3	TUT	R	1735	1855	78
Fall	31239	COMP	1406	Z	LEC				9000
Fall	31240	COMP	1406	Z1	TUT	R	1135	1425	55
Fall	31241	COMP	1406	Z2	TUT	R	1435	1725	55
Winter	11167	COMP	1501	A	LEC	TR	1005	1125	9000
Winter	11168	COMP	1501	A1	TUT	M	1305	1425	9000
Winter	11169	COMP	1501	A2	TUT	M	1005	1125	9000
Winter	11170	COMP	1501	A3	TUT	M	1605	1725	9000
Winter	11171	COMP	1501	A4	TUT	M	1135	1255	9000
Winter	11172	COMP	1501	A5	TUT				
Fall	31242	COMP	1805	A	LEC	TR	1005	1125	204
Winter	11173	COMP	1805	A	LEC	WF	1135	1255	192
Fall	31243	COMP	1805	A1	TUT	R	1335	1425	96
Winter	11174	COMP	1805	A1	TUT	R	1435	1525	96
Fall	31244	COMP	1805	A2	TUT	W	1335	1425	84
Winter	11175	COMP	1805	A2	TUT	W	1335	1425	76
Fall	31245	COMP	1805	A3	TUT	W	1235	1325	78
Winter	11176	COMP	1805	A3	TUT	M	1235	1325	56
Fall	31246	COMP	1805	B	LEC	WF	835	955	331
Winter	11177	COMP	1805	B	LEC	TR	1135	1255	204
Fall	31247	COMP	1805	B1	TUT	T	1335	1425	134
Winter	11178	COMP	1805	B1	TUT	R	1635	1725	67
Fall	31248	COMP	1805	B2	TUT	W	1035	1125	92
Winter	11179	COMP	1805	B2	TUT	F	1635	1725	96
Fall	31249	COMP	1805	B3	TUT				
Winter	11180	COMP	1805	B3	TUT	T	1435	1525	84
Fall	31250	COMP	1805	C	LEC	WF	1135	1255	204
Winter	11181	COMP	1805	C	LEC				9000
Fall	31251	COMP	1805	C1	TUT	R	1635	1725	80
Winter	11182	COMP	1805	C1	TUT	M	1635	1725	96
Fall	31252	COMP	1805	C2	TUT	T	1335	1425	78
Winter	11183	COMP	1805	C2	TUT	T	1635	1725	96
Fall	31253	COMP	1805	C3	TUT	T	835	925	78
Fall	31254	COMP	1910	A	PRC				
Winter	11184	COMP	1910	A	PRC				
Fall	31255	COMP	1911	A	PRC				
Winter	11185	COMP	1911	A	PRC				
Fall	31256	COMP	2108	A	LEC	TR	1005	1125	120
Winter	11186	COMP	2108	A	LEC	TR	1605	1725	285
Winter	11187	COMP	2109	A	LEC	MW	1135	1255	96
Fall	31257	COMP	2401	A	LEC	MW	1005	1125	236
Winter	11188	COMP	2401	A	LEC	MW	1305	1425	9000
Fall	31258	COMP	2401	A1	TUT	W	1135	1255	78
Winter	11189	COMP	2401	A1	TUT	T	1135	1255	9000
Fall	31259	COMP	2401	A2	TUT	T	1605	1725	78
Winter	11190	COMP	2401	A2	TUT	R	1435	1555	9000
Fall	31260	COMP	2401	A3	TUT	R	1305	1425	78
Winter	11191	COMP	2401	A3	TUT	W	1005	1125	9000
Fall	31261	COMP	2401	B	LEC	TR	1605	1725	9000
Winter	11192	COMP	2401	B	LEC	MW	1605	1725	9000
Fall	31262	COMP	2401	B1	TUT	M	1435	1555	9000
Winter	11193	COMP	2401	B1	TUT	F	1305	1425	9000
Fall	31263	COMP	2401	B2	TUT	R	1305	1425	9000
Winter	11194	COMP	2401	B2	TUT	F	835	955	9000
Fall	31264	COMP	2401	B3	TUT	F	1135	1255	9000
Fall	31265	COMP	2401	C	LEC	WF	1435	1555	9000
Fall	31266	COMP	2401	C1	TUT	R	835	955	9000
Fall	31267	COMP	2401	C2	TUT	M	1305	1425	9000
Fall	31268	COMP	2401	C3	TUT	T	1135	1255	9000
Fall	31269	COMP	2401	D	LEC	TR	1435	1555	151
Fall	31270	COMP	2401	D1	TUT	M	1005	1125	84
Fall	31271	COMP	2401	D2	TUT	W	1605	1725	84
Fall	31272	COMP	2402	A	LEC	MW	1605	1725	386
Winter	11195	COMP	2402	A	LEC	TR	1135	1255	236
Fall	31273	COMP	2402	B	LEC				9000
Winter	11196	COMP	2402	B	LEC	TR	835	955	204
Fall	31274	COMP	2402	C	LEC	WF	1305	1425	386
Fall	31275	COMP	2404	A	LEC	WF	1435	1555	236
Winter	11197	COMP	2404	A	LEC	MW	1605	1725	285
Fall	31276	COMP	2404	A1	TUT	F	1135	1255	96
Winter	11198	COMP	2404	A1	TUT	F	1305	1425	84
Fall	31277	COMP	2404	A2	TUT	M	1605	1725	96
Winter	11199	COMP	2404	A2	TUT	W	1435	1555	84
Fall	31278	COMP	2404	A3	TUT	R	1005	1125	97
Winter	11200	COMP	2404	A3	TUT	M	1435	1555	96
Fall	31279	COMP	2404	B	LEC	MW	1605	1725	204
Winter	11201	COMP	2404	B	LEC	MW	1305	1425	236
Fall	31280	COMP	2404	B1	TUT	M	1435	1555	96
Winter	11202	COMP	2404	B1	TUT	R	1605	1725	96
Fall	31281	COMP	2404	B2	TUT	W	1435	1555	84
Winter	11203	COMP	2404	B2	TUT	W	1005	1125	84
Fall	31282	COMP	2404	B3	TUT	R	1305	1425	98
Winter	11204	COMP	2404	B3	TUT	F	1305	1425	96
Winter	11205	COMP	2404	C	LEC	TR	835	955	189
Winter	11206	COMP	2404	C1	TUT	W	1135	1255	79
Winter	11207	COMP	2404	C2	TUT	R	1605	1725	96
Fall	31283	COMP	2406	A	LEC				9000
Winter	11208	COMP	2406	A	LEC	TR	1135	1255	9000
Fall	31284	COMP	2406	A1	TUT	R	1435	1555	96
Winter	11209	COMP	2406	A1	TUT				9000
Fall	31285	COMP	2406	A2	TUT	R	1605	1725	96
Winter	11210	COMP	2406	A2	TUT				9000
Fall	31286	COMP	2406	A3	TUT	T	1305	1425	84
Winter	11211	COMP	2406	A3	TUT				9000
Fall	31287	COMP	2406	A4	TUT	M	1135	1255	115
Fall	31288	COMP	2406	B	LEC	TR	1135	1255	9000
Winter	11212	COMP	2406	B	LEC	MW	1005	1125	9000
Fall	31289	COMP	2406	B1	TUT	F	1435	1555	84
Winter	11213	COMP	2406	B1	TUT				9000
Fall	31290	COMP	2406	B2	TUT	F	1605	1725	96
Winter	11214	COMP	2406	B2	TUT				9000
Fall	31291	COMP	2406	B3	TUT	M	1305	1425	84
Winter	11215	COMP	2406	B3	TUT				9000
Fall	31292	COMP	2406	B4	TUT	F	1135	1255	84
Winter	11216	COMP	2501	A	LEC	MW	1435	1555	102
Winter	11217	COMP	2501	A1	TUT	T	1005	1125	25
Winter	11218	COMP	2501	A2	TUT	F	835	955	25
Winter	11219	COMP	2501	A3	TUT	M	1135	1255	25
Winter	11220	COMP	2501	A4	TUT	T	835	955	25
Winter	11221	COMP	2501	A5	TUT	M	1305	1425	25
Fall	31293	COMP	2801	A	LAB	TR	935	1125	9000
Fall	31294	COMP	2804	A	LEC	WF	1605	1725	348
Winter	11222	COMP	2804	A	LEC	WF	1435	1555	393
Fall	31295	COMP	2804	B	LEC	MW	1005	1125	386
Winter	11223	COMP	2804	B	LEC	MW	1635	1755	393
Fall	31296	COMP	2910	A	PRC				
Winter	11224	COMP	2910	A	PRC				
Fall	31297	COMP	2911	A	PRC				
Winter	11225	COMP	2911	A	PRC				
Fall	31298	COMP	3000	A	LEC	TR	1605	1725	348
Winter	11226	COMP	3000	A	LEC	MW	1135	1255	331
Fall	31299	COMP	3000	A1	TUT	F	835	955	41
Winter	11227	COMP	3000	A1	TUT	F	1605	1725	96
Fall	31300	COMP	3000	A2	TUT	M	1305	1425	41
Winter	11228	COMP	3000	A2	TUT	F	1135	1255	96
Fall	31301	COMP	3000	A3	TUT	T	1005	1125	48
Winter	11229	COMP	3000	A3	TUT	R	1135	1255	96
Fall	31302	COMP	3000	A4	TUT	W	1305	1425	41
Fall	31303	COMP	3000	B	LEC	TR	835	955	154
Winter	11230	COMP	3000	B	LEC				9000
Fall	31304	COMP	3000	B1	TUT	F	1435	1555	52
Winter	11231	COMP	3000	B1	TUT	F	1005	1125	80
Fall	31305	COMP	3000	B2	TUT	M	1305	1425	40
Winter	11232	COMP	3000	B2	TUT	R	1305	1425	96
Fall	31306	COMP	3000	B3	TUT	F	1135	1255	40
Winter	11233	COMP	3000	B3	TUT	F	1435	1555	96
Fall	31307	COMP	3000	B4	TUT	W	1005	1125	52
Winter	11234	COMP	3002	A	LEC	M	1805	2055	97
Fall	31308	COMP	3004	A	LEC	WF	1305	1425	192
Winter	11235	COMP	3004	A	LEC	MW	1305	1425	331
Fall	31309	COMP	3004	B	LEC	TR	1005	1125	9000
Winter	11236	COMP	3004	B	LEC	TR	1005	1125	9000
Fall	31310	COMP	3005	A	LEC	R	1805	2055	9000
Winter	11237	COMP	3005	A	LEC	MW	1005	1125	348
Fall	31311	COMP	3005	B	LEC	MW	1605	1725	9000
Winter	11238	COMP	3005	B	LEC	MW	1435	1555	285
Fall	31312	COMP	3007	A	LEC	MW	835	955	192
Winter	11239	COMP	3007	A	LEC	TR	835	955	285
Winter	11240	COMP	3007	B	LEC	TR	1305	1425	285
Fall	31313	COMP	3008	A	LEC	TR	1135	1255	154
Winter	11241	COMP	3008	A	LEC	TR	1435	1555	348
Fall	35916	COMP	3009	A	LEC	MW	1435	1555	120
Winter	11242	COMP	3009	A	LEC				
Fall	35917	COMP	3009	A1	LAB				
Winter	11243	COMP	3009	A1	LAB				
Fall	31314	COMP	3105	A	LEC	MW	1005	1125	192
Fall	31315	COMP	3106	A	LEC	TR	1135	1255	204
Fall	31316	COMP	3203	A	LEC	TR	1435	1555	192
Fall	31317	COMP	3203	A1	TUT	M	1805	1925	154
Winter	11244	COMP	3308	A	LEC	F	935	1125	79
Winter	11245	COMP	3308	A01	OTH	F	1135	1425	66
Fall	31318	COMP	3501	A	LEC	MW	1805	1925	52
Fall	31319	COMP	3801	A	LEC	WF	835	955	52
Fall	31320	COMP	3803	A	LEC	WF	1135	1255	67
Fall	31321	COMP	3804	A	LEC	MW	1435	1555	9000
Winter	11246	COMP	3804	A	LEC	TR	835	955	331
Fall	31322	COMP	3804	A1	TUT	F	835	955	9000
Winter	11247	COMP	3804	A1	TUT	F	1005	1125	331
Fall	31323	COMP	3804	B	LEC	TR	1305	1425	9000
Winter	11248	COMP	3804	B	LEC	MW	1005	1125	285
Fall	31324	COMP	3804	B1	TUT	F	1005	1125	9000
Winter	11249	COMP	3804	B1	TUT	F	1005	1125	386
Fall	31325	COMP	3805	A	LEC	MW	1135	1255	47
Fall	31326	COMP	3805	A1	TUT	M	1335	1425	47
Fall	31327	COMP	3910	A	PRC				
Winter	11250	COMP	3910	A	PRC				
Fall	31328	COMP	3911	A	PRC				
Winter	11251	COMP	3911	A	PRC				
Fall	31329	COMP	3999	A	WRK				
Winter	11252	COMP	3999	A	WRK				
Fall	31330	COMP	4001	A	LEC	R	1435	1725	148
Fall	31331	COMP	4004	A	LEC	MW	1305	1425	9000
Fall	31332	COMP	4010	A	LEC	TR	835	955	192
Winter	11253	COMP	4102	A	LEC	WF	1435	1555	204
Winter	11254	COMP	4107	B	LEC	MW	1005	1125	236
Fall	31333	COMP	4108	A	LEC	WF	1135	1255	108
Winter	11255	COMP	4108	B	LEC	TR	1605	1725	98
Fall	31334	COMP	4114	A	LEC	T	1435	1725	108
Winter	11256	COMP	4202	A	LEC	MW	1135	1255	9000
Winter	11257	COMP	4203	A	LEC				
Winter	11258	COMP	4308	A	LEC	W	1135	1255	31
Winter	11259	COMP	4308	A01	WKS	M	1135	1255	48
Winter	11260	COMP	4501	A	LEC	TR	1135	1255	58
Winter	11261	COMP	4602	A	LEC	MW	1135	1325	94
Fall	31335	COMP	4701	A	LEC	MW	1735	1855	66
Fall	31336	COMP	4803	A	LEC	WF	835	955	42
Fall	31337	COMP	4804	A	LEC	WF	1435	1555	83
Winter	11262	COMP	4806	A	LEC	MW	1605	1725	52
Winter	11263	COMP	4900	A	LAB	M	1435	1725	96
Fall	31338	COMP	4900	B	OTH	TR	1305	1425	40
Winter	11264	COMP	4900	C	LEC	MW	1805	1925	52
Fall	31339	COMP	4900	D	LAB	WF	1135	1255	51
Winter	15445	COMP	4900	D	LEC	TR	1305	1425	41
Fall	31340	COMP	4900	E	OTH	MW	1135	1255	42
Winter	11265	COMP	4900	E	LEC	WF	835	955	108
Fall	31341	COMP	4900	F	LEC				
Winter	11266	COMP	4900	F	OTH	TR	1005	1125	40
Fall	31342	COMP	4900	G	LEC	W	1435	1725	42
Winter	11267	COMP	4900	G	OTH	TR	1305	1425	51
Winter	15658	COMP	4900	H	OTH	TR	1135	1255	9000
Fall	35913	COMP	4900	J	LEC	R	1435	1725	52
Fall	35914	COMP	4900	K	LEC	W	835	1125	56
Winter	11268	COMP	4900	U	LAB	R	1135	1425	54
Winter	11269	COMP	4900	W	LAB	R	1135	1425	148
Winter	11270	COMP	4900	X	LAB	R	1135	1425	94
Fall	31343	COMP	4901	A	DIR				
Winter	11271	COMP	4901	A	DIR				
Fall	31344	COMP	4905	A	IND				
Winter	11272	COMP	4905	A	IND				
Fall	31345	COMP	4906	A	REP				
Winter	11273	COMP	4906	A	REP				
Fall	31346	COMP	4906	B	REP				
Winter	11274	COMP	4906	C	REP				
Fall	31347	COMP	4910	A	PRC				
Winter	11275	COMP	4910	A	PRC				
Fall	31348	COMP	4911	A	PRC				
Winter	11276	COMP	4911	A	PRC				
Fall	31381	COMS	1001	A	LEC	F	1135	1325	331
Fall	31382	COMS	1001	A01	GRP	F	1335	1425	25
Fall	31383	COMS	1001	A02	GRP	F	1335	1425	25
Fall	31384	COMS	1001	A03	GRP	F	1335	1425	58
Fall	31385	COMS	1001	A04	GRP	F	1335	1425	40
Fall	31386	COMS	1001	A05	GRP	F	1335	1425	40
Fall	31387	COMS	1001	A06	GRP	F	1435	1525	40
Fall	31388	COMS	1001	A07	GRP	F	1435	1525	42
Fall	31389	COMS	1001	A08	GRP	F	1435	1525	42
Fall	31390	COMS	1001	A09	GRP	F	1435	1525	58
Fall	31391	COMS	1001	A10	GRP	F	1435	1525	51
Winter	11312	COMS	1001	B	LEC	F	935	1125	348
Winter	11313	COMS	1001	B01	GRP	F	1135	1225	42
Winter	11314	COMS	1001	B02	GRP	F	1135	1225	31
Winter	11315	COMS	1001	B03	GRP	F	1135	1225	28
Winter	11316	COMS	1001	B04	GRP	F	1235	1325	42
Winter	11317	COMS	1001	B05	GRP	F	1235	1325	42
Winter	11318	COMS	1001	B06	GRP	F	1235	1325	28
Winter	15583	COMS	1001	B07	GRP	F	1135	1225	27
Winter	15584	COMS	1001	B08	GRP	F	1235	1325	31
Winter	15642	COMS	1001	B09	GRP	F	1135	1225	31
Fall	31392	COMS	1002	A	LEC	M	1135	1325	192
Fall	31393	COMS	1002	A01	GRP	M	1335	1425	51
Fall	31394	COMS	1002	A02	GRP	M	1335	1425	42
Fall	31395	COMS	1002	A03	GRP	M	1335	1425	67
Fall	31396	COMS	1002	A04	GRP	M	1435	1525	31
Fall	31397	COMS	1002	A05	GRP	M	1435	1525	35
Fall	31398	COMS	1002	A06	GRP	M	1435	1525	25
Winter	11319	COMS	1002	B	LEC	T	835	1025	444
Winter	11320	COMS	1002	B01	GRP	T	1035	1125	48
Winter	11321	COMS	1002	B02	GRP	T	1035	1125	25
Winter	11322	COMS	1002	B03	GRP	T	1035	1125	79
Winter	11323	COMS	1002	B04	GRP	T	1035	1125	80
Winter	11324	COMS	1002	B05	GRP	T	1035	1125	34
Winter	11325	COMS	1002	B06	GRP	T	1135	1225	40
Winter	11326	COMS	1002	B07	GRP	T	1135	1225	32
Winter	11327	COMS	1002	B08	GRP	T	1135	1225	27
Winter	11328	COMS	1002	B09	GRP	T	1135	1225	48
Winter	11329	COMS	1002	B10	GRP	T	1135	1225	27
Fall	31399	COMS	1003	A	LEC	R	1135	1325	59
Fall	31400	COMS	1003	A01	TUT	R	1335	1425	32
Fall	31401	COMS	1003	A02	TUT	R	1435	1525	52
Winter	11330	COMS	1003	B	LEC	M	935	1125	66
Winter	11331	COMS	1003	B01	TUT	M	1135	1225	52
Winter	11332	COMS	1003	B02	TUT	M	1235	1325	52
Fall	31402	COMS	2003	A	LEC	M	835	1025	98
Fall	31403	COMS	2003	A01	GRP	M	1035	1125	79
Fall	31404	COMS	2003	A02	GRP	M	1035	1125	42
Fall	31405	COMS	2003	A03	GRP	M	1135	1225	42
Fall	31406	COMS	2003	A04	GRP	M	1135	1225	18
Winter	11333	COMS	2003	B	LEC	F	1135	1325	102
Winter	11334	COMS	2003	B01	GRP	F	1335	1425	52
Winter	11335	COMS	2003	B02	GRP	F	1335	1425	42
Winter	11336	COMS	2003	B03	GRP	F	1435	1525	25
Winter	11337	COMS	2003	B04	GRP	F	1435	1525	25
Fall	31407	COMS	2004	A	LEC	T	1135	1325	134
Fall	31408	COMS	2004	A01	LAB	T	1335	1425	40
Fall	31409	COMS	2004	A02	LAB	T	1335	1425	25
Fall	31410	COMS	2004	A03	LAB	T	1435	1525	25
Fall	31411	COMS	2004	A04	LAB	T	1435	1525	25
Winter	11338	COMS	2004	B	LEC	T	835	1025	9000
Winter	11339	COMS	2004	B01	LAB	T	1035	1125	9000
Winter	11340	COMS	2004	B02	LAB	T	1035	1125	9000
Winter	11341	COMS	2004	B03	LAB	T	1135	1225	9000
Winter	11342	COMS	2004	B04	LAB	T	1135	1225	9000
Fall	31412	COMS	2200	A	LEC	M	1805	2055	204
Winter	11343	COMS	2300	A	LEC	F	835	1125	92
Winter	11344	COMS	2400	A	LEC	T	1435	1725	134
Fall	31413	COMS	2501	A	LEC	T	1805	2055	236
Fall	31414	COMS	2504	A	LEC	WF	835	955	9000
Fall	31415	COMS	2600	A	LEC	F	1435	1725	97
Winter	11345	COMS	2700	A	LEC	F	835	1125	9000
Fall	31416	COMS	3001	A	LEC	T	1435	1625	97
Fall	35795	COMS	3001	A01	LAB	T	1635	1725	25
Fall	35796	COMS	3001	A02	LAB	T	1635	1725	25
Fall	35797	COMS	3001	A03	LAB				
Fall	35798	COMS	3001	A04	LAB				
Fall	35799	COMS	3001	A05	LAB	T	1735	1825	25
Fall	35800	COMS	3001	A06	LAB	T	1735	1825	25
Fall	35801	COMS	3001	A07	LAB				
Fall	35802	COMS	3001	A08	LAB				
Winter	11346	COMS	3001	B	LEC	T	835	1125	9000
Fall	31417	COMS	3002	A	LEC	F	1135	1425	94
Fall	35789	COMS	3002	A01	GRP				
Fall	35790	COMS	3002	A02	GRP				
Fall	35791	COMS	3002	A03	GRP				
Fall	35792	COMS	3002	A04	GRP				
Winter	11347	COMS	3002	B	LEC	F	1135	1425	98
Winter	15481	COMS	3002	B01	GRP				
Winter	15482	COMS	3002	B02	GRP				
Winter	15483	COMS	3002	B03	GRP				
Winter	15484	COMS	3002	B04	GRP				
Fall	31418	COMS	3003	A	LEC	W	1435	1725	58
Winter	11348	COMS	3003	B	LEC	M	1435	1725	58
Fall	31419	COMS	3100	A	LEC	T	1435	1725	66
Fall	31420	COMS	3108	A	LEC	M	835	1125	78
Fall	31421	COMS	3109	A	LEC	R	835	1125	58
Fall	31422	COMS	3302	A	LEC	R	1135	1425	58
Fall	31423	COMS	3308	A	LEC	M	1135	1425	9000
Winter	11349	COMS	3310	A	LEC	M	1805	2055	58
Fall	31424	COMS	3400	A	LEC	W	1435	1725	58
Winter	11350	COMS	3401	A	LEC	R	1435	1725	9000
Winter	11351	COMS	3403	A	LEC	R	835	1125	58
Winter	11352	COMS	3406	A	LEC	F	1135	1425	57
Fall	31425	COMS	3410	A	LEC	R	1805	2055	58
Winter	11353	COMS	3411	A	LEC	T	1135	1425	66
Winter	11354	COMS	3412	A	LEC				
Fall	31426	COMS	3500	A	LEC	W	1235	1425	115
Fall	31427	COMS	3500	A01	GRP	W	1435	1525	41
Fall	31428	COMS	3500	A02	GRP	W	1435	1525	66
Fall	31429	COMS	3500	A03	GRP	W	1535	1625	41
Fall	31430	COMS	3500	A04	GRP	W	1535	1625	47
Winter	11355	COMS	3500	B	LEC	W	1135	1425	9000
Winter	11356	COMS	3500	B01	GRP	W	1435	1525	9000
Winter	11357	COMS	3500	B02	GRP	W	1435	1525	9000
Winter	11358	COMS	3500	B03	GRP	W	1535	1625	9000
Winter	15464	COMS	3500	B04	GRP	W	1535	1625	9000
Winter	11359	COMS	3600	B	WKS	W	835	1125	42
Fall	31431	COMS	3999	A	WRK				
Winter	11360	COMS	3999	A	WRK				
Winter	11361	COMS	4001	A	SEM	F	1135	1425	42
Fall	31432	COMS	4002	A	SEM	W	835	1125	54
Fall	31433	COMS	4311	A	LEC	T	1435	1725	31
Fall	31434	COMS	4312	A	LEC	R	1435	1725	42
Fall	31435	COMS	4313	A	LEC	F	1135	1425	56
Winter	11362	COMS	4316	A	LEC	W	1135	1425	35
Fall	31436	COMS	4317	A	LEC	R	1435	1725	54
Winter	11363	COMS	4401	A	LEC	R	835	1125	42
Winter	11364	COMS	4403	A	LEC	R	1435	1725	9000
Winter	11365	COMS	4405	A	LEC	T	835	1125	51
Fall	31437	COMS	4406	A	LEC	T	1805	2055	30
Winter	11366	COMS	4408	A	LEC	F	835	1125	39
Winter	11367	COMS	4411	A	LEC	T	1135	1425	34
Fall	35776	COMS	4412	A	LEC	W	835	1125	40
Fall	31438	COMS	4501	A	WKS	W	1135	1425	42
Winter	11368	COMS	4501	B	WKS	W	835	1125	27
Fall	31439	COMS	4502	A	WKS	M	1805	2055	31
Winter	11369	COMS	4503	A	WKS				
Fall	31440	COMS	4504	A	WKS	T	1135	1425	30
Winter	11370	COMS	4505	A	WKS	T	1435	1725	9000
Winter	11371	COMS	4506	A	WKS	R	1135	1425	27
Fall	31441	COMS	4507	A	WKS	M	1135	1425	39
Fall	31442	COMS	4602	A	LEC	R	1135	1425	58
Fall	31443	COMS	4603	A	LEC	W	1435	1725	9000
Winter	11372	COMS	4604	A	LEC	W	1135	1425	52
Fall	31444	COMS	4605	A	LEC	T	835	1125	9000
Winter	11373	COMS	4606	A	LEC	R	835	1125	40
Winter	11374	COMS	4607	A	LEC	M	1135	1425	52
Winter	11375	COMS	4608	A	LEC	M	1805	2055	42
Fall	31445	COMS	4800	A	LEC	W	1305	1555	34
Fall	31446	COMS	4800	B	LEC	T	835	1125	35
Fall	31447	COMS	4908	A	RES				
Winter	11376	COMS	4908	A	RES				
Fall	31460	COOP	1000	A	OTH				
Winter	11391	COOP	1000	G	OTH				
Fall	31461	CRCJ	1000	A	LEC	R	835	1025	444
Fall	31462	CRCJ	1000	A01	TUT	M	1235	1325	34
Fall	31463	CRCJ	1000	A02	TUT	W	835	925	39
Fall	31464	CRCJ	1000	A03	TUT	W	1635	1725	30
Fall	31465	CRCJ	1000	A04	TUT	T	835	925	39
Fall	31466	CRCJ	1000	A05	TUT	M	935	1025	32
Fall	31467	CRCJ	1000	A06	TUT	T	1635	1725	39
Fall	31468	CRCJ	1000	A07	TUT				
Fall	31469	CRCJ	1000	A08	TUT				
Fall	31470	CRCJ	1000	B	LEC				9000
Winter	11392	CRCJ	1000	C	LEC	W	1435	1625	331
Winter	11393	CRCJ	1000	C01	TUT	M	1035	1125	32
Winter	11394	CRCJ	1000	C02	TUT	M	935	1025	31
Winter	11395	CRCJ	1000	C03	TUT	M	1335	1425	39
Winter	11396	CRCJ	1000	C04	TUT	W	835	925	39
Winter	11397	CRCJ	1000	C05	TUT	R	1635	1725	32
Winter	11398	CRCJ	1000	C06	TUT	M	1435	1525	36
Winter	11399	CRCJ	1000	C07	TUT	W	1635	1725	32
Winter	11400	CRCJ	1000	C08	TUT	R	1335	1425	39
Winter	11401	CRCJ	1000	D	LEC				9000
Fall	31471	CRCJ	2100	A	LEC	R	1135	1425	108
Fall	31472	CRCJ	2100	B	LEC	T	835	1125	9000
Winter	11402	CRCJ	2100	C	LEC	T	1135	1425	108
Winter	11403	CRCJ	2100	D	LEC	R	835	1125	9000
Fall	31473	CRCJ	2200	A	LEC	M	1135	1425	9000
Winter	11404	CRCJ	2200	C	LEC	M	1135	1425	9000
Winter	11405	CRCJ	2200	D	LEC	F	835	1125	148
Winter	11406	CRCJ	2400	A	LEC	R	1435	1725	151
Fall	31474	CRCJ	3001	A	LEC	M	1805	2055	115
Winter	11407	CRCJ	3001	B	LEC	W	835	1125	9000
Fall	31475	CRCJ	3002	A	LEC	W	835	1125	66
Fall	31476	CRCJ	3002	B	LEC	R	835	1125	48
Winter	11408	CRCJ	3002	C	LEC	T	1435	1725	9000
Winter	11409	CRCJ	3002	D	LEC	M	1135	1425	9000
Winter	11410	CRCJ	3100	A	SEM	R	835	1125	66
Fall	31477	CRCJ	3110	A	LEC	R	1435	1725	77
Fall	31478	CRCJ	3200	A	SEM				9000
Fall	31479	CRCJ	3201	A	LEC	R	1435	1725	9000
Winter	11411	CRCJ	3201	B	LEC				
Winter	11412	CRCJ	3202	A	LEC	W	1805	2055	151
Winter	11413	CRCJ	3400	A	LEC	T	835	1125	69
Fall	31480	CRCJ	3901	A	SEM	T	835	1125	94
Winter	11414	CRCJ	3901	A	SEM	T	835	1125	94
Fall	31481	CRCJ	3902	A	SEM				
Winter	11415	CRCJ	3902	A	SEM				
Fall	31482	CRCJ	4001	A	SEM	T	835	1125	56
Winter	11416	CRCJ	4001	B	SEM	T	835	1125	31
Fall	31483	CRCJ	4002	A	SEM				9000
Winter	11417	CRCJ	4002	B	SEM	R	835	1125	54
Winter	11418	CRCJ	4100	A	SEM	R	1435	1725	9000
Winter	11419	CRCJ	4120	A	SEM	R	1435	1725	9000
Fall	31484	CRCJ	4200	A	SEM	W	835	1125	47
Fall	31485	CRCJ	4400	A	SEM	M	1435	1725	56
Fall	31486	CRCJ	4500	A	SEM	T	1135	1425	31
Fall	31487	CRCJ	4908	A	RES	T	1135	1425	25
Winter	11420	CRCJ	4908	A	RES	T	1135	1425	16
Fall	31488	CRCJ	4910	A	IND				
Winter	11421	CRCJ	4910	B	IND				
Fall	31489	CRCJ	4920	A	IND				
Winter	11422	CRCJ	4920	B	IND				
Fall	31490	CRST	2001	A	LEC	T	935	1125	189
Fall	31491	CRST	2001	A01	GRP	W	1435	1525	28
Fall	31492	CRST	2001	A02	GRP	W	1535	1625	28
Fall	31493	CRST	2001	A03	GRP	W	1635	1725	108
Winter	11423	CRST	3812	A	LEC	T	835	1125	54
Fall	31494	CRST	4001	A	SEM	F	1135	1425	97
Fall	31512	DBST	2001	A	LEC				
Winter	15440	DBST	2001	A	LEC	T	1435	1625	189
Fall	31513	DBST	2001	A01	GRP				
Winter	15441	DBST	2001	A01	GRP	F	1435	1525	58
Fall	31514	DBST	2001	A02	GRP				
Winter	15442	DBST	2001	A02	GRP	W	1235	1325	50
Fall	31515	DBST	2001	A03	GRP				
Winter	15443	DBST	2001	A03	GRP	W	1135	1225	50
Fall	31516	DBST	2001	A04	GRP				
Winter	15444	DBST	2001	A04	GRP	R	1435	1525	48
Winter	11445	DBST	3001	A	LEC	T	1135	1425	51
Fall	31517	DBST	3002	A	LEC	W	1135	1425	78
Fall	31518	DBST	3060	A	LEC				
Winter	15458	DBST	3060	A	LEC	W	1435	1725	66
Fall	31519	DBST	3304	A	LEC	T	1435	1725	42
Winter	11446	DBST	3304	A	LEC	W	1435	1725	51
Winter	15639	DBST	3812	A	LEC	R	1435	1725	27
Fall	31520	DBST	3900	A	IND				
Winter	11447	DBST	3900	A	IND				
Fall	31521	DIGH	2001	A	LEC	TR	1435	1555	9000
Winter	11448	DIGH	2002	A	LEC	WF	1305	1425	9000
Winter	11449	DIGH	2035	B	LEC	T	1135	1425	35
Fall	31522	DIGH	2200	A	LEC	M	1805	2055	204
Winter	11450	DIGH	2705	B	LEC	M	1135	1425	9000
Fall	31523	DIGH	3001	A	LEC	T	1135	1425	58
Fall	31524	DIGH	3700	A	LEC	M	1435	1525	32
Fall	31525	DIGH	3700	AF	FLM	M	1135	1425	52
Fall	31526	DIGH	3704	A	SEM	R	835	1125	9000
Fall	31527	DIGH	4002	A	SEM	W	1135	1425	28
Fall	32043	EACH	2000	A	SEM	TR	1435	1555	40
Winter	11913	EACH	4000	A	SEM	R	1435	1725	28
Fall	32064	ECON	5	A	LEC	TR	1605	1725	154
Winter	15609	ECON	5	B	LEC	F	835	1125	55
Fall	32065	ECON	1001	A	LEC	MW	1005	1125	285
Fall	32066	ECON	1001	A01	GRP	M	1135	1225	35
Fall	32067	ECON	1001	A02	GRP	M	1135	1225	52
Fall	32068	ECON	1001	A03	GRP	M	1235	1325	48
Fall	32069	ECON	1001	A04	GRP	M	1335	1425	52
Fall	32070	ECON	1001	A05	GRP	W	1435	1525	57
Fall	32071	ECON	1001	A06	GRP	W	1135	1225	34
Fall	32072	ECON	1001	A07	GRP	M	1805	1855	9000
Fall	32073	ECON	1001	A08	GRP	M	1905	1955	9000
Fall	32074	ECON	1001	B	LEC	TR	1005	1125	331
Fall	32075	ECON	1001	B01	GRP	T	1135	1225	66
Fall	32076	ECON	1001	B02	GRP	T	1135	1225	42
Fall	32077	ECON	1001	B03	GRP	T	1235	1325	55
Fall	32078	ECON	1001	B04	GRP	T	1235	1325	52
Fall	32079	ECON	1001	B05	GRP	R	1135	1225	52
Fall	32080	ECON	1001	B06	GRP	R	1135	1225	48
Fall	32081	ECON	1001	B07	GRP	T	1805	1855	9000
Fall	32082	ECON	1001	B08	GRP	T	1905	1955	9000
Fall	32083	ECON	1001	C	LEC	W	1805	2055	9000
Fall	32084	ECON	1001	C01	GRP	R	1735	1825	9000
Fall	32085	ECON	1001	C02	GRP	R	1735	1825	9000
Fall	32086	ECON	1001	C03	GRP	R	1735	1825	9000
Fall	32087	ECON	1001	C04	GRP	R	1835	1925	9000
Fall	32088	ECON	1001	C05	GRP				
Fall	32089	ECON	1001	C06	GRP				
Fall	32090	ECON	1001	C07	GRP	M	1805	1855	9000
Fall	32091	ECON	1001	C08	GRP	M	1805	1855	9000
Fall	32092	ECON	1001	D	LEC	M	1805	2055	331
Fall	32093	ECON	1001	D01	GRP	M	1635	1725	96
Fall	32094	ECON	1001	D02	GRP	M	1635	1725	66
Fall	32095	ECON	1001	D03	GRP	M	1635	1725	78
Fall	32096	ECON	1001	D04	GRP	M	1635	1725	78
Fall	32097	ECON	1001	D05	GRP	M	1535	1625	83
Fall	32098	ECON	1001	D06	GRP	M	1535	1625	66
Fall	32099	ECON	1001	D07	GRP	T	1805	1855	9000
Fall	32100	ECON	1001	D08	GRP	T	1935	2025	9000
Fall	32101	ECON	1001	E	LEC	W	1805	2055	9000
Winter	11933	ECON	1001	W	LEC	TR	1305	1425	331
Winter	11934	ECON	1001	W01	GRP	R	1435	1525	80
Winter	11935	ECON	1001	W02	GRP	T	1535	1625	84
Winter	11936	ECON	1001	W03	GRP	T	1435	1525	66
Winter	11937	ECON	1002	A	LEC	W	1805	2055	348
Winter	11938	ECON	1002	A01	GRP	M	1135	1225	40
Winter	11939	ECON	1002	A02	GRP	M	1135	1225	40
Winter	11940	ECON	1002	A03	GRP	M	1235	1325	40
Winter	11941	ECON	1002	A04	GRP	M	1235	1325	40
Winter	11942	ECON	1002	A05	GRP	W	1135	1225	97
Winter	11943	ECON	1002	A06	GRP	W	1135	1225	40
Winter	11944	ECON	1002	A07	GRP	M	1805	1855	9000
Winter	11945	ECON	1002	A08	GRP	M	1905	1955	9000
Winter	11946	ECON	1002	B	LEC	TR	1005	1125	331
Winter	11947	ECON	1002	B01	GRP	T	1135	1225	48
Winter	11948	ECON	1002	B02	GRP	T	1235	1325	78
Winter	11949	ECON	1002	B03	GRP	T	1335	1425	48
Winter	11950	ECON	1002	B04	GRP	T	1435	1525	40
Winter	11951	ECON	1002	B05	GRP	R	1135	1225	41
Winter	11952	ECON	1002	B06	GRP	R	1135	1225	97
Winter	11953	ECON	1002	B07	GRP	T	1805	1855	9000
Winter	11954	ECON	1002	B08	GRP	T	1905	1955	9000
Winter	11955	ECON	1002	C	LEC	T	1805	2055	9000
Winter	11956	ECON	1002	C01	GRP	M	1035	1125	9000
Winter	11957	ECON	1002	C02	GRP	M	1035	1125	9000
Winter	11958	ECON	1002	C03	GRP				
Winter	11959	ECON	1002	C04	GRP	M	1135	1225	9000
Winter	11960	ECON	1002	C05	GRP				
Winter	11961	ECON	1002	C06	GRP				
Winter	11962	ECON	1002	C07	GRP	M	1905	1955	9000
Winter	11963	ECON	1002	C08	GRP	M	1905	1955	9000
Winter	11964	ECON	1002	D	LEC	M	1805	2055	331
Winter	11965	ECON	1002	D01	GRP	M	1705	1755	40
Winter	11966	ECON	1002	D02	GRP	M	1705	1755	52
Winter	11967	ECON	1002	D03	GRP	M	1705	1755	52
Winter	11968	ECON	1002	D04	GRP	M	1705	1755	39
Winter	11969	ECON	1002	D05	GRP	M	1535	1625	40
Winter	11970	ECON	1002	D06	GRP	M	1535	1625	52
Winter	11971	ECON	1002	D07	GRP	W	1805	1855	9000
Winter	11972	ECON	1002	D08	GRP	W	1905	1955	9000
Winter	11973	ECON	1002	E	LEC	W	1805	2055	9000
Fall	32102	ECON	1401	A	LEC	TR	1435	1555	204
Fall	32103	ECON	1401	A01	TUT	R	1135	1225	96
Fall	32104	ECON	1401	A02	TUT	R	1235	1325	96
Winter	11974	ECON	1401	B	LEC	TR	1135	1255	78
Winter	11975	ECON	1401	B01	TUT	F	1235	1325	79
Fall	32105	ECON	1402	A	LEC	W	1135	1425	79
Fall	32106	ECON	1402	A01	TUT	F	1135	1225	69
Winter	11976	ECON	1402	B	LEC	W	1135	1425	133
Winter	11977	ECON	1402	B01	TUT	M	1535	1625	58
Winter	11978	ECON	1402	B02	TUT	R	1435	1525	78
Fall	32107	ECON	2001	A	LEC	R	1805	2055	78
Fall	32108	ECON	2009	A	LEC	MW	1305	1425	66
Fall	32109	ECON	2009	A01	TUT	W	1135	1255	66
Fall	32110	ECON	2020	A	LEC	MW	835	955	97
Fall	32111	ECON	2020	A01	TUT	M	1005	1125	97
Fall	32112	ECON	2020	B	LEC	WF	1005	1125	97
Fall	32113	ECON	2020	B01	TUT	W	1135	1255	97
Winter	11979	ECON	2020	G	LEC	MW	1435	1555	97
Winter	11980	ECON	2020	G01	TUT	M	1605	1725	189
Winter	11981	ECON	2030	A	LEC	W	1805	2055	97
Winter	11982	ECON	2030	A01	TUT	W	1605	1725	97
Winter	11983	ECON	2030	B	LEC	TR	1135	1255	79
Winter	11984	ECON	2030	B01	TUT	R	1305	1425	79
Fall	32114	ECON	2030	E	LEC				9000
Fall	32115	ECON	2030	E01	TUT				9000
Winter	11985	ECON	2101	A	LEC	M	1805	2055	9000
Fall	32116	ECON	2102	A	LEC	TR	1605	1725	189
Fall	32117	ECON	2102	A01	TUT	T	1735	1855	115
Fall	32118	ECON	2102	B	LEC	F	1135	1425	9000
Fall	32119	ECON	2102	B01	TUT	R	835	955	9000
Winter	11986	ECON	2102	G	LEC	TR	1605	1725	66
Winter	11987	ECON	2102	G01	TUT	T	1735	1855	80
Winter	11988	ECON	2103	A	LEC	F	1135	1425	9000
Winter	11989	ECON	2103	A01	TUT	F	1435	1555	9000
Fall	32120	ECON	2103	E	LEC	M	1805	2055	79
Fall	32121	ECON	2103	E01	TUT	M	1605	1725	79
Fall	32122	ECON	2210	A	LEC	M	1435	1725	79
Fall	32123	ECON	2210	A01	TUT	T	1435	1555	78
Fall	35758	ECON	2210	B	LEC	TR	1005	1125	96
Winter	11990	ECON	2210	B	LEC				
Fall	35759	ECON	2210	B01	TUT	R	1135	1255	96
Winter	11991	ECON	2210	B01	TUT				
Winter	11992	ECON	2210	G	LEC	WF	835	955	134
Winter	11993	ECON	2210	G01	TUT	M	1135	1255	97
Winter	11994	ECON	2220	A	LEC	R	835	1125	79
Winter	11995	ECON	2220	A01	TUT	R	1305	1425	97
Winter	11996	ECON	2220	B	LEC	R	1805	2055	98
Winter	11997	ECON	2220	B01	TUT	R	1435	1555	98
Fall	32124	ECON	2220	E	LEC	W	1435	1725	98
Fall	32125	ECON	2220	E01	TUT	T	1135	1255	79
Winter	11998	ECON	2708	A	LEC	MW	1005	1125	58
Winter	11999	ECON	2708	A01	TUT	W	1135	1255	58
Fall	32126	ECON	3001	A	LEC	W	1435	1725	96
Fall	32127	ECON	3001	A01	TUT	F	835	955	94
Winter	12000	ECON	3001	B	LEC	MW	835	955	52
Winter	12001	ECON	3001	B01	TUT	M	1005	1125	52
Fall	32128	ECON	3050	A	LEC	R	1135	1425	79
Fall	32129	ECON	3300	A	LEC				
Winter	15461	ECON	3300	A	LEC	R	1805	2055	79
Fall	32130	ECON	3360	A	LEC	M	1435	1725	9000
Fall	32131	ECON	3403	A	LEC	W	1135	1425	58
Fall	32132	ECON	3405	A	LEC	R	1435	1725	78
Winter	12002	ECON	3450	A	LEC	M	1435	1725	63
Fall	32133	ECON	3460	A	LEC				
Fall	32134	ECON	3508	A	LEC	T	1435	1725	79
Winter	12003	ECON	3509	A	LEC	W	1805	2055	66
Fall	32135	ECON	3601	A	LEC	T	1135	1425	96
Winter	12004	ECON	3602	A	LEC	T	1805	2055	9000
Winter	12005	ECON	3607	A	LEC	T	1435	1725	80
Winter	12006	ECON	3803	A	LEC				
Fall	32136	ECON	3804	A	LEC	M	1805	2055	58
Winter	12007	ECON	3807	A	LEC	R	1805	2055	76
Fall	32137	ECON	3808	A	LEC	W	1805	2055	63
Fall	32138	ECON	3856	A	LEC	R	1805	2055	98
Winter	12008	ECON	3880	A	LEC				
Fall	32139	ECON	3880	Z	LEC	W	1435	1725	35
Fall	32140	ECON	3900	A	SEM	M	1135	1425	58
Winter	12009	ECON	3900	B	SEM	M	1135	1425	42
Winter	12010	ECON	3900	C	SEM				
Fall	32141	ECON	3920	A	SEM	F	1135	1425	66
Winter	12011	ECON	3920	B	SEM	F	835	1125	67
Fall	32142	ECON	3999	A	WRK				
Winter	12012	ECON	3999	B	WRK				
Fall	32143	ECON	4001	A	LEC	W	1435	1725	66
Fall	32144	ECON	4001	A01	TUT	M	835	955	56
Fall	32145	ECON	4002	A	LEC	R	835	1125	54
Fall	32146	ECON	4002	A01	TUT	M	1005	1125	51
Fall	32147	ECON	4004	A	LEC	T	835	1125	58
Fall	32148	ECON	4020	A	LEC	MW	1135	1255	66
Fall	32149	ECON	4020	A01	TUT	W	835	955	92
Winter	12013	ECON	4020	B	LEC	F	1135	1425	54
Winter	12014	ECON	4020	B01	TUT	R	1005	1125	58
Fall	32150	ECON	4021	A	LEC	TR	1005	1125	66
Fall	32151	ECON	4021	A01	TUT	R	1135	1255	51
Winter	12015	ECON	4021	B	LEC	TR	1435	1555	79
Winter	12016	ECON	4021	B01	TUT	T	1605	1725	79
Fall	32152	ECON	4026	A	LEC	T	1435	1725	51
Winter	12017	ECON	4051	A	LEC	W	1435	1725	47
Winter	12018	ECON	4052	A	LEC	R	1135	1425	48
Winter	12019	ECON	4057	A	LEC	T	835	1125	56
Winter	12020	ECON	4301	A	LEC	MW	1605	1725	80
Fall	32153	ECON	4360	A	LEC	R	1805	2055	50
Winter	12021	ECON	4460	A	LEC				
Fall	32154	ECON	4507	A	LEC	R	1135	1425	50
Fall	32155	ECON	4508	A	LEC	M	1435	1725	48
Winter	12022	ECON	4601	A	LEC	F	835	1125	66
Winter	12023	ECON	4602	A	LEC	T	1135	1425	96
Fall	32156	ECON	4706	A	LEC	WF	1305	1425	56
Fall	32157	ECON	4706	A01	TUT	F	1435	1555	56
Winter	12024	ECON	4706	B	LEC	MW	1135	1255	56
Winter	12025	ECON	4706	B01	TUT	M	1305	1425	56
Fall	32158	ECON	4706	C	LEC	MW	1005	1125	96
Fall	32159	ECON	4706	C01	TUT	F	1135	1255	42
Winter	12026	ECON	4707	A	LEC	T	835	1125	42
Fall	32160	ECON	4708	A	LEC	F	835	1125	30
Winter	12027	ECON	4709	A	SEM	M	1435	1725	30
Fall	32161	ECON	4880	A	SEM	T	1135	1425	9000
Fall	35779	ECON	4880	V	SEM	MW	1805	1925	9000
Winter	12028	ECON	4880	Z	SEM	R	835	1125	40
Fall	32162	ECON	4903	A	TUT				
Winter	12029	ECON	4903	B	TUT				
Fall	32163	ECON	4904	A	TUT				
Winter	12030	ECON	4904	B	TUT				
Fall	32164	ECON	4905	A	SEM	W	1805	2055	42
Winter	12031	ECON	4905	B	SEM	M	1135	1425	42
Winter	12032	ECON	4905	C	SEM	W	1435	1725	36
Fall	32165	ECON	4908	A	TUT				
Winter	12033	ECON	4908	A	TUT				
Fall	32166	ECON	4908	B	TUT				
Winter	12034	ECON	4908	B	TUT				
Fall	32167	ECON	4908	C	TUT				
Winter	12035	ECON	4908	C	TUT				
Winter	12036	ECON	4990	A	SEM	F	835	1125	67
Fall	32168	ECON	4995	A	NTC				
Fall	32169	ECON	4995	A1	TUT				
Fall	32203	ECOR	1041	A	LEC	TR	1135	1255	348
Fall	32204	ECOR	1041	A1	LAB	T	835	1125	80
Fall	32205	ECOR	1041	A2	LAB	W	1435	1725	80
Fall	32206	ECOR	1041	A3	LAB	R	835	1125	80
Fall	32207	ECOR	1041	A4	LAB	F	835	1125	80
Fall	32208	ECOR	1041	A5	LAB	F	1435	1725	80
Fall	32209	ECOR	1041	A6	LAB	R	1435	1725	80
Fall	32210	ECOR	1041	B	LEC	TR	1305	1425	348
Fall	32211	ECOR	1041	B1	LAB	M	1435	1725	80
Fall	32212	ECOR	1041	B2	LAB	F	1135	1425	80
Fall	32213	ECOR	1041	B3	LAB	W	1135	1425	80
Fall	32214	ECOR	1041	B4	LAB	W	1805	2055	80
Fall	32215	ECOR	1041	B5	LAB	M	1805	2055	80
Fall	32216	ECOR	1041	B6	LAB	T	1435	1725	80
Winter	12070	ECOR	1041	C	LEC	TR	1135	1255	386
Winter	12071	ECOR	1041	C1	LAB	M	1135	1425	80
Winter	12072	ECOR	1041	C2	LAB	T	1435	1725	80
Winter	12073	ECOR	1041	C3	LAB	F	835	1125	80
Winter	12074	ECOR	1041	C4	LAB	R	835	1125	80
Winter	12075	ECOR	1041	C5	LAB	F	1135	1425	80
Winter	12076	ECOR	1041	C6	LAB	M	835	1125	80
Winter	12077	ECOR	1041	D	LEC	MW	1435	1555	386
Winter	12078	ECOR	1041	D1	LAB	R	1435	1725	80
Winter	12079	ECOR	1041	D2	LAB	F	1805	2055	80
Winter	12080	ECOR	1041	D3	LAB	T	835	1125	80
Winter	12081	ECOR	1041	D4	LAB	F	1435	1725	80
Winter	12082	ECOR	1041	D5	LAB	T	1805	2055	80
Winter	12083	ECOR	1041	D6	LAB	W	835	1125	80
Fall	32217	ECOR	1041	F	LEC	TR	1135	1255	285
Fall	32218	ECOR	1041	F1	LAB				
Winter	12084	ECOR	1041	H	LEC	TR	1135	1255	331
Winter	12085	ECOR	1041	H1	LAB				
Fall	32219	ECOR	1042	A	LEC	TR	1135	1255	348
Fall	32220	ECOR	1042	A1A	LAB	T	835	1125	80
Fall	32221	ECOR	1042	A1B	LAB	T	835	1125	80
Fall	32222	ECOR	1042	A2A	LAB	W	1435	1725	80
Fall	32223	ECOR	1042	A2B	LAB	W	1435	1725	80
Fall	32224	ECOR	1042	A3A	LAB	R	835	1125	80
Fall	32225	ECOR	1042	A3B	LAB	R	835	1125	80
Fall	32226	ECOR	1042	A4A	LAB	F	835	1125	80
Fall	32227	ECOR	1042	A4B	LAB	F	835	1125	80
Fall	32228	ECOR	1042	A5A	LAB	F	1435	1725	80
Fall	32229	ECOR	1042	A5B	LAB	F	1435	1725	80
Fall	32230	ECOR	1042	A6A	LAB	R	1435	1725	80
Fall	32231	ECOR	1042	A6B	LAB	R	1435	1725	80
Fall	32232	ECOR	1042	ATU	TUT				
Fall	32233	ECOR	1042	B	LEC	TR	1305	1425	348
Fall	32234	ECOR	1042	B1A	LAB	M	1435	1725	80
Fall	32235	ECOR	1042	B1B	LAB	M	1435	1725	80
Fall	32236	ECOR	1042	B2A	LAB	F	1135	1425	80
Fall	32237	ECOR	1042	B2B	LAB	F	1135	1425	80
Fall	32238	ECOR	1042	B3A	LAB	W	1135	1425	80
Fall	32239	ECOR	1042	B3B	LAB	W	1135	1425	80
Fall	32240	ECOR	1042	B4A	LAB	W	1805	2055	80
Fall	32241	ECOR	1042	B4B	LAB	W	1805	2055	80
Fall	32242	ECOR	1042	B5A	LAB	M	1805	2055	80
Fall	32243	ECOR	1042	B5B	LAB	M	1805	2055	80
Fall	32244	ECOR	1042	B6A	LAB	T	1435	1725	80
Fall	32245	ECOR	1042	B6B	LAB	T	1435	1725	80
Fall	32246	ECOR	1042	BTU	TUT	TR	1135	1255	285
Winter	12086	ECOR	1042	C	LEC	TR	1135	1255	386
Winter	12087	ECOR	1042	C1A	LAB	M	1135	1425	80
Winter	12088	ECOR	1042	C1B	LAB	M	1135	1425	80
Winter	12089	ECOR	1042	C2A	LAB	T	1435	1725	80
Winter	12090	ECOR	1042	C2B	LAB	T	1435	1725	80
Winter	12091	ECOR	1042	C3A	LAB	F	835	1125	80
Winter	12092	ECOR	1042	C3B	LAB	F	835	1125	80
Winter	12093	ECOR	1042	C4A	LAB	R	835	1125	80
Winter	12094	ECOR	1042	C4B	LAB	R	835	1125	80
Winter	12095	ECOR	1042	C5A	LAB	F	1135	1425	80
Winter	12096	ECOR	1042	C5B	LAB	F	1135	1425	80
Winter	12097	ECOR	1042	C6A	LAB	M	835	1125	80
Winter	12098	ECOR	1042	C6B	LAB	M	835	1125	80
Winter	12099	ECOR	1042	CTU	TUT				
Winter	12100	ECOR	1042	D	LEC	MW	1435	1555	386
Winter	12101	ECOR	1042	D1A	LAB	R	1435	1725	80
Winter	12102	ECOR	1042	D1B	LAB	R	1435	1725	80
Winter	12103	ECOR	1042	D2A	LAB	F	1805	2055	80
Winter	12104	ECOR	1042	D2B	LAB	F	1805	2055	80
Winter	12105	ECOR	1042	D3A	LAB	T	835	1125	80
Winter	12106	ECOR	1042	D3B	LAB	T	835	1125	80
Winter	12107	ECOR	1042	D4A	LAB	F	1435	1725	80
Winter	12108	ECOR	1042	D4B	LAB	F	1435	1725	80
Winter	12109	ECOR	1042	D5A	LAB	T	1805	2055	80
Winter	12110	ECOR	1042	D5B	LAB	T	1805	2055	80
Winter	12111	ECOR	1042	D6A	LAB	W	835	1125	80
Winter	12112	ECOR	1042	D6B	LAB	W	835	1125	80
Winter	12113	ECOR	1042	DTU	TUT	TR	1135	1255	331
Fall	32247	ECOR	1043	A	LEC	TR	1435	1555	348
Fall	32248	ECOR	1043	A1	LAB	R	835	1125	65
Fall	32249	ECOR	1043	A2	LAB	W	1435	1725	65
Fall	32250	ECOR	1043	A3	LAB	W	1135	1425	65
Fall	32251	ECOR	1043	A4	LAB	T	835	1125	65
Fall	32252	ECOR	1043	A5	LAB	F	835	1125	65
Fall	32253	ECOR	1043	A6	LAB				
Fall	32254	ECOR	1043	B	LEC	MW	1005	1125	393
Fall	32255	ECOR	1043	B1	LAB	R	1805	2055	65
Fall	32256	ECOR	1043	B2	LAB	M	1435	1725	65
Fall	32257	ECOR	1043	B3	LAB	F	1435	1725	65
Fall	32258	ECOR	1043	B4	LAB	F	1135	1425	65
Fall	32259	ECOR	1043	B5	LAB	T	1435	1725	65
Fall	32260	ECOR	1043	B6	LAB	M	1135	1425	65
Winter	12114	ECOR	1043	C	LEC	MW	1005	1125	393
Winter	12115	ECOR	1043	C1	LAB	F	1435	1725	65
Winter	12116	ECOR	1043	C2	LAB	W	1805	2055	65
Winter	12117	ECOR	1043	C3	LAB	M	1805	2055	65
Winter	12118	ECOR	1043	C4	LAB	R	835	1125	65
Winter	12119	ECOR	1043	C5	LAB	F	1805	2055	65
Winter	12120	ECOR	1043	C6	LAB	T	835	1125	65
Winter	12121	ECOR	1043	D	LEC	MW	1305	1425	393
Winter	12122	ECOR	1043	D1	LAB	M	835	1125	65
Winter	12123	ECOR	1043	D2	LAB	W	835	1125	65
Winter	12124	ECOR	1043	D3	LAB	R	1435	1725	65
Winter	12125	ECOR	1043	D4	LAB	R	1805	2055	65
Winter	12126	ECOR	1043	D5	LAB	T	1435	1725	65
Winter	12127	ECOR	1043	D6	LAB	F	835	1125	65
Fall	32261	ECOR	1044	A	LEC	TR	1435	1555	348
Fall	32262	ECOR	1044	A1A	LAB	R	835	1125	65
Fall	32263	ECOR	1044	A1B	LAB	R	835	1125	65
Fall	32264	ECOR	1044	A2A	LAB	W	1435	1725	65
Fall	32265	ECOR	1044	A2B	LAB	W	1435	1725	65
Fall	32266	ECOR	1044	A3A	LAB	W	1135	1425	65
Fall	32267	ECOR	1044	A3B	LAB	W	1135	1425	65
Fall	32268	ECOR	1044	A4A	LAB	T	835	1125	65
Fall	32269	ECOR	1044	A4B	LAB	T	835	1125	65
Fall	32270	ECOR	1044	A5A	LAB	F	835	1125	65
Fall	32271	ECOR	1044	A5B	LAB	F	835	1125	65
Fall	32272	ECOR	1044	A6A	LAB				
Fall	32273	ECOR	1044	A6B	LAB				
Fall	32274	ECOR	1044	B	LEC	MW	1005	1125	393
Fall	32275	ECOR	1044	B1A	LAB	R	1805	2055	65
Fall	32276	ECOR	1044	B1B	LAB	R	1805	2055	65
Fall	32277	ECOR	1044	B2A	LAB	M	1435	1725	65
Fall	32278	ECOR	1044	B2B	LAB	M	1435	1725	65
Fall	32279	ECOR	1044	B3A	LAB	F	1435	1725	65
Fall	32280	ECOR	1044	B3B	LAB	F	1435	1725	65
Fall	32281	ECOR	1044	B4A	LAB	F	1135	1425	65
Fall	32282	ECOR	1044	B4B	LAB	F	1135	1425	65
Fall	32283	ECOR	1044	B5A	LAB	T	1435	1725	65
Fall	32284	ECOR	1044	B5B	LAB	T	1435	1725	65
Fall	32285	ECOR	1044	B6A	LAB	M	1135	1425	65
Fall	32286	ECOR	1044	B6B	LAB	M	1135	1425	65
Winter	12128	ECOR	1044	C	LEC	MW	1005	1125	393
Winter	12129	ECOR	1044	C1A	LAB	F	1435	1725	65
Winter	12130	ECOR	1044	C1B	LAB	F	1435	1725	65
Winter	12131	ECOR	1044	C2A	LAB	W	1805	2055	65
Winter	12132	ECOR	1044	C2B	LAB	W	1805	2055	65
Winter	12133	ECOR	1044	C3A	LAB	M	1805	2055	65
Winter	12134	ECOR	1044	C3B	LAB	M	1805	2055	65
Winter	12135	ECOR	1044	C4A	LAB	R	835	1125	65
Winter	12136	ECOR	1044	C4B	LAB	R	835	1125	65
Winter	12137	ECOR	1044	C5A	LAB	F	1805	2055	65
Winter	12138	ECOR	1044	C5B	LAB	F	1805	2055	65
Winter	12139	ECOR	1044	C6A	LAB	T	835	1125	65
Winter	12140	ECOR	1044	C6B	LAB	T	835	1125	65
Winter	12141	ECOR	1044	D	LEC	MW	1305	1425	393
Winter	12142	ECOR	1044	D1A	LAB	M	835	1125	65
Winter	12143	ECOR	1044	D1B	LAB	M	835	1125	65
Winter	12144	ECOR	1044	D2A	LAB	W	835	1125	65
Winter	12145	ECOR	1044	D2B	LAB	W	835	1125	65
Winter	12146	ECOR	1044	D3A	LAB	R	1435	1725	65
Winter	12147	ECOR	1044	D3B	LAB	R	1435	1725	65
Winter	12148	ECOR	1044	D4A	LAB	R	1805	2055	65
Winter	12149	ECOR	1044	D4B	LAB	R	1805	2055	65
Winter	12150	ECOR	1044	D5A	LAB	T	1435	1725	65
Winter	12151	ECOR	1044	D5B	LAB	T	1435	1725	65
Winter	12152	ECOR	1044	D6A	LAB	F	835	1125	65
Winter	12153	ECOR	1044	D6B	LAB	F	835	1125	65
Fall	32287	ECOR	1045	A	LEC	TR	1435	1555	285
Fall	32288	ECOR	1045	A1	LAB	M	835	1125	79
Fall	32289	ECOR	1045	A2	LAB	F	1435	1725	79
Fall	32290	ECOR	1045	A3	LAB	M	1805	2055	78
Fall	32291	ECOR	1045	A4	LAB	T	1135	1425	115
Fall	32292	ECOR	1045	B	LEC	WF	1435	1555	393
Fall	32293	ECOR	1045	B1	LAB	M	1435	1725	78
Fall	32294	ECOR	1045	B2	LAB	F	835	1125	79
Fall	32295	ECOR	1045	B3	LAB	F	835	1125	98
Fall	32296	ECOR	1045	B4	LAB	W	835	1125	78
Fall	32297	ECOR	1045	C	LEC	TR	1305	1425	393
Fall	32298	ECOR	1045	C1	LAB	T	835	1125	78
Fall	32299	ECOR	1045	C2	LAB	M	1135	1425	236
Fall	32300	ECOR	1045	C3	LAB	T	1435	1725	84
Fall	32301	ECOR	1045	C4	LAB	W	1805	2055	79
Winter	12154	ECOR	1045	D	LEC	MW	1135	1255	236
Winter	12155	ECOR	1045	D1	LAB	W	1805	2055	78
Winter	12156	ECOR	1045	D2	LAB	F	1435	1725	78
Winter	12157	ECOR	1045	D3	LAB	R	835	1125	69
Winter	12158	ECOR	1045	D4	LAB	W	1435	1725	78
Winter	12159	ECOR	1045	E	LEC	WF	1305	1425	285
Winter	12160	ECOR	1045	E1	LAB	F	835	1125	78
Winter	12161	ECOR	1045	E2	LAB	F	1435	1725	78
Winter	12162	ECOR	1045	E3	LAB	T	1435	1725	78
Winter	12163	ECOR	1045	E4	LAB	R	835	1125	78
Winter	12164	ECOR	1045	F	LEC	TR	1305	1425	236
Winter	12165	ECOR	1045	F1	LAB	T	835	1125	78
Winter	12166	ECOR	1045	F2	LAB	F	1135	1425	78
Winter	12167	ECOR	1045	F3	LAB	M	1435	1725	78
Winter	12168	ECOR	1045	F4	LAB	M	835	1125	78
Fall	32302	ECOR	1046	A	LEC	TR	1435	1555	285
Fall	32303	ECOR	1046	A1A	LAB	M	835	1125	79
Fall	32304	ECOR	1046	A1B	LAB	M	835	1125	79
Fall	32305	ECOR	1046	A2A	LAB	F	1435	1725	79
Fall	32306	ECOR	1046	A2B	LAB	F	1435	1725	79
Fall	32307	ECOR	1046	A3A	LAB	M	1805	2055	78
Fall	32308	ECOR	1046	A3B	LAB	M	1805	2055	78
Fall	32309	ECOR	1046	A4A	LAB	T	1135	1425	115
Fall	32310	ECOR	1046	A4B	LAB	T	1135	1425	115
Fall	32311	ECOR	1046	B	LEC	WF	1435	1555	393
Fall	32312	ECOR	1046	B1A	LAB	M	1435	1725	78
Fall	32313	ECOR	1046	B1B	LAB	M	1435	1725	78
Fall	32314	ECOR	1046	B2A	LAB	F	835	1125	79
Fall	32315	ECOR	1046	B2B	LAB	F	835	1125	79
Fall	32316	ECOR	1046	B3A	LAB	F	835	1125	98
Fall	32317	ECOR	1046	B3B	LAB	F	835	1125	98
Fall	32318	ECOR	1046	B4A	LAB	W	835	1125	78
Fall	32319	ECOR	1046	B4B	LAB	W	835	1125	78
Fall	32320	ECOR	1046	C	LEC	TR	1305	1425	393
Fall	32321	ECOR	1046	C1A	LAB	T	835	1125	78
Fall	32322	ECOR	1046	C1B	LAB	T	835	1125	78
Fall	32323	ECOR	1046	C2A	LAB	M	1135	1425	236
Fall	32324	ECOR	1046	C2B	LAB	M	1135	1425	236
Fall	32325	ECOR	1046	C3A	LAB	T	1435	1725	84
Fall	32326	ECOR	1046	C3B	LAB	T	1435	1725	84
Fall	32327	ECOR	1046	C4A	LAB	W	1805	2055	79
Fall	32328	ECOR	1046	C4B	LAB	W	1805	2055	79
Winter	12169	ECOR	1046	D	LEC	MW	1135	1255	236
Winter	12170	ECOR	1046	D1A	LAB	W	1805	2055	78
Winter	12171	ECOR	1046	D1B	LAB	W	1805	2055	78
Winter	12172	ECOR	1046	D2A	LAB	F	1435	1725	78
Winter	12173	ECOR	1046	D2B	LAB	F	1435	1725	78
Winter	12174	ECOR	1046	D3A	LAB	R	835	1125	69
Winter	12175	ECOR	1046	D3B	LAB	R	835	1125	69
Winter	12176	ECOR	1046	D4A	LAB	W	1435	1725	78
Winter	12177	ECOR	1046	D4B	LAB	W	1435	1725	78
Winter	12178	ECOR	1046	E	LEC	WF	1305	1425	285
Winter	12179	ECOR	1046	E1A	LAB	F	835	1125	78
Winter	12180	ECOR	1046	E1B	LAB	F	835	1125	78
Winter	12181	ECOR	1046	E2A	LAB	F	1435	1725	78
Winter	12182	ECOR	1046	E2B	LAB	F	1435	1725	78
Winter	12183	ECOR	1046	E3A	LAB	T	1435	1725	78
Winter	12184	ECOR	1046	E3B	LAB	T	1435	1725	78
Winter	12185	ECOR	1046	E4A	LAB	R	835	1125	78
Winter	12186	ECOR	1046	E4B	LAB	R	835	1125	78
Winter	12187	ECOR	1046	F	LEC	TR	1305	1425	236
Winter	12188	ECOR	1046	F1A	LAB	T	835	1125	78
Winter	12189	ECOR	1046	F1B	LAB	T	835	1125	78
Winter	12190	ECOR	1046	F2A	LAB	F	1135	1425	78
Winter	12191	ECOR	1046	F2B	LAB	F	1135	1425	78
Winter	12192	ECOR	1046	F3A	LAB	M	1435	1725	78
Winter	12193	ECOR	1046	F3B	LAB	M	1435	1725	78
Winter	12194	ECOR	1046	F4A	LAB	M	835	1125	78
Winter	12195	ECOR	1046	F4B	LAB	M	835	1125	78
Fall	32329	ECOR	1047	A	LEC	TR	1135	1255	444
Fall	32330	ECOR	1047	A1A	LAB	M	1435	1725	86
Fall	32331	ECOR	1047	A1B	LAB	M	1435	1725	86
Fall	32332	ECOR	1047	A2A	LAB	M	835	1125	86
Fall	32333	ECOR	1047	A2B	LAB	M	835	1125	86
Fall	32334	ECOR	1047	A3A	LAB	M	1805	2055	86
Fall	32335	ECOR	1047	A3B	LAB	M	1805	2055	86
Fall	32336	ECOR	1047	A4A	LAB	W	1135	1425	86
Fall	32337	ECOR	1047	A4B	LAB	W	1135	1425	86
Fall	32338	ECOR	1047	A5A	LAB	F	1135	1425	86
Fall	32339	ECOR	1047	A5B	LAB	F	1135	1425	86
Fall	32340	ECOR	1047	A6A	LAB	F	835	1125	86
Fall	32341	ECOR	1047	A6B	LAB	F	835	1125	86
Fall	32342	ECOR	1047	B	LEC	WF	1135	1255	386
Fall	32343	ECOR	1047	B1A	LAB	T	1435	1725	86
Fall	32344	ECOR	1047	B1B	LAB	T	1435	1725	86
Fall	32345	ECOR	1047	B2A	LAB	R	835	1125	86
Fall	32346	ECOR	1047	B2B	LAB	R	835	1125	86
Fall	32347	ECOR	1047	B3A	LAB	T	835	1125	86
Fall	32348	ECOR	1047	B3B	LAB	T	835	1125	86
Fall	32349	ECOR	1047	B4A	LAB	R	1435	1725	86
Fall	32350	ECOR	1047	B4B	LAB	R	1435	1725	86
Fall	32351	ECOR	1047	B5A	LAB	W	1805	2055	86
Fall	32352	ECOR	1047	B5B	LAB	W	1805	2055	86
Fall	32353	ECOR	1047	B6A	LAB	W	835	1125	86
Fall	32354	ECOR	1047	B6B	LAB	W	835	1125	86
Winter	12196	ECOR	1047	C	LEC	TR	1135	1255	348
Winter	12197	ECOR	1047	C1A	LAB	T	1805	2055	58
Winter	12198	ECOR	1047	C1B	LAB	T	1805	2055	58
Winter	12199	ECOR	1047	C2A	LAB	W	835	1125	58
Winter	12200	ECOR	1047	C2B	LAB	W	835	1125	58
Winter	12201	ECOR	1047	C3A	LAB	F	1435	1725	58
Winter	12202	ECOR	1047	C3B	LAB	F	1435	1725	58
Winter	12203	ECOR	1047	C4A	LAB	T	1435	1725	58
Winter	12204	ECOR	1047	C4B	LAB	T	1435	1725	58
Winter	12205	ECOR	1047	C5A	LAB	F	1135	1425	58
Winter	12206	ECOR	1047	C5B	LAB	F	1135	1425	58
Winter	12207	ECOR	1047	C6A	LAB	M	835	1125	58
Winter	12208	ECOR	1047	C6B	LAB	M	835	1125	58
Winter	12209	ECOR	1047	D	LEC	MW	1005	1125	331
Winter	12210	ECOR	1047	D1A	LAB	T	1135	1425	58
Winter	12211	ECOR	1047	D1B	LAB	T	1135	1425	58
Winter	12212	ECOR	1047	D2A	LAB	F	835	1125	58
Winter	12213	ECOR	1047	D2B	LAB	F	835	1125	58
Winter	12214	ECOR	1047	D3A	LAB	F	1805	2055	58
Winter	12215	ECOR	1047	D3B	LAB	F	1805	2055	58
Winter	12216	ECOR	1047	D4A	LAB	M	1805	2055	58
Winter	12217	ECOR	1047	D4B	LAB	M	1805	2055	58
Winter	12218	ECOR	1047	D5A	LAB	R	1435	1725	58
Winter	12219	ECOR	1047	D5B	LAB	R	1435	1725	58
Winter	12220	ECOR	1047	D6A	LAB	T	835	1125	58
Winter	12221	ECOR	1047	D6B	LAB	T	835	1125	58
Fall	32355	ECOR	1048	A	LEC	TR	1135	1255	444
Fall	32356	ECOR	1048	A1	LAB	M	1435	1725	86
Fall	32357	ECOR	1048	A2	LAB	M	835	1125	86
Fall	32358	ECOR	1048	A3	LAB	M	1805	2055	86
Fall	32359	ECOR	1048	A4	LAB	W	1135	1425	86
Fall	32360	ECOR	1048	A5	LAB	F	1135	1425	86
Fall	32361	ECOR	1048	A6	LAB	F	835	1125	86
Fall	32362	ECOR	1048	B	LEC	WF	1135	1255	386
Fall	32363	ECOR	1048	B1	LAB	T	1435	1725	86
Fall	32364	ECOR	1048	B2	LAB	R	835	1125	86
Fall	32365	ECOR	1048	B3	LAB	T	835	1125	86
Fall	32366	ECOR	1048	B4	LAB	R	1435	1725	86
Fall	32367	ECOR	1048	B5	LAB	W	1805	2055	86
Fall	32368	ECOR	1048	B6	LAB	W	835	1125	86
Winter	12222	ECOR	1048	C	LEC	TR	1135	1255	348
Winter	12223	ECOR	1048	C1	LAB	T	1805	2055	58
Winter	12224	ECOR	1048	C2	LAB	W	835	1125	58
Winter	12225	ECOR	1048	C3	LAB	F	1435	1725	58
Winter	12226	ECOR	1048	C4	LAB	T	1435	1725	58
Winter	12227	ECOR	1048	C5	LAB	F	1135	1425	58
Winter	12228	ECOR	1048	C6	LAB	M	835	1125	58
Winter	12229	ECOR	1048	D	LEC	MW	1005	1125	331
Winter	12230	ECOR	1048	D1	LAB	T	1135	1425	58
Winter	12231	ECOR	1048	D2	LAB	F	835	1125	58
Winter	12232	ECOR	1048	D3	LAB	F	1805	2055	58
Winter	12233	ECOR	1048	D4	LAB	M	1805	2055	58
Winter	12234	ECOR	1048	D5	LAB	R	1435	1725	58
Winter	12235	ECOR	1048	D6	LAB	T	835	1125	58
Fall	32369	ECOR	1055	A	LEC	W	835	955	204
Fall	32370	ECOR	1055	B	LEC	W	1605	1725	285
Fall	32371	ECOR	1055	C	LEC	M	1435	1555	204
Fall	32372	ECOR	1055	D	LEC	W	835	955	98
Fall	32373	ECOR	1055	E	LEC	W	835	955	66
Fall	32374	ECOR	1055	G	LEC	R	835	955	285
Fall	32375	ECOR	1055	H	LEC	M	1005	1125	154
Fall	32376	ECOR	1055	I	LEC	M	1135	1255	154
Fall	32377	ECOR	1055	J	LEC	R	1005	1125	96
Fall	32378	ECOR	1055	K	LEC	M	835	955	51
Fall	32379	ECOR	1055	L	LEC	M	1135	1255	57
Winter	12236	ECOR	1056	A	LEC				9000
Winter	12237	ECOR	1056	B	LEC				9000
Winter	12238	ECOR	1056	C	LEC				9000
Winter	12239	ECOR	1056	D	LEC				9000
Fall	32380	ECOR	1057	A	LEC				9000
Fall	32381	ECOR	1057	B	LEC				9000
Fall	32382	ECOR	1057	C	LEC				9000
Fall	32383	ECOR	1057	D	LEC				9000
Fall	32384	ECOR	2050	A	LEC	TR	835	955	236
Fall	32385	ECOR	2050	B	LEC	TR	1005	1125	236
Winter	12240	ECOR	2050	C	LEC	MW	835	955	154
Winter	12241	ECOR	2050	D	LEC	MW	1005	1125	154
Fall	32386	ECOR	2050	L01	LAB	F	1435	1725	66
Winter	12242	ECOR	2050	L01	LAB	T	1805	2055	52
Fall	32387	ECOR	2050	L02	LAB	F	835	1125	80
Winter	12243	ECOR	2050	L02	LAB	R	835	1125	52
Fall	32388	ECOR	2050	L03	LAB	M	1135	1425	58
Winter	12244	ECOR	2050	L03	LAB	F	1435	1725	51
Fall	32389	ECOR	2050	L04	LAB	W	1135	1425	66
Winter	12245	ECOR	2050	L04	LAB	F	1135	1425	52
Fall	32390	ECOR	2050	L05	LAB	M	1435	1725	66
Winter	12246	ECOR	2050	L05	LAB	M	1135	1425	57
Fall	32391	ECOR	2050	L06	LAB	R	1135	1425	63
Winter	12247	ECOR	2050	L06	LAB	W	1435	1725	58
Fall	32392	ECOR	2050	L07	LAB	M	835	1125	76
Winter	12248	ECOR	2050	L07	LAB	R	1135	1425	52
Fall	32393	ECOR	2050	L08	LAB				
Winter	12249	ECOR	2050	L08	LAB				
Fall	32394	ECOR	2050	L09	LAB				
Fall	32395	ECOR	2050	L10	LAB				
Fall	32396	ECOR	2995	A	IND				
Winter	12250	ECOR	2995	A	IND				
Fall	32397	ECOR	3800	A	LEC	F	1135	1425	236
Fall	32398	ECOR	3800	B	LEC	TR	835	955	393
Winter	12251	ECOR	3800	C	LEC	TR	1605	1725	154
Winter	12253	ECOR	3800	D	LEC	TR	1435	1555	154
Winter	12252	ECOR	3800	E	LEC				
Fall	32399	ECOR	4907	A	LAB	M	835	1125	35
Winter	12254	ECOR	4907	A	LAB	M	835	1125	51
Fall	32400	ECOR	4907	T1	IND	F	1305	1425	348
Winter	12255	ECOR	4907	T1	IND	F	1305	1425	393
Fall	32401	ECOR	4995	A	LEC				9000
Fall	32402	ECOR	4995	B	LEC				9000
Winter	12256	ECOR	4995	C	LEC				9000
Winter	12257	ECOR	4995	D	LEC				9000
Fall	32413	ELEC	2501	A	LEC	TR	1135	1255	192
Fall	32414	ELEC	2501	B	LEC	WF	1435	1555	348
Fall	32415	ELEC	2501	C	LEC	TR	1305	1425	189
Fall	32416	ELEC	2501	L1	LAB	W	1135	1425	52
Fall	32417	ELEC	2501	L2	LAB	W	835	1125	57
Fall	32418	ELEC	2501	L3	LAB	W	1435	1725	66
Fall	32419	ELEC	2501	L4	LAB	M	1435	1725	57
Fall	32420	ELEC	2501	L5	LAB	M	835	1125	55
Fall	32421	ELEC	2501	L6	LAB	F	1135	1425	55
Fall	32422	ELEC	2501	L7	LAB	R	835	1125	55
Fall	32423	ELEC	2501	L8	LAB	T	835	1125	59
Fall	32424	ELEC	2501	L9	LAB	F	1435	1725	57
Winter	12269	ELEC	2507	A	LEC	TR	1805	1925	192
Winter	12270	ELEC	2507	B	LEC	WF	1135	1255	148
Winter	12271	ELEC	2507	L1	LAB	M	1135	1425	58
Winter	12272	ELEC	2507	L2	LAB	M	835	1125	54
Winter	12273	ELEC	2507	L3	LAB	T	1435	1725	58
Winter	12274	ELEC	2507	L4	LAB	M	1435	1725	54
Winter	12275	ELEC	2507	L5	LAB	T	1135	1425	66
Winter	12276	ELEC	2507	L6	LAB				
Winter	12277	ELEC	2602	A	LEC	WF	1305	1425	204
Winter	12278	ELEC	2602	L1	LAB	M	1435	1725	30
Winter	12279	ELEC	2602	L2	LAB	W	1435	1725	30
Winter	12280	ELEC	2602	L3	LAB	R	835	1125	30
Winter	12281	ELEC	2602	L4	LAB	M	835	1125	30
Winter	12282	ELEC	2602	L5	LAB	F	1435	1725	30
Winter	12283	ELEC	2602	L6	LAB	R	1435	1725	30
Fall	32425	ELEC	2607	A	LEC	TR	1005	1125	115
Winter	12284	ELEC	2607	A	LEC	TR	1305	1425	151
Fall	32426	ELEC	2607	L1	LAB	W	1135	1425	50
Winter	12285	ELEC	2607	L1	LAB	M	1135	1425	50
Fall	32427	ELEC	2607	L2	LAB	R	1135	1425	50
Winter	12286	ELEC	2607	L2	LAB	W	1435	1725	50
Fall	32428	ELEC	2607	L3	LAB	W	835	1125	50
Winter	12287	ELEC	2607	L3	LAB	T	835	1125	50
Fall	32429	ELEC	2607	L4	LAB	M	1135	1425	50
Fall	32430	ELEC	2607	L5	LAB	F	835	1125	50
Fall	32431	ELEC	2607	L6	LAB	M	835	1125	50
Fall	32432	ELEC	3105	A	LEC	MW	1005	1125	115
Fall	32433	ELEC	3105	A1	LAB	R	1435	1725	35
Fall	32434	ELEC	3105	A2	LAB	T	1135	1425	25
Fall	32435	ELEC	3105	A3	LAB	W	1435	1725	26
Fall	32436	ELEC	3105	A4	LAB	M	1435	1725	30
Fall	32437	ELEC	3105	A5	LAB	T	1435	1725	23
Fall	32438	ELEC	3105	A6	LAB	F	1435	1725	27
Winter	12288	ELEC	3105	C	LEC	TR	1135	1255	47
Winter	12289	ELEC	3105	C1	LAB	W	1805	2055	50
Winter	12290	ELEC	3105	C2	LAB				
Winter	12291	ELEC	3105	C3	LAB	F	1135	1425	50
Fall	32439	ELEC	3500	A	LEC	TR	1135	1255	57
Fall	32440	ELEC	3500	A1	LAB	W	1135	1425	30
Fall	32441	ELEC	3500	A2	LAB	F	1135	1425	30
Fall	32442	ELEC	3500	A3	LAB	W	1435	1725	30
Winter	12292	ELEC	3500	B	LEC	WF	1435	1555	133
Winter	12293	ELEC	3500	B1	LAB	R	1135	1425	50
Winter	12294	ELEC	3500	B2	LAB	R	1805	2055	50
Winter	12295	ELEC	3500	B3	LAB				
Winter	12296	ELEC	3500	B4	LAB	F	835	1125	50
Fall	32443	ELEC	3508	A	LEC	TR	1135	1255	27
Fall	32444	ELEC	3508	A1	LAB	F	835	1125	27
Fall	32445	ELEC	3508	A2	LAB	M	835	1125	27
Fall	32446	ELEC	3508	A3	LAB	T	1435	1725	27
Fall	32447	ELEC	3509	A	LEC	MW	835	955	115
Fall	32448	ELEC	3509	L1	LAB	T	1435	1725	50
Fall	32449	ELEC	3509	L2	LAB	R	1135	1425	50
Fall	32450	ELEC	3509	L3	LAB	R	1435	1725	50
Fall	32451	ELEC	3509	L4	LAB	M	1135	1425	50
Fall	32452	ELEC	3509	L5	LAB	F	835	1125	50
Fall	32453	ELEC	3605	A	LEC	TR	835	955	52
Winter	12297	ELEC	3605	B	LEC	TR	1635	1755	236
Fall	32454	ELEC	3605	L1	PAN	W	1605	1725	52
Winter	12298	ELEC	3605	L1	PAN	M	1605	1725	57
Winter	12299	ELEC	3605	L2	PAN	M	1005	1125	57
Winter	12300	ELEC	3605	L3	PAN	W	1605	1725	40
Winter	12301	ELEC	3605	L4	PAN	T	1135	1255	52
Winter	12302	ELEC	3605	L5	PAN	F	1605	1725	36
Winter	12303	ELEC	3605	L6	PAN	M	1435	1555	42
Winter	12304	ELEC	3605	L7	PAN	M	1135	1255	58
Winter	12305	ELEC	3907	A	LEC	TR	1435	1525	120
Winter	12306	ELEC	3907	A01	LAB	TR	835	1125	50
Winter	12307	ELEC	3907	A02	LAB	WF	835	1125	50
Winter	12308	ELEC	3907	A03	LAB	WF	1135	1425	50
Fall	32455	ELEC	3908	A	LEC	TR	835	955	84
Fall	32456	ELEC	3908	A1	LAB	M	1435	1725	36
Fall	32457	ELEC	3908	A2	LAB	M	1135	1425	48
Fall	32458	ELEC	3908	A3	LAB	T	1435	1725	32
Winter	12309	ELEC	3908	B	LEC	MW	1605	1725	40
Winter	12310	ELEC	3908	B1	LAB	M	1135	1425	42
Winter	12311	ELEC	3908	B2	LAB	F	835	1125	31
Fall	32459	ELEC	3909	A	LEC	MW	1005	1125	66
Winter	12312	ELEC	3909	A	LEC	WF	1305	1425	120
Fall	32460	ELEC	3909	L1O	PAN	F	1435	1725	30
Winter	12313	ELEC	3909	L1O	PAN	M	1435	1725	42
Fall	32461	ELEC	3909	L2E	PAN	F	1435	1725	30
Winter	12314	ELEC	3909	L2E	PAN	M	1435	1725	42
Winter	12315	ELEC	3909	L3O	PAN	F	835	1125	40
Winter	12316	ELEC	3909	L4E	PAN				
Winter	12317	ELEC	3909	L5O	PAN				
Fall	32462	ELEC	3999	A	WRK				
Winter	12318	ELEC	3999	A	WRK				
Fall	32463	ELEC	4502	A	LEC	WF	1435	1555	35
Fall	32464	ELEC	4502	A1O	LAB	W	835	1125	30
Fall	32465	ELEC	4503	A	LEC	TR	1005	1125	35
Fall	32466	ELEC	4503	A1E	LAB	M	1435	1725	30
Fall	32467	ELEC	4503	A2O	LAB	M	1435	1725	30
Fall	32468	ELEC	4505	A	LEC	TR	1605	1725	51
Fall	32469	ELEC	4505	A1O	LAB	F	1435	1725	28
Winter	12319	ELEC	4506	A	LEC	MW	1435	1555	57
Winter	12320	ELEC	4506	A1E	LAB	T	835	1125	30
Winter	12321	ELEC	4506	A2E	LAB	F	1135	1425	30
Winter	12322	ELEC	4509	A	LEC	TR	1305	1425	102
Winter	12323	ELEC	4509	A1O	PAN	M	1135	1425	102
Winter	12324	ELEC	4600	A	LEC	MW	1605	1725	36
Winter	12325	ELEC	4600	A1E	PAN	W	835	1125	66
Fall	32470	ELEC	4601	A	LEC	MW	1305	1425	154
Fall	32471	ELEC	4601	A1E	LAB	F	1135	1425	28
Fall	32472	ELEC	4601	A2E	LAB	F	1435	1725	28
Fall	32473	ELEC	4601	A3E	LAB	R	1435	1725	28
Fall	32474	ELEC	4601	A4E	LAB	R	835	1125	28
Fall	32475	ELEC	4601	A5E	LAB	T	835	1125	28
Fall	32476	ELEC	4601	A6E	LAB	F	835	1125	28
Fall	32477	ELEC	4602	A	LEC	WF	1135	1255	57
Fall	32478	ELEC	4602	A1	LAB	F	1605	1755	57
Fall	32479	ELEC	4609	A	LEC	MW	1135	1255	52
Fall	32480	ELEC	4609	A1O	LAB	F	1135	1425	30
Fall	32481	ELEC	4609	A2E	LAB	F	1135	1425	30
Winter	12326	ELEC	4700	A	LEC	TR	1135	1255	39
Winter	12327	ELEC	4700	A1	PAN	F	1605	1755	30
Winter	12328	ELEC	4702	A	LEC	TR	1435	1555	36
Winter	12329	ELEC	4702	A1O	LAB				
Winter	12330	ELEC	4702	A2O	LAB	F	1135	1425	15
Winter	12331	ELEC	4703	A	LEC	TR	835	955	27
Winter	12332	ELEC	4703	L1O	LAB	W	1135	1425	28
Fall	32482	ELEC	4704	A	LEC	TR	1305	1425	35
Fall	32483	ELEC	4704	A1	PAN	F	1005	1125	30
Fall	32484	ELEC	4705	A	LEC	WF	1435	1555	57
Winter	12333	ELEC	4706	A	LEC	TR	1135	1255	56
Winter	12334	ELEC	4706	A1	LAB	F	1135	1425	28
Winter	12335	ELEC	4706	A2	LAB	W	835	1125	28
Winter	12336	ELEC	4707	A	LEC	MW	1005	1125	40
Winter	12337	ELEC	4707	A1E	LAB	W	1135	1425	30
Fall	32485	ELEC	4708	A	LEC	TR	1005	1125	30
Fall	32486	ELEC	4708	A1	LAB	M	835	1125	30
Fall	32487	ELEC	4709	A	LEC	MW	1605	1725	51
Fall	32488	ELEC	4709	A1O	LAB	F	1135	1425	28
Fall	32489	ELEC	4709	A2O	LAB	W	835	1125	28
Winter	12338	ELEC	4906	W	LEC	T	1435	1725	40
Winter	12339	ELEC	4906	W1	LAB	R	835	1125	30
Fall	32490	ELEC	4907	A	IND	TR	1135	1255	66
Winter	12340	ELEC	4907	A	IND	M	835	955	120
Winter	12340	ELEC	4907	A	IND	F	1435	1555	120
Fall	32491	ELEC	4908	A	IND				
Winter	12341	ELEC	4908	A	IND				
Winter	12355	ENGL	1008	A	LEC	TR	1305	1425	9000
Fall	32512	ENGL	1009	A	LEC	W	1435	1725	9000
Fall	32513	ENGL	1010	A	LEC	TR	1005	1125	40
Fall	32514	ENGL	1010	B	LEC				9000
Winter	12356	ENGL	1010	C	LEC				9000
Winter	12357	ENGL	1010	D	LEC				9000
Fall	32515	ENGL	1020	A	LEC	TR	1005	1125	84
Winter	12358	ENGL	1020	B	LEC				9000
Winter	12359	ENGL	1200	A	LEC	WF	1005	1125	98
Fall	32516	ENGL	1400	A	LEC	TR	1305	1425	9000
Fall	32517	ENGL	1500	A	LEC	F	1305	1425	98
Fall	32518	ENGL	1500	A01	WKS	F	1435	1555	42
Fall	32519	ENGL	1500	A02	WKS	F	1605	1725	42
Fall	32520	ENGL	1500	A03	WKS	F	1435	1555	63
Fall	32521	ENGL	1500	A04	WKS	F	1605	1725	42
Fall	32522	ENGL	1500	A05	WKS	F	1435	1555	20
Winter	12360	ENGL	1500	B	LEC	M	1305	1425	151
Winter	12361	ENGL	1500	B01	WKS	M	1435	1555	28
Winter	12362	ENGL	1500	B02	WKS	M	1605	1725	52
Winter	12363	ENGL	1500	B03	WKS	M	1435	1555	27
Winter	12364	ENGL	1500	B04	WKS	M	1605	1725	23
Winter	12365	ENGL	1500	B05	WKS	M	1435	1555	40
Fall	32523	ENGL	1609	A	LEC	TR	1605	1725	79
Winter	12366	ENGL	1700	A	LEC	MW	1435	1555	80
Winter	12367	ENGL	2011	A	LEC	MW	835	955	148
Fall	32524	ENGL	2012	A	LEC	TR	1435	1555	94
Winter	12368	ENGL	2103	A	LEC	T	1135	1425	57
Fall	32525	ENGL	2104	A	WKS	M	905	1155	55
Fall	32526	ENGL	2107	A	LEC	TR	1435	1555	58
Winter	12369	ENGL	2109	A	LEC	TR	835	955	66
Winter	12370	ENGL	2202	A	LEC	WF	1005	1125	9000
Fall	32527	ENGL	2301	A	LEC	MW	1005	1125	58
Winter	12371	ENGL	2301	B	LEC	MW	1305	1425	58
Fall	32528	ENGL	2302	A	LEC	MW	1605	1725	31
Winter	12372	ENGL	2302	B	LEC	MW	1135	1255	79
Fall	32529	ENGL	2400	A	LEC	TR	1435	1555	9000
Winter	12373	ENGL	2401	A	LEC	WF	1305	1425	9000
Fall	32530	ENGL	2500	A	LEC				9000
Fall	32531	ENGL	2600	A	LEC	T	1135	1225	83
Fall	32532	ENGL	2600	AF	FLM	T	835	1125	83
Winter	12374	ENGL	2601	A	LEC	M	1435	1525	83
Winter	12375	ENGL	2601	AF	FLM	M	1135	1425	83
Winter	12376	ENGL	2605	A	LEC	TR	1435	1555	76
Winter	12377	ENGL	2609	A	LEC	TR	1305	1425	52
Winter	12378	ENGL	2709	A	LEC	WF	835	955	51
Fall	32533	ENGL	2802	A	LEC	MW	1605	1725	48
Winter	12379	ENGL	2802	A	LEC	MW	1605	1725	48
Fall	32534	ENGL	2802	B	LEC	R	1135	1425	98
Winter	12380	ENGL	2802	B	LEC	R	1135	1425	79
Fall	32535	ENGL	2900	A	LEC	W	1135	1425	40
Winter	12381	ENGL	2901	A	WKS	F	1135	1425	30
Fall	32536	ENGL	2903	A	WKS	W	1135	1425	31
Winter	12382	ENGL	2908	A	LEC	WF	1005	1125	9000
Fall	32537	ENGL	2910	A	WKS	W	1135	1425	27
Fall	32538	ENGL	2915	A	WKS	W	1435	1725	48
Fall	32539	ENGL	2920	A	LEC	TR	1005	1125	52
Winter	12383	ENGL	2920	B	LEC	T	1135	1425	40
Fall	32540	ENGL	3007	A	LEC	TR	1605	1725	52
Winter	12384	ENGL	3010	A	LEC				
Winter	12385	ENGL	3105	A	LEC	TR	835	955	52
Fall	32541	ENGL	3106	A	LEC	T	1135	1425	98
Winter	12386	ENGL	3106	A	LEC	T	1135	1425	98
Winter	12387	ENGL	3200	A	LEC	MW	1435	1555	52
Fall	32542	ENGL	3201	A	LEC	TR	1005	1125	93
Winter	12388	ENGL	3201	A	LEC	TR	1005	1125	93
Winter	12389	ENGL	3204	A	LEC	T	1735	2025	79
Winter	12390	ENGL	3305	A	LEC				
Fall	32543	ENGL	3306	A	LEC	R	1435	1725	40
Fall	32544	ENGL	3401	A	LEC	T	1135	1425	58
Fall	32545	ENGL	3414	A	SEM	MW	1005	1125	57
Winter	12391	ENGL	3420	A	PRC				
Fall	32546	ENGL	3500	A	LEC	TR	1605	1725	58
Winter	12392	ENGL	3500	B	LEC	MW	1605	1725	51
Fall	32547	ENGL	3501	A	LEC	TR	1005	1125	52
Winter	12393	ENGL	3501	B	LEC	MW	1435	1555	69
Winter	15577	ENGL	3553	A	LEC				
Fall	32548	ENGL	3608	A	WKS				
Fall	32549	ENGL	3702	A	LEC	T	1135	1425	25
Fall	32550	ENGL	3804	A	LEC	M	1135	1425	9000
Winter	12394	ENGL	3805	A	LEC	M	1135	1425	9000
Fall	32551	ENGL	3902	A	WKS	T	835	1125	54
Winter	12395	ENGL	3903	A	WKS	R	1135	1425	40
Winter	12396	ENGL	3904	A	WKS				
Winter	12397	ENGL	3905	A	WKS	W	905	1155	55
Fall	32552	ENGL	3908	A	LEC	T	1435	1725	30
Winter	12398	ENGL	3909	A	LEC	F	1135	1425	40
Winter	12399	ENGL	3910	A	LEC	TR	835	955	52
Fall	32553	ENGL	3911	A	LEC	W	1135	1425	55
Fall	32554	ENGL	3915	A	WKS	R	1135	1425	27
Fall	32555	ENGL	3920	A	LEC	M	935	1225	18
Fall	32556	ENGL	3930	A	LEC	R	1735	2025	40
Fall	32557	ENGL	3972	A	LEC	R	1435	1725	40
Fall	32558	ENGL	3999	A	WRK				
Winter	12400	ENGL	3999	A	WRK				
Fall	32559	ENGL	4004	A	SEM	MW	1305	1425	36
Fall	32560	ENGL	4115	A	LEC	R	1135	1425	28
Winter	12401	ENGL	4115	B	SEM				
Fall	35895	ENGL	4115	C	SEM	M	1435	1725	29
Fall	32561	ENGL	4125	A	SEM	W	1135	1425	28
Fall	32562	ENGL	4135	A	SEM	T	1805	2055	27
Winter	12402	ENGL	4135	B	SEM	T	1135	1425	28
Winter	12403	ENGL	4139	A	WKS	M	1135	1425	27
Winter	12404	ENGL	4301	A	SEM	T	1435	1725	20
Fall	32563	ENGL	4600	A	LEC	TR	1305	1425	31
Fall	32564	ENGL	4607	A	LEC	M	1435	1725	28
Winter	12405	ENGL	4607	B	SEM	M	1135	1425	28
Fall	32565	ENGL	4609	A	SEM				
Fall	32566	ENGL	4806	A	LEC	MW	1005	1125	25
Fall	32567	ENGL	4908	A	IND				
Winter	12406	ENGL	4908	A	IND				
Fall	32568	ENGL	4908	B	IND				
Winter	12407	ENGL	4908	B	IND				
Fall	32569	ENGL	4908	C	IND				
Winter	12408	ENGL	4908	C	IND				
Fall	35905	ENGL	4910	A	IND				
Fall	32570	ENGL	4915	A	WKS	F	835	1125	55
Fall	32571	ENGL	4950	A	SEM	T	1135	1425	28
Fall	32572	ENGL	4960	A	SEM				
Winter	12409	ENGL	4961	A	SEM	R	1135	1425	28
Winter	12410	ENGL	4976	A	SEM	T	1435	1725	28
Fall	32587	ENSC	1500	A	LEC	M	1135	1425	57
Fall	32588	ENSC	2000	A	FIE	F	835	1625	59
Winter	12425	ENSC	2001	A	LEC	MW	1635	1755	48
Winter	12426	ENSC	2002	A	LEC	TR	1435	1555	40
Fall	32589	ENSC	3000	A	FIE	F	835	1625	39
Fall	32590	ENSC	3106	A	WKS	TR	835	955	63
Fall	32591	ENSC	3509	A	SEM	M	1435	1725	84
Fall	32592	ENSC	3999	A	WRK				
Winter	12427	ENSC	3999	A	WRK				
Winter	15636	ENSC	4001	A	PRC				
Winter	12428	ENSC	4002	A	WKS	MW	1135	1255	25
Fall	32593	ENSC	4003	A	LEC	M	835	1125	39
Fall	32594	ENSC	4901	A	DIR				
Winter	12429	ENSC	4901	A	DIR				
Fall	32595	ENSC	4906	A	REP				
Winter	12430	ENSC	4906	A	REP				
Fall	32596	ENST	1000	A	LEC	R	1435	1625	108
Fall	32597	ENST	1000	A1	TUT	T	935	1025	33
Fall	32598	ENST	1000	A2	TUT				
Fall	32599	ENST	1000	A3	TUT	T	1035	1125	33
Fall	32600	ENST	1000	A4	TUT	T	1635	1725	33
Fall	32601	ENST	1020	A	LEC	R	1135	1325	386
Fall	32602	ENST	1020	A01	TUT	F	1635	1725	33
Fall	32603	ENST	1020	A02	TUT	R	1635	1725	33
Fall	32604	ENST	1020	A03	TUT	R	1535	1625	33
Fall	32605	ENST	1020	A04	TUT				
Fall	32606	ENST	1020	A05	TUT	R	1805	1855	33
Fall	32607	ENST	1020	A06	TUT	R	1435	1525	33
Fall	32608	ENST	1020	A07	TUT	F	1035	1125	33
Fall	32609	ENST	1020	A08	TUT	R	1335	1425	33
Winter	12431	ENST	1020	B	LEC	W	1805	1955	331
Winter	12432	ENST	1020	B01	TUT	R	1805	1855	33
Winter	12433	ENST	1020	B02	TUT	R	1905	1955	33
Winter	12434	ENST	1020	B03	TUT	F	835	925	33
Winter	12435	ENST	1020	B04	TUT	R	1535	1625	33
Winter	12436	ENST	1020	B05	TUT	R	1635	1725	33
Winter	12437	ENST	1020	B06	TUT	M	1435	1525	33
Winter	12438	ENST	1020	B07	TUT	M	1635	1725	33
Winter	12439	ENST	1020	B08	TUT	M	1535	1625	33
Winter	12440	ENST	2000	A	LEC	W	1435	1625	94
Winter	12441	ENST	2000	A1	TUT				
Winter	12442	ENST	2000	A2	TUT	T	1435	1525	33
Fall	32610	ENST	2001	A	LEC	M	1435	1725	76
Fall	32611	ENST	2005	A	LEC	R	1235	1425	97
Fall	32612	ENST	2005	A1	WKS				
Fall	32613	ENST	2005	A2	WKS	T	1435	1625	33
Fall	32614	ENST	2005	A3	WKS	F	1435	1625	33
Winter	12443	ENST	2006	A	LEC	MW	1635	1725	94
Winter	12444	ENST	2006	A01	LAB	F	935	1125	32
Winter	12445	ENST	2006	A02	LAB	R	1135	1325	32
Winter	12446	ENST	2006	A03	LAB	F	1435	1625	32
Winter	12447	ENST	2500	A	LEC	W	835	1025	120
Winter	12448	ENST	2500	A1	GRP	M	1135	1225	33
Winter	12449	ENST	2500	A2	GRP	M	1035	1125	33
Winter	12450	ENST	2500	A3	GRP	M	935	1025	33
Winter	12451	ENST	3000	A	LEC	M	1135	1425	76
Fall	32615	ENST	3022	A	LEC	W	835	1125	84
Winter	12452	ENST	3500	A	LEC	T	1135	1425	31
Fall	32616	ENST	3900	A	FIE	R	1135	1425	30
Fall	35768	ENST	3900	B	FIE	T	835	1125	30
Fall	32617	ENST	3999	A	WRK				
Winter	12453	ENST	3999	A	WRK				
Winter	12454	ENST	4000	A	SEM	M	835	1125	56
Fall	32618	ENST	4001	A	PRC	F	835	1125	29
Winter	12455	ENST	4001	B	PRC	F	835	1125	29
Fall	32619	ENST	4002	A	PRC	F	835	1125	29
Winter	12456	ENST	4002	B	PRC	F	835	1125	29
Fall	32620	ENST	4004	A	SEM	R	1435	1725	40
Fall	32621	ENST	4005	A	DIR				
Winter	12457	ENST	4005	B	DIR				
Winter	12458	ENST	4006	A	SEM	M	1805	2055	33
Fall	32622	ENST	4007	A	SEM	R	1135	1425	29
Winter	12459	ENST	4007	B	SEM	R	835	1125	29
Fall	32623	ENST	4022	A	SEM	T	1135	1425	29
Winter	12460	ENST	4050	A	SEM	R	1135	1425	33
Fall	32624	ENST	4400	A	DIR				
Winter	12461	ENST	4400	B	DIR				
Fall	32625	ENST	4450	A	LEC	W	1135	1425	33
Fall	32626	ENST	4906	A	RES				
Winter	12462	ENST	4906	A	RES				
Fall	32627	ENST	4907	A	RES				
Winter	12463	ENST	4907	A	RES				
Fall	32628	ENST	4907	B	RES				
Winter	12464	ENST	4907	B	RES				
Fall	32629	ENST	4907	C	RES				
Winter	12465	ENST	4907	C	RES				
Fall	32630	ENVE	1001	A	LEC	R	1805	2055	108
Fall	32631	ENVE	1001	A1E	PAN	T	1805	2055	96
Winter	12466	ENVE	2001	A	LEC	M	835	1025	108
Winter	12467	ENVE	2001	A1	LAB	F	1435	1725	79
Winter	12468	ENVE	2002	A	LEC	TR	835	955	348
Winter	12469	ENVE	3001	A	LEC	MW	1305	1425	52
Winter	12470	ENVE	3001	A1O	LAB	T	1135	1425	20
Winter	12471	ENVE	3001	A2E	LAB	T	1135	1425	20
Winter	12472	ENVE	3001	A3O	LAB	R	1435	1725	20
Winter	12473	ENVE	3001	ATU	TUT	M	1135	1225	84
Fall	32632	ENVE	3002	A	LEC	TR	1605	1725	52
Fall	32633	ENVE	3002	A1E	LAB	M	1435	1725	20
Fall	32634	ENVE	3002	A2O	LAB	M	1435	1725	20
Fall	32635	ENVE	3002	ATU	TUT	F	1135	1325	63
Fall	32636	ENVE	3003	A	LEC	MW	1305	1425	42
Fall	32637	ENVE	3003	A1	TUT	M	1805	1855	84
Winter	12474	ENVE	3004	A	LEC	TR	835	955	51
Winter	12475	ENVE	3004	A1	TUT	F	835	925	96
Fall	32638	ENVE	3999	A	WRK				
Winter	12476	ENVE	3999	A	WRK				
Winter	12477	ENVE	4002	A	LEC	T	835	1125	52
Winter	12478	ENVE	4002	A1	TUT	T	1335	1425	35
Fall	32639	ENVE	4003	A	LEC	TR	1305	1425	92
Fall	32640	ENVE	4003	A1O	LAB	W	835	1125	36
Fall	32641	ENVE	4003	A2E	LAB	W	835	1125	36
Fall	32642	ENVE	4003	ATU	TUT	F	1805	1855	78
Fall	32643	ENVE	4005	A	LEC	WF	1135	1255	66
Fall	32644	ENVE	4005	A1O	LAB	F	835	1125	20
Fall	32645	ENVE	4005	A2E	LAB	F	835	1125	20
Fall	32646	ENVE	4005	ATU	TUT	T	1635	1725	40
Fall	32647	ENVE	4006	A	LEC	TR	1435	1555	98
Fall	32648	ENVE	4006	A1	LAB	F	1305	1425	57
Fall	32649	ENVE	4101	A	LEC	TR	1005	1125	34
Fall	32650	ENVE	4101	A1	TUT	R	1135	1225	42
Winter	12479	ENVE	4104	A	LEC	MW	1435	1555	76
Winter	12480	ENVE	4104	A1	LAB	R	1135	1255	42
Fall	32651	ENVE	4105	A	LEC	W	1805	2055	154
Fall	32652	ENVE	4105	A1E	LAB	W	1435	1725	58
Fall	32653	ENVE	4105	A2E	LAB	W	835	1125	34
Fall	32654	ENVE	4105	A3E	LAB	F	1435	1725	42
Fall	32655	ENVE	4105	A4E	LAB				
Winter	12481	ENVE	4106	A	LEC	T	1435	1725	78
Winter	12482	ENVE	4106	A1E	LAB	R	835	1125	30
Winter	12483	ENVE	4106	A2E	LAB	F	1135	1425	30
Winter	12484	ENVE	4106	A3E	LAB	R	1435	1725	31
Fall	32656	ENVE	4107	A	LEC	F	1135	1425	51
Fall	32658	ENVE	4107	A1	PAN	M	1305	1425	57
Fall	32657	ENVE	4107	A2	PAN	R	1005	1125	40
Winter	12485	ENVE	4200	A	LEC	M	1805	2055	77
Winter	12486	ENVE	4200	A1O	PAN	T	1805	2055	76
Fall	32659	ENVE	4907	A	OTH	M	2105	2155	20
Winter	12487	ENVE	4907	A	OTH	M	2105	2155	20
Fall	32660	ENVE	4917	A	IND				
Winter	12488	ENVE	4917	B	IND				
Fall	32661	ENVE	4918	A	LEC	R	1605	1755	204
Winter	12489	ENVE	4918	A	LEC	R	1605	1755	204
Fall	32662	ENVE	4918	A1	PAN	M	835	1125	133
Winter	12490	ENVE	4918	A1	PAN	M	835	1125	133
Fall	32689	ERTH	1006	A	LEC	TR	1605	1725	386
Fall	32690	ERTH	1006	L1	LAB	W	835	1125	24
Fall	32691	ERTH	1006	L2	LAB	F	1435	1725	24
Fall	32692	ERTH	1006	L3	LAB	F	835	1125	24
Fall	32693	ERTH	1006	L4	LAB	W	1435	1725	24
Fall	32694	ERTH	1006	L5	LAB	T	835	1125	24
Fall	32695	ERTH	1006	L6	LAB	F	1135	1425	24
Fall	32696	ERTH	1006	L7	LAB	R	1135	1425	24
Winter	12513	ERTH	1009	A	LEC	TR	1635	1755	386
Winter	12514	ERTH	1009	L1	LAB	R	835	1125	24
Winter	12515	ERTH	1009	L2	LAB	F	1435	1725	24
Winter	12516	ERTH	1009	L3	LAB	T	835	1125	24
Winter	12517	ERTH	1009	L4	LAB	F	835	1125	24
Fall	32697	ERTH	1010	A	LEC	TR	1605	1725	386
Winter	12518	ERTH	1011	A	LEC	TR	1635	1755	386
Fall	32698	ERTH	2004	A	LEC	M	1235	1425	96
Fall	32699	ERTH	2004	A1	LAB	T	1135	1325	32
Fall	32700	ERTH	2004	A2	LAB	F	935	1125	32
Fall	32701	ERTH	2004	A3	LAB	F	1605	1755	32
Winter	12519	ERTH	2012	A	OTH	W	1805	2055	386
Winter	12520	ERTH	2012	AF	FLM				
Fall	32702	ERTH	2102	A	LEC	R	835	1025	48
Fall	32703	ERTH	2102	A1	LAB	M	1435	1725	24
Fall	32704	ERTH	2102	A2	LAB	W	1135	1425	24
Winter	12521	ERTH	2104	A	LEC	WF	1305	1425	48
Winter	12522	ERTH	2104	A1	LAB	W	1435	1725	24
Winter	12523	ERTH	2104	A2	LAB	F	835	1125	24
Fall	32705	ERTH	2105	A	LEC	W	935	1125	48
Fall	32706	ERTH	2105	A1	LAB	R	1435	1725	24
Winter	12524	ERTH	2312	A	LEC	M	1135	1325	78
Winter	12525	ERTH	2312	A1	LAB	F	1435	1725	24
Winter	12526	ERTH	2312	A2	LAB	R	1435	1725	24
Fall	32707	ERTH	2314	A	LEC	T	935	1125	48
Fall	32708	ERTH	2314	A1	LAB	T	1435	1725	24
Fall	32709	ERTH	2314	A2	LAB	T	1435	1725	24
Winter	12527	ERTH	2316	A	LEC	M	1135	1325	78
Fall	32710	ERTH	2401	A	LEC	TR	1305	1425	9000
Fall	32711	ERTH	2402	A	LEC	T	1435	1725	148
Fall	32712	ERTH	2403	A	LEC				
Winter	12528	ERTH	2404	A	LEC	M	1435	1725	331
Winter	12529	ERTH	2404	L1	LAB	W	835	1125	24
Winter	12530	ERTH	2404	L2	LAB	T	1435	1725	24
Winter	12531	ERTH	2404	L3	LAB	W	1435	1725	24
Winter	12532	ERTH	2404	L4	LAB	F	1135	1425	24
Winter	12533	ERTH	2404	L5	LAB	R	1805	2055	24
Winter	12534	ERTH	2404	L6	LAB	T	1805	2055	24
Winter	15611	ERTH	2404	L7	LAB	R	1435	1725	24
Winter	15612	ERTH	2404	L8	LAB	W	1805	2055	24
Winter	12535	ERTH	2406	A	LEC	T	935	1125	48
Winter	12536	ERTH	2406	A1	LAB	R	835	1125	24
Winter	12537	ERTH	2415	A	LEC	TR	1435	1555	386
Fall	32713	ERTH	2419	A	LEC	R	1435	1725	9000
Winter	12538	ERTH	2419	A	LEC	R	1435	1725	9000
Fall	32714	ERTH	2421	A	LEC	TR	1435	1555	386
Winter	12539	ERTH	2802	A	FIE				
Fall	32715	ERTH	3003	A	LEC	W	1135	1325	48
Fall	32716	ERTH	3003	A1	LAB	W	1535	1725	48
Winter	12540	ERTH	3111	A	LEC	F	935	1125	78
Winter	12541	ERTH	3111	A1	LAB	T	835	1125	24
Fall	32717	ERTH	3112	A	LEC	M	1135	1325	78
Fall	32718	ERTH	3112	A1	LAB	F	835	1125	24
Fall	32719	ERTH	3113	A	LEC	M	1805	2055	67
Winter	12542	ERTH	3114	A	LEC	F	935	1125	78
Fall	32720	ERTH	3115	A	LEC	M	1135	1325	78
Winter	12543	ERTH	3204	A	LEC	W	1435	1725	48
Winter	12544	ERTH	3204	A1	LAB				
Winter	12545	ERTH	3204	A2	LAB	R	835	1125	24
Winter	12546	ERTH	3205	A	LEC	F	835	1025	48
Winter	12547	ERTH	3205	A1	LAB	F	1135	1425	24
Winter	12548	ERTH	3206	A	SEM	M	1435	1625	48
Winter	12549	ERTH	3206	A1	LAB	W	1135	1425	24
Winter	12550	ERTH	3206	A2	LAB	W	1135	1425	24
Fall	32721	ERTH	3207	A	LEC	T	1235	1425	48
Fall	32722	ERTH	3207	A1	LAB	F	1435	1725	24
Fall	32723	ERTH	3405	A	LEC	F	835	1025	48
Fall	32724	ERTH	3405	A1	LAB	R	835	1125	25
Fall	32725	ERTH	3806	A	LEC	M	1435	1625	48
Fall	32726	ERTH	3806	A1	LAB	W	835	1125	24
Fall	32727	ERTH	3999	A	WRK				
Winter	12551	ERTH	3999	A	WRK				
Fall	32728	ERTH	4003	A	DIR				
Winter	12552	ERTH	4003	A	DIR				
Fall	35910	ERTH	4004	F	DIR				
Winter	15599	ERTH	4006	A	FIE				
Fall	32729	ERTH	4007	A	LEC				
Fall	32730	ERTH	4107	A	LEC	W	835	1125	79
Fall	32731	ERTH	4107	A1O	LAB	M	835	1125	30
Fall	32732	ERTH	4107	A2E	LAB	M	835	1125	30
Fall	32733	ERTH	4107	A3O	LAB	F	1135	1425	30
Fall	32734	ERTH	4107	A4E	LAB	F	1135	1425	30
Fall	32735	ERTH	4107	A6E	LAB	T	1435	1725	30
Fall	32736	ERTH	4107	B	LEC	TR	1005	1125	76
Winter	12553	ERTH	4209	A	FIE				
Winter	12554	ERTH	4303	A	LEC	M	835	1125	96
Winter	12555	ERTH	4504	A	SEM	T	1135	1425	48
Winter	12556	ERTH	4707	A	LEC				
Fall	35763	ERTH	4803	A	LEC	M	1135	1425	48
Winter	12557	ERTH	4803	A	LEC				
Fall	32737	ERTH	4807	A	FIE				
Fall	32738	ERTH	4808	A	FIE				
Winter	12558	ERTH	4815	A	LEC				
Fall	32739	ERTH	4908	A	IND				
Winter	12559	ERTH	4908	A	IND				
Fall	32740	ERTH	4909	A	REP				
Winter	12560	ERTH	4909	A	REP				
Fall	32741	ERTH	4910	A	IND				
Winter	12561	ERTH	4910	A	IND				
Fall	32750	ESLA	1300	A	SEM	TR	1135	1425	27
Fall	32751	ESLA	1300	A01	LAB	F	835	1025	34
Winter	12571	ESLA	1300	B	SEM	MW	1135	1425	32
Winter	12572	ESLA	1300	B01	LAB	R	1535	1725	40
Fall	32752	ESLA	1500	A	SEM	MW	1135	1425	31
Fall	32753	ESLA	1500	B	SEM	WF	1435	1725	32
Winter	12573	ESLA	1500	C	SEM	MW	1135	1425	32
Fall	32754	ESLA	1900	A	SEM	MW	1135	1425	52
Winter	12574	ESLA	1900	C	SEM	MW	1135	1425	36
Fall	32776	EURR	1001	F	LEC	TR	1135	1255	84
Fall	32777	EURR	2001	A	LEC	F	1435	1725	9000
Winter	12598	EURR	2002	A	LEC	W	1135	1325	80
Winter	12598	EURR	2002	A	LEC	R	1335	1425	80
Fall	32778	EURR	3001	A	LEC	M	1135	1425	9000
Winter	12599	EURR	3002	A	LEC	M	1135	1425	9000
Fall	32779	EURR	3999	A	WRK				
Winter	12600	EURR	3999	A	WRK				
Fall	32780	EURR	4008	A	SEM	W	1435	1725	52
Fall	32781	EURR	4101	A	SEM	M	1805	2055	9000
Fall	32782	EURR	4103	A	LEC	TR	1305	1425	31
Fall	32783	EURR	4107	A	SEM	R	1805	2055	9000
Fall	32784	EURR	4201	A	SEM	W	1135	1425	42
Winter	12601	EURR	4201	A	SEM	R	1135	1425	23
Fall	32785	EURR	4201	B	SEM	R	1135	1425	15
Winter	12602	EURR	4202	B	SEM				
Fall	32786	EURR	4202	C	SEM	W	835	1125	28
Fall	35769	EURR	4207	A	SEM	T	1135	1425	28
Winter	12603	EURR	4303	A	SEM	T	1135	1425	15
Winter	12604	EURR	4304	A	SEM	W	1805	2055	9000
Winter	12605	EURR	4306	A	SEM	T	1805	2055	31
Fall	32787	EURR	4900	A	TUT				
Winter	12606	EURR	4900	A	TUT				
Fall	32788	EURR	4901	A	TUT				
Winter	12607	EURR	4901	A	TUT				
Fall	32789	EURR	4902	A	TUT				
Winter	12608	EURR	4902	A	TUT				
Fall	32790	EURR	4908	A	RES				
Winter	12609	EURR	4908	A	RES				
Fall	32804	EXCH	1907	A	OTH				
Fall	32805	EXCH	1907	B	OTH				
Fall	32806	EXCH	1907	C	OTH				
Fall	32807	EXCH	1907	D	OTH				
Fall	32808	EXCH	1907	E	OTH				
Winter	12627	EXCH	1907	E	OTH				
Fall	32809	EXCH	1907	F	OTH				
Fall	32810	EXCH	1907	G	OTH				
Winter	12628	EXCH	1907	G	OTH				
Winter	12629	EXCH	1907	H	OTH				
Winter	12630	EXCH	1907	I	OTH				
Winter	12631	EXCH	1907	J	OTH				
Winter	12632	EXCH	1907	K	OTH				
Winter	12633	EXCH	1907	L	OTH				
Fall	32811	EXCH	1907	M	OTH				
Winter	12634	EXCH	1907	M	OTH				
Fall	32812	EXCH	1907	N	OTH				
Winter	12635	EXCH	1907	N	OTH				
Fall	32813	EXCH	1907	O	OTH				
Winter	12636	EXCH	1907	O	OTH				
Fall	32814	EXCH	1907	P	OTH				
Winter	12637	EXCH	1907	P	OTH				
Fall	32815	EXCH	1907	Q	OTH				
Winter	12638	EXCH	1907	Q	OTH				
Fall	32816	EXCH	1907	R	OTH				
Winter	12639	EXCH	1907	R	OTH				
Fall	32817	EXCH	1907	S	OTH				
Winter	12640	EXCH	1907	S	OTH				
Fall	32818	EXCH	1907	T	OTH				
Fall	32819	EXCH	1907	U	OTH				
Winter	12641	EXCH	1907	U	OTH				
Fall	32820	EXCH	1907	V	OTH				
Winter	12642	EXCH	1907	W	OTH				
Fall	32821	EXCH	1907	X	OTH				
Winter	12643	EXCH	1907	Y	OTH				
Fall	32822	EXCH	1907	Z	OTH				
Winter	12644	EXCH	1907	Z	OTH				
Fall	32830	EXUO	1909	A	OTH				
Fall	32831	EXUO	1909	B	OTH				
Fall	32832	EXUO	1909	C	OTH				
Fall	32833	EXUO	1909	D	OTH				
Fall	32834	EXUO	1909	E	OTH				
Fall	32835	EXUO	1909	F	OTH				
Winter	12652	EXUO	1909	G	OTH				
Winter	12653	EXUO	1909	H	OTH				
Winter	12654	EXUO	1909	I	OTH				
Winter	12655	EXUO	1909	J	OTH				
Winter	12656	EXUO	1909	K	OTH				
Winter	12657	EXUO	1909	L	OTH				
Fall	32836	EXUO	1909	M	OTH				
Winter	12658	EXUO	1909	M	OTH				
Fall	32837	EXUO	1909	N	OTH				
Winter	12659	EXUO	1909	N	OTH				
Fall	32838	EXUO	1909	O	OTH				
Winter	12660	EXUO	1909	O	OTH				
Fall	32839	EXUO	1909	P	OTH				
Winter	12661	EXUO	1909	P	OTH				
Fall	32840	EXUO	1909	Q	OTH				
Winter	12662	EXUO	1909	Q	OTH				
Fall	32841	EXUO	1909	R	OTH				
Winter	12663	EXUO	1909	R	OTH				
Fall	32842	EXUO	1909	S	OTH				
Winter	12664	EXUO	1909	S	OTH				
Fall	32843	EXUO	1909	T	OTH				
Winter	12665	EXUO	1909	U	OTH				
Fall	32861	FILM	1101	A	LEC	W	835	1125	9000
Fall	32862	FILM	1101	A01	GRP	R	1435	1525	9000
Fall	32863	FILM	1101	A02	GRP	R	1435	1525	9000
Fall	32864	FILM	1101	A03	GRP	R	1535	1625	9000
Fall	32865	FILM	1101	A04	GRP	R	1535	1625	9000
Fall	32866	FILM	1101	A05	GRP	R	1635	1725	9000
Fall	32867	FILM	1101	A06	GRP	R	1635	1725	9000
Fall	32868	FILM	1101	A07	GRP	F	1135	1225	9000
Fall	32869	FILM	1101	A08	GRP	F	1135	1225	9000
Fall	32870	FILM	1101	A09	GRP	F	1135	1225	9000
Fall	32871	FILM	1101	A10	GRP	R	1805	1855	9000
Fall	32872	FILM	1101	A11	GRP	R	1805	1855	9000
Fall	32873	FILM	1101	A12	GRP	R	1805	1855	9000
Fall	32874	FILM	1101	A13	GRP	F	1235	1325	9000
Fall	32875	FILM	1101	A14	GRP	F	1235	1325	9000
Winter	12680	FILM	1101	B	LEC	M	1135	1425	444
Winter	12681	FILM	1101	B01	GRP	T	1335	1425	32
Winter	12682	FILM	1101	B02	GRP	T	1335	1425	52
Winter	12683	FILM	1101	B03	GRP	T	1335	1425	83
Winter	12684	FILM	1101	B04	GRP	R	1535	1625	27
Winter	12685	FILM	1101	B05	GRP	T	1235	1325	32
Winter	12686	FILM	1101	B06	GRP	T	1235	1325	83
Winter	12687	FILM	1101	B07	GRP	T	1235	1325	27
Winter	12688	FILM	1101	B08	GRP	T	1805	1855	27
Winter	12689	FILM	1101	B09	GRP	T	1805	1855	27
Winter	12690	FILM	1101	B10	GRP	T	1805	1855	32
Winter	12691	FILM	1101	B11	GRP	R	1535	1625	27
Winter	12692	FILM	1101	B12	GRP	R	1535	1625	48
Winter	12693	FILM	1101	B13	GRP	W	1335	1425	32
Winter	12694	FILM	1101	B14	GRP	W	1335	1425	40
Fall	32876	FILM	1120	A	LEC	F	1435	1525	52
Fall	32877	FILM	1120	AF	FLM	F	1135	1425	52
Fall	32878	FILM	2001	A	LEC	M	1435	1525	83
Fall	32879	FILM	2001	AF	FLM	M	1135	1425	83
Winter	12695	FILM	2002	B	LEC	T	1135	1225	83
Winter	12696	FILM	2002	BF	FLM	T	835	1125	83
Winter	12697	FILM	2101	B	LEC	R	1135	1225	83
Winter	12698	FILM	2101	BF	FLM	R	835	1125	83
Fall	32880	FILM	2106	A	LEC	W	1135	1225	52
Fall	32881	FILM	2106	AF	FLM	W	835	1125	52
Winter	12699	FILM	2201	B	LEC	T	2105	2155	83
Winter	12700	FILM	2201	BF	FLM	T	1805	2055	83
Fall	32882	FILM	2204	A	LEC	R	1135	1225	83
Fall	32883	FILM	2204	AF	FLM	R	835	1125	83
Winter	12701	FILM	2206	B	LEC	M	2105	2155	83
Winter	12702	FILM	2206	BF	FLM	M	1805	2055	83
Fall	32884	FILM	2401	A	LEC	W	2105	2155	83
Fall	32885	FILM	2401	AF	FLM	W	1805	2055	83
Fall	32886	FILM	2601	A	LEC	T	1735	1825	83
Fall	32887	FILM	2601	AF	FLM	T	1435	1725	83
Winter	12703	FILM	2601	B	LEC	F	1435	1525	83
Winter	12704	FILM	2601	BF	FLM	F	1135	1425	83
Fall	32888	FILM	2606	A	LEC	T	1135	1225	83
Fall	32889	FILM	2606	AF	FLM	T	835	1125	83
Winter	12705	FILM	2607	B	LEC	M	1435	1525	83
Winter	12706	FILM	2607	BF	FLM	M	1135	1425	83
Fall	32890	FILM	2801	A	WKS	W	1335	1725	32
Winter	12707	FILM	2809	B	LEC	W	1435	1725	115
Fall	32891	FILM	3105	A	LEC	R	1135	1225	40
Fall	32892	FILM	3105	AF	FLM	R	835	1125	40
Fall	32893	FILM	3301	A	LEC	M	1435	1525	52
Fall	32894	FILM	3301	AF	FLM	M	1135	1425	52
Winter	12708	FILM	3402	B	LEC	W	1435	1625	83
Winter	12709	FILM	3402	BF	FLM	W	1135	1425	83
Fall	32895	FILM	3506	A	LEC	W	2105	2155	40
Fall	32896	FILM	3506	AF	FLM	W	1805	2055	40
Winter	12710	FILM	3609	B	LEC	R	1235	1425	40
Winter	12711	FILM	3609	BF	FLM	R	1435	1625	9000
Fall	32897	FILM	3701	A	LEC	M	2105	2155	32
Fall	32898	FILM	3701	AF	FLM	M	1805	2055	32
Winter	12712	FILM	3801	B	LEC				
Winter	12713	FILM	3901	B	LEC	R	1335	1725	83
Winter	12714	FILM	3901	C	LEC				
Winter	12715	FILM	3901	CF	FLM				
Winter	12716	FILM	3901	D	LEC	W	835	1125	40
Fall	32899	FILM	3902	A	WKS	T	835	1125	54
Fall	32900	FILM	4001	A	LEC	F	1435	1625	32
Fall	32901	FILM	4001	AF	FLM	F	1135	1425	32
Fall	32902	FILM	4002	A	SEM	W	1435	1625	27
Fall	32903	FILM	4002	AF	FLM	W	1135	1425	27
Winter	12717	FILM	4002	B	SEM	T	1235	1425	40
Winter	12718	FILM	4002	BF	FLM	T	1435	1725	9000
Winter	12719	FILM	4201	B	SEM	R	1135	1325	32
Winter	12720	FILM	4201	BF	FLM	R	835	1125	32
Fall	32904	FILM	4203	A	LEC	R	1135	1325	27
Fall	32905	FILM	4203	AF	FLM	R	1335	1625	9000
Fall	32906	FILM	4401	A	SEM				
Fall	32907	FILM	4401	AF	FLM				
Fall	32908	FILM	4805	A	PRC				
Winter	12721	FILM	4805	B	PRC				
Fall	32909	FILM	4901	A	SEM	T	1135	1425	27
Fall	32910	FILM	4901	AF	FLM	T	1435	1625	9000
Winter	12722	FILM	4901	B	SEM	F	1435	1625	40
Winter	12723	FILM	4901	BF	FLM	F	1135	1425	40
Fall	32911	FILM	4904	A	IND				
Winter	12724	FILM	4904	B	IND				
Fall	32946	FINS	2105	R	LEC				9000
Winter	12750	FINS	3105	R	LEC				9000
Fall	32947	FINS	3801	A	OTH				
Winter	12751	FINS	3801	A	OTH				
Fall	32948	FINS	4801	A	OTH				
Winter	12752	FINS	4802	B	OTH				
Winter	12753	FOOD	1001	A	LEC	MW	1605	1725	98
Fall	32949	FOOD	2001	A	LEC	TR	1135	1255	67
Fall	32950	FOOD	2002	A	LEC	WF	835	955	40
Fall	32951	FOOD	2003	A	LEC	R	835	1125	27
Winter	12754	FOOD	2004	A	WKS	MW	1435	1625	42
Fall	32952	FOOD	3001	A	LEC				
Fall	32953	FOOD	3001	A1	LAB				
Fall	32954	FOOD	3001	A2	LAB				
Winter	12755	FOOD	3002	A	LEC				
Winter	12756	FOOD	3002	A1	LAB				
Winter	12757	FOOD	3002	A2	LAB				
Fall	32955	FOOD	3003	A	LEC	TR	835	955	52
Fall	32956	FOOD	3005	A	LEC				
Fall	32957	FOOD	3005	A1	LAB				
Fall	32958	FOOD	3005	A2	LAB				
Winter	12758	FOOD	3006	A	WKS				
Fall	32959	FOOD	3999	A	WRK				
Winter	12759	FOOD	3999	A	WRK				
Winter	12760	FOOD	4001	A	LEC	T	1135	1425	36
Winter	12761	FOOD	4102	A	LEC	R	835	1125	27
Fall	32960	FOOD	4103	A	LEC				
Fall	32961	FOOD	4201	A	LEC	M	1435	1725	51
Winter	12762	FOOD	4202	A	LEC	T	835	1125	42
Fall	32962	FOOD	4203	A	LEC	T	835	1125	35
Fall	32963	FOOD	4907	A	HON				
Winter	12763	FOOD	4907	A	HON				
Fall	35962	FOOD	4907	B	HON				
Winter	15622	FOOD	4907	B	HON				
Fall	32964	FOOD	4908	A	HON				
Winter	12764	FOOD	4908	A	HON				
Fall	32971	FREN	1001	A	LEC	WF	1435	1555	27
Winter	12769	FREN	1001	A	LEC	WF	1435	1555	31
Fall	32972	FREN	1001	B	LEC	WF	1305	1425	27
Winter	12770	FREN	1001	B	LEC	WF	1305	1425	31
Fall	32973	FREN	1001	C	LEC	MW	1135	1255	56
Winter	12771	FREN	1001	C	LEC	MW	1135	1255	56
Fall	32974	FREN	1002	A	LEC	WF	1435	1555	31
Winter	12772	FREN	1002	A	LEC	WF	1435	1555	48
Fall	32975	FREN	1002	B	LEC	WF	1305	1425	27
Winter	12773	FREN	1002	B	LEC	WF	1305	1425	79
Fall	32976	FREN	1002	C	LEC	MW	1135	1255	36
Winter	12774	FREN	1002	C	LEC	MW	1135	1255	42
Fall	32977	FREN	1002	D	LEC	TR	1935	2055	27
Winter	12775	FREN	1002	D	LEC	TR	1935	2055	29
Fall	32978	FREN	1002	E	LEC	TR	1005	1125	27
Winter	12776	FREN	1002	E	LEC	TR	1005	1125	27
Fall	32979	FREN	1002	Y	LEC	MTR	1135	1325	31
Fall	32980	FREN	1050	A	SEM	TR	1605	1725	54
Fall	32981	FREN	1100	A	LEC	WF	1435	1555	31
Winter	12777	FREN	1100	A	LEC	WF	1435	1555	56
Fall	32982	FREN	1100	B	LEC	WF	1305	1425	31
Winter	12778	FREN	1100	B	LEC	WF	1305	1425	56
Fall	32983	FREN	1100	C	LEC	MW	1135	1255	29
Winter	12779	FREN	1100	C	LEC	MW	1135	1255	40
Fall	32984	FREN	1100	D	LEC	TR	1935	2055	54
Winter	12780	FREN	1100	D	LEC	TR	1935	2055	56
Winter	12781	FREN	1100	Z	LEC	MTR	1135	1325	40
Fall	32985	FREN	1110	A	LEC				
Winter	12782	FREN	1110	A	LEC				
Fall	32986	FREN	2100	A	LEC				
Winter	12783	FREN	2100	A	LEC				
Fall	32987	FREN	2100	B	LEC	WF	1305	1425	30
Winter	12784	FREN	2100	B	LEC	WF	1305	1425	31
Fall	32988	FREN	2100	C	LEC	MW	1135	1255	31
Winter	12785	FREN	2100	C	LEC	MW	1135	1255	30
Fall	32989	FREN	2100	D	LEC	TR	1935	2055	40
Winter	12786	FREN	2100	D	LEC	TR	1935	2055	39
Fall	32990	FREN	2100	E	LEC	TR	1005	1125	52
Winter	12787	FREN	2100	E	LEC	TR	1005	1125	28
Fall	32991	FREN	2110	A	LEC	MW	1605	1725	27
Winter	12788	FREN	2110	A	LEC	MW	1605	1725	32
Fall	32992	FREN	2202	A	LEC	WF	1135	1255	41
Winter	12789	FREN	2202	B	LEC	WF	1435	1555	40
Fall	32993	FREN	2203	A	LEC	TR	1005	1125	36
Winter	12790	FREN	2203	B	LEC	MW	1435	1555	39
Fall	32994	FREN	2401	A	LEC	MW	1005	1125	36
Winter	12791	FREN	2401	A	LEC	MW	1005	1125	34
Fall	32995	FREN	2401	B	LEC	MW	1135	1255	35
Winter	12792	FREN	2401	B	LEC	MW	1135	1255	34
Winter	12793	FREN	2701	A	LEC	TR	1005	1125	31
Fall	32996	FREN	3050	A	SEM	T	1435	1725	31
Winter	12794	FREN	3060	A	LEC	R	1135	1425	9000
Fall	35764	FREN	3213	A	SEM	MW	1305	1425	
Winter	12795	FREN	3213	A	SEM				
Fall	32997	FREN	3216	A	SEM				
Winter	15452	FREN	3216	A	SEM	WF	1305	1425	40
Winter	12796	FREN	3218	A	SEM				
Fall	32998	FREN	3411	A	SEM	WF	1135	1255	25
Fall	35765	FREN	3412	A	SEM	TR	1005	1125	27
Winter	12797	FREN	3414	A	LEC	T	835	1125	25
Fall	32999	FREN	3451	A	LEC				
Fall	35777	FREN	3701	A	LEC	M	1135	1425	39
Winter	12798	FREN	3701	A	LEC				
Fall	33000	FREN	3702	A	LEC	T	1135	1425	52
Winter	12799	FREN	3900	A	LEC	R	1435	1725	29
Fall	33001	FREN	3999	A	WRK				
Winter	12800	FREN	3999	A	WRK				
Winter	12801	FREN	4060	A	CAP				
Winter	12802	FREN	4060	B	CAP				
Winter	12803	FREN	4060	C	CAP				
Winter	12804	FREN	4060	D	CAP				
Fall	33002	FREN	4213	A	SEM	R	1135	1425	25
Fall	33003	FREN	4412	A	SEM	W	1435	1725	40
Fall	33004	FREN	4801	A	TUT				
Winter	12805	FREN	4801	B	TUT				
Fall	33005	FREN	4801	C	TUT				
Winter	12806	FREN	4801	C	TUT				
Fall	33006	FREN	4802	A	TUT				
Winter	12807	FREN	4802	B	TUT				
Fall	33012	FYSM	1001	A	SEM	TR	1305	1425	52
Fall	33013	FYSM	1004	A	SEM	MW	1305	1425	40
Winter	12811	FYSM	1004	A	SEM	MW	1305	1425	40
Fall	33014	FYSM	1004	B	SEM	TR	1005	1125	28
Winter	12812	FYSM	1004	B	SEM	TR	1005	1125	28
Fall	33015	FYSM	1004	C	SEM	M	1435	1725	40
Winter	12813	FYSM	1004	C	SEM	M	1435	1725	47
Fall	33016	FYSM	1004	D	SEM	T	1435	1725	40
Winter	12814	FYSM	1004	D	SEM	T	1435	1725	41
Fall	33017	FYSM	1101	A	SEM	R	835	1125	30
Winter	12815	FYSM	1101	A	SEM	R	835	1125	30
Fall	33018	FYSM	1106	A	SEM	WF	835	955	57
Winter	12816	FYSM	1106	A	SEM	WF	835	955	42
Fall	33019	FYSM	1107	A	SEM	F	1135	1425	33
Winter	12817	FYSM	1107	A	SEM	F	1135	1425	33
Fall	33020	FYSM	1108	A	SEM	T	1135	1425	30
Fall	33021	FYSM	1210	A	SEM	MW	1605	1725	39
Winter	12818	FYSM	1210	A	SEM	TR	1135	1255	42
Fall	33022	FYSM	1210	B	SEM	TR	1305	1425	39
Winter	12819	FYSM	1210	B	SEM	MW	1005	1125	42
Fall	33023	FYSM	1217	A	SEM	W	1135	1425	54
Winter	12820	FYSM	1217	B	SEM	R	835	1125	39
Fall	33024	FYSM	1310	B	SEM	TR	1135	1255	9000
Winter	12821	FYSM	1310	B	SEM	TR	1135	1255	9000
Fall	33025	FYSM	1310	C	SEM	R	1305	1425	42
Winter	12822	FYSM	1310	C	SEM	R	1305	1425	39
Fall	33026	FYSM	1310	E	SEM	F	1135	1425	42
Winter	12823	FYSM	1310	E	SEM	F	1135	1425	42
Fall	33027	FYSM	1310	F	SEM	MW	1605	1725	52
Winter	12824	FYSM	1310	F	SEM	MW	1605	1725	29
Fall	33028	FYSM	1310	H	SEM	T	1805	2055	29
Winter	12825	FYSM	1310	H	SEM	T	1805	2055	30
Fall	33029	FYSM	1401	A	SEM				
Winter	12826	FYSM	1401	A	SEM				
Fall	33030	FYSM	1402	A	SEM				
Winter	12827	FYSM	1402	A	SEM				
Fall	33031	FYSM	1405	A	SEM	TR	1435	1555	39
Winter	12828	FYSM	1405	A	SEM	TR	1435	1555	39
Fall	33032	FYSM	1405	B	SEM	WF	835	955	31
Winter	12829	FYSM	1405	B	SEM	WF	835	955	32
Fall	33033	FYSM	1405	C	SEM	T	1135	1425	40
Winter	12830	FYSM	1405	C	SEM	T	1135	1425	42
Fall	33034	FYSM	1405	D	SEM				
Winter	12831	FYSM	1405	D	SEM				
Fall	33035	FYSM	1406	A	SEM				
Winter	12832	FYSM	1406	A	SEM				
Fall	33036	FYSM	1409	A	SEM	F	1135	1425	52
Winter	12833	FYSM	1409	A	SEM	F	1135	1425	42
Fall	33037	FYSM	1450	A	SEM	W	1135	1425	29
Winter	12834	FYSM	1450	A	SEM	W	1135	1425	29
Fall	33038	FYSM	1502	A	SEM	R	1135	1425	52
Winter	12835	FYSM	1502	A	SEM	R	1135	1425	52
Fall	33039	FYSM	1506	B	SEM	T	835	1125	35
Winter	12836	FYSM	1506	B	SEM	T	835	1125	42
Fall	33040	FYSM	1508	A	SEM	MW	1005	1125	66
Winter	12837	FYSM	1508	A	SEM	MW	1005	1125	40
Fall	33041	FYSM	1508	B	SEM	MW	1135	1255	30
Winter	12838	FYSM	1508	B	SEM	MW	1135	1255	40
Fall	33042	FYSM	1607	A	SEM	WF	1005	1125	52
Winter	12839	FYSM	1607	A	SEM	WF	1005	1125	32
Fall	33043	FYSM	1607	B	SEM				
Winter	12840	FYSM	1607	B	SEM				
Fall	33044	FYSM	1607	C	SEM	TR	1605	1725	39
Winter	12841	FYSM	1607	C	SEM	TR	1605	1725	32
Fall	33045	FYSM	1611	A	SEM	M	1435	1725	9000
Fall	33046	FYSM	1611	B	SEM	R	835	1125	42
Fall	33047	FYSM	1611	C	SEM	W	835	1125	31
Winter	12842	FYSM	1611	D	SEM	M	1135	1425	51
Fall	35774	FYSM	1611	O	SEM				
Fall	33048	FYSM	1900	A	SEM	M	1435	1725	27
Winter	12843	FYSM	1900	A	SEM	M	1435	1725	51
Fall	33049	FYSM	1900	B	SEM	T	1135	1425	52
Winter	12844	FYSM	1900	B	SEM	T	1135	1425	52
Fall	33050	FYSM	1900	C	SEM	TR	1005	1125	40
Winter	12845	FYSM	1900	C	SEM	TR	1005	1125	52
Fall	33051	FYSM	1900	D	SEM	R	1135	1425	52
Winter	12846	FYSM	1900	D	SEM	R	1135	1425	52
Fall	33052	FYSM	1900	F	SEM	W	1135	1425	40
Winter	12847	FYSM	1900	F	SEM	W	1135	1425	51
Fall	33053	FYSM	1900	G	SEM	T	1435	1725	35
Winter	12848	FYSM	1900	G	SEM	T	1435	1725	42
Fall	33054	FYSM	1900	H	SEM	TR	1135	1255	40
Winter	12849	FYSM	1900	H	SEM	TR	1135	1255	52
Fall	33055	FYSM	1900	I	SEM	R	1805	2055	52
Winter	12850	FYSM	1900	I	SEM	R	1805	2055	36
Fall	33056	FYSM	1900	J	SEM	W	1435	1725	40
Winter	12851	FYSM	1900	J	SEM	W	1435	1725	42
Fall	33057	FYSM	1908	A	SEM	W	1435	1725	35
Winter	12852	FYSM	1908	B	SEM	W	1435	1725	30
Fall	33058	GEOG	1010	A	LEC	MW	835	955	151
Fall	33059	GEOG	1010	A01	LAB	W	1805	1955	25
Fall	33060	GEOG	1010	A02	LAB	F	1135	1325	25
Fall	33061	GEOG	1010	A03	LAB	F	1435	1625	25
Fall	33062	GEOG	1010	A04	LAB	W	1135	1325	25
Fall	33063	GEOG	1010	A05	LAB	F	835	1025	25
Fall	33064	GEOG	1010	A06	LAB	M	1035	1225	25
Winter	12853	GEOG	1010	B	LEC	MW	1305	1425	98
Winter	12854	GEOG	1010	B01	LAB	W	2005	2155	25
Winter	12855	GEOG	1010	B02	LAB	F	1135	1325	25
Winter	12856	GEOG	1010	B03	LAB	F	1435	1625	25
Winter	12857	GEOG	1010	B04	LAB	R	1435	1625	25
Winter	12858	GEOG	1010	B05	LAB				
Fall	33065	GEOG	1020	A	LEC	R	1135	1325	386
Fall	33066	GEOG	1020	A01	TUT	F	1635	1725	33
Fall	33067	GEOG	1020	A02	TUT	R	1635	1725	33
Fall	33068	GEOG	1020	A03	TUT	R	1535	1625	33
Fall	33069	GEOG	1020	A04	TUT				
Fall	33070	GEOG	1020	A05	TUT	R	1805	1855	33
Fall	33071	GEOG	1020	A06	TUT	R	1435	1525	33
Fall	33072	GEOG	1020	A07	TUT	F	1035	1125	33
Fall	33073	GEOG	1020	A08	TUT	R	1335	1425	33
Winter	12859	GEOG	1020	B	LEC	W	1805	1955	331
Winter	12860	GEOG	1020	B01	TUT	R	1805	1855	33
Winter	12861	GEOG	1020	B02	TUT	R	1905	1955	33
Winter	12862	GEOG	1020	B03	TUT	F	835	925	33
Winter	12863	GEOG	1020	B04	TUT	R	1535	1625	33
Winter	12864	GEOG	1020	B05	TUT	R	1635	1725	33
Winter	12865	GEOG	1020	B06	TUT	M	1435	1525	33
Winter	12866	GEOG	1020	B07	TUT	M	1635	1725	33
Winter	12867	GEOG	1020	B08	TUT	M	1535	1625	33
Fall	33074	GEOG	1023	A	LEC	W	1235	1425	98
Fall	33075	GEOG	1023	A1	TUT	W	1435	1525	33
Fall	33076	GEOG	1023	A2	TUT	W	1805	1855	33
Fall	33077	GEOG	1023	A3	TUT	W	1535	1625	33
Fall	33078	GEOG	2005	A	LEC	R	1235	1425	97
Fall	33079	GEOG	2005	A1	LAB				
Fall	33080	GEOG	2005	A2	LAB	T	1435	1625	33
Fall	33081	GEOG	2005	A3	LAB	F	1435	1625	33
Winter	12868	GEOG	2006	A	LEC	MW	1635	1725	94
Winter	12869	GEOG	2006	A01	LAB	F	935	1125	32
Winter	12870	GEOG	2006	A02	LAB	R	1135	1325	32
Winter	12871	GEOG	2006	A03	LAB	F	1435	1625	32
Winter	12872	GEOG	2013	A	LEC	TR	835	955	151
Winter	12873	GEOG	2013	A01	LAB	W	1805	2055	30
Winter	12874	GEOG	2013	A02	LAB	F	1135	1425	30
Winter	12875	GEOG	2013	A03	LAB	T	1435	1725	30
Winter	12876	GEOG	2013	A04	LAB	M	1135	1425	30
Fall	33082	GEOG	2014	A	LEC	WF	835	955	52
Fall	33083	GEOG	2014	A1	LAB	R	1435	1725	30
Fall	33084	GEOG	2014	A1A	LAB	R	1435	1725	22
Fall	33085	GEOG	2014	A2	LAB	F	1435	1725	30
Fall	33086	GEOG	2014	A2A	LAB	F	1435	1725	22
Winter	12877	GEOG	2020	A	LEC	M	1805	2055	76
Fall	33087	GEOG	2023	A	LEC	T	935	1125	98
Fall	33088	GEOG	2023	A1	TUT	W	1035	1125	33
Fall	33089	GEOG	2023	A2	TUT	R	1035	1125	33
Fall	33090	GEOG	2023	A3	TUT	W	935	1025	33
Fall	33091	GEOG	2023	A4	TUT				
Fall	33092	GEOG	2200	A	LEC	MW	1005	1125	120
Fall	33093	GEOG	2200	T	LEC	TR	1605	1725	9000
Winter	12878	GEOG	2300	A	LEC	W	1135	1325	102
Winter	12879	GEOG	2300	A01	GRP	R	935	1025	33
Winter	12880	GEOG	2300	A02	GRP				
Winter	12881	GEOG	2300	A03	GRP	R	1435	1525	33
Winter	12882	GEOG	2300	A04	GRP	R	1035	1125	33
Winter	12883	GEOG	2500	A	LEC	W	835	1025	120
Winter	12884	GEOG	2500	A1	GRP	M	1135	1225	33
Winter	12885	GEOG	2500	A2	GRP	M	1035	1125	33
Winter	12886	GEOG	2500	A3	GRP	M	935	1025	33
Fall	33094	GEOG	3000	A	FIE	R	1135	1425	30
Fall	35767	GEOG	3000	B	FIE	T	835	1125	30
Fall	33095	GEOG	3001	A	LEC				
Winter	12887	GEOG	3003	A	LEC	M	1135	1325	41
Winter	12888	GEOG	3003	A1	LAB	T	1135	1325	32
Fall	33096	GEOG	3021	A	LEC	T	1135	1425	30
Fall	33097	GEOG	3022	A	LEC	W	835	1125	84
Winter	12889	GEOG	3023	A	LEC	R	1135	1425	52
Fall	33098	GEOG	3024	A	LEC				
Fall	33099	GEOG	3103	A	LEC	WF	1135	1255	27
Fall	33100	GEOG	3103	A1	LAB	W	1535	1725	30
Fall	33101	GEOG	3103	A1A	LAB	W	1535	1725	22
Winter	12890	GEOG	3105	A	LEC	W	1835	2025	67
Winter	12891	GEOG	3105	A1	LAB	W	835	1025	22
Winter	12892	GEOG	3105	A1A	LAB	W	835	1025	30
Winter	12893	GEOG	3105	A2	LAB	M	1435	1625	22
Winter	12894	GEOG	3105	A2A	LAB	M	1435	1625	30
Fall	33102	GEOG	3106	A	WKS	TR	835	955	63
Fall	33103	GEOG	3108	A	LEC	M	1135	1325	51
Fall	33104	GEOG	3108	A01	LAB				
Fall	33105	GEOG	3108	A02	LAB	T	1135	1425	25
Fall	33106	GEOG	3108	A03	LAB	T	1435	1725	25
Fall	33107	GEOG	3206	F	LEC	T	1805	2055	98
Winter	12895	GEOG	3404	A	LEC	W	1135	1425	52
Winter	12896	GEOG	3501	A	LEC	T	1135	1425	33
Fall	33108	GEOG	3999	A	WRK				
Winter	12897	GEOG	3999	A	WRK				
Fall	33109	GEOG	4000	A	IND				
Winter	12898	GEOG	4000	B	IND				
Fall	33110	GEOG	4004	A	SEM	R	1435	1725	40
Fall	33111	GEOG	4005	A	IND				
Winter	12899	GEOG	4005	B	IND				
Fall	33112	GEOG	4007	A	SEM	R	1135	1425	29
Winter	12900	GEOG	4007	B	SEM	R	835	1125	29
Winter	12901	GEOG	4013	A	LEC	T	835	1125	29
Winter	12902	GEOG	4017	W	LEC	TR	1135	1255	30
Winter	12903	GEOG	4021	A	SEM	F	1135	1425	27
Fall	33113	GEOG	4022	A	SEM	T	1135	1425	29
Winter	12904	GEOG	4023	A	SEM				
Fall	33114	GEOG	4024	A	SEM	M	1135	1425	29
Winter	12905	GEOG	4050	A	SEM	R	1135	1425	33
Fall	33115	GEOG	4103	A	LEC	MW	1305	1425	42
Fall	33116	GEOG	4103	A1	TUT	M	1805	1855	84
Fall	33117	GEOG	4304	A	LEC	WF	1435	1555	115
Fall	33118	GEOG	4304	A1E	LAB	M	1435	1725	96
Fall	33119	GEOG	4323	A	LEC	T	1435	1725	42
Fall	33120	GEOG	4406	A	TUT	F	835	1125	29
Winter	12906	GEOG	4406	B	TUT	F	835	1125	29
Fall	33121	GEOG	4408	A	TUT	F	835	1125	29
Winter	12907	GEOG	4408	B	TUT	F	835	1125	29
Fall	33122	GEOG	4450	A	LEC	W	1135	1425	33
Fall	33123	GEOG	4906	A	REP				
Winter	12908	GEOG	4906	A	REP				
Fall	33124	GEOG	4906	B	REP				
Winter	12909	GEOG	4906	B	REP				
Fall	33125	GEOG	4906	C	REP				
Winter	12910	GEOG	4906	C	REP				
Fall	33126	GEOG	4909	A	HON				
Winter	12911	GEOG	4909	A	HON				
Fall	33127	GEOG	4909	B	HON				
Winter	12912	GEOG	4909	B	HON				
Fall	33128	GEOG	4909	C	HON				
Winter	12913	GEOG	4909	C	HON				
Fall	35953	GEOG	4909	D	HON				
Fall	33143	GEOM	1004	A	LEC	M	1235	1425	96
Fall	33144	GEOM	1004	A1	LAB	T	1135	1325	32
Fall	33145	GEOM	1004	A2	LAB	F	935	1125	32
Fall	33146	GEOM	1004	A3	LAB	F	1605	1755	32
Winter	12929	GEOM	1004	B	LEC	M	935	1125	97
Winter	12930	GEOM	1004	B1	LAB	T	835	1025	32
Winter	12931	GEOM	1004	B2	LAB	W	1435	1625	32
Winter	12932	GEOM	1004	B3	LAB	M	1435	1625	32
Fall	33147	GEOM	2005	A	LEC	T	935	1125	134
Fall	33148	GEOM	2005	A1	LAB	W	1135	1325	32
Fall	33149	GEOM	2005	A2	LAB	W	835	1025	32
Fall	35920	GEOM	2005	A3	LAB	W	1435	1625	32
Winter	12933	GEOM	2007	A	LEC	M	1735	1925	80
Winter	12934	GEOM	2007	A1	LAB	T	1735	1925	32
Winter	12935	GEOM	2007	A2	LAB	M	1935	2125	32
Fall	33150	GEOM	2008	A	LEC	R	935	1125	32
Fall	33151	GEOM	2008	A1	LAB	R	1135	1325	32
Fall	33152	GEOM	3002	A	LEC	W	1735	1925	32
Fall	33153	GEOM	3002	A1	LAB	R	1435	1625	32
Winter	12936	GEOM	3005	B	LEC	T	935	1125	42
Winter	12937	GEOM	3005	B1	LAB	W	1135	1425	32
Winter	12938	GEOM	3007	A	LEC	T	1435	1625	22
Winter	12939	GEOM	3007	A1	LAB	F	835	1025	22
Fall	33154	GEOM	3999	A	WRK				
Winter	12940	GEOM	3999	A	WRK				
Winter	12941	GEOM	4001	A	SEM	TR	1005	1125	22
Winter	12942	GEOM	4001	B	SEM				
Winter	12943	GEOM	4003	A	LEC	W	935	1125	32
Winter	12944	GEOM	4003	A1	LAB	R	1435	1625	22
Fall	33155	GEOM	4005	A	DIR				
Winter	12945	GEOM	4005	B	DIR				
Fall	33156	GEOM	4008	A	LEC	M	1235	1425	22
Fall	33157	GEOM	4008	A01	LAB	M	1535	1725	22
Winter	12946	GEOM	4009	A	WKS	F	1435	1725	22
Fall	33158	GEOM	4406	A	PRC	F	835	1125	29
Winter	12947	GEOM	4406	B	PRC	F	835	1125	29
Fall	33159	GEOM	4408	A	PRC	F	835	1125	29
Winter	12948	GEOM	4408	B	PRC	F	835	1125	29
Fall	33160	GEOM	4906	A	HON				
Winter	12949	GEOM	4906	A	HON				
Fall	33161	GEOM	4906	B	HON				
Winter	12950	GEOM	4906	B	HON				
Fall	33162	GEOM	4906	C	HON				
Winter	12951	GEOM	4906	C	HON				
Fall	35918	GEOM	4906	D	HON				
Winter	15702	GEOM	4906	D	HON				
Fall	33163	GEOM	4909	A	HON				
Winter	12952	GEOM	4909	A	HON				
Fall	33164	GEOM	4909	B	HON				
Winter	12953	GEOM	4909	B	HON				
Fall	33165	GEOM	4909	C	HON				
Winter	12954	GEOM	4909	C	HON				
Fall	33166	GERM	1010	A	SEM	MW	1435	1625	42
Fall	33167	GERM	1010	B	SEM	TR	1805	1955	39
Fall	33168	GERM	1010	C	SEM				
Fall	35923	GERM	1010	D	SEM	TR	935	1125	32
Winter	12955	GERM	1020	A	SEM	WF	1435	1625	32
Winter	15593	GERM	1020	B	SEM	TR	935	1125	36
Fall	35924	GERM	2010	A	SEM				
Winter	15594	GERM	2020	A	SEM				
Fall	33169	GERM	2110	A	SEM	R	1805	1955	32
Fall	33169	GERM	2110	A	SEM	TW	1805	2055	32
Winter	12956	GERM	3110	A	SEM				
Fall	33170	GINS	1000	A	LEC	W	1435	1625	96
Fall	33171	GINS	1000	A1	TUT	M	935	1025	31
Fall	33172	GINS	1000	A2	TUT	W	1035	1125	24
Fall	33173	GINS	1000	A3	TUT	W	1335	1425	24
Fall	33174	GINS	1000	A4	TUT				
Winter	12957	GINS	1000	B	LEC	W	1435	1625	78
Winter	12958	GINS	1000	B1	TUT	T	1235	1325	32
Winter	12959	GINS	1000	B2	TUT	T	1535	1625	40
Winter	12960	GINS	1000	B3	TUT	W	1635	1725	55
Winter	12961	GINS	1000	B4	TUT	T	1435	1525	24
Fall	33175	GINS	1010	A	LEC	TR	835	925	98
Fall	33176	GINS	1010	A1	TUT	T	1335	1425	31
Fall	33177	GINS	1010	A2	TUT	F	1035	1125	30
Fall	33178	GINS	1010	A3	TUT	W	935	1025	24
Fall	33179	GINS	1010	A4	TUT	R	1035	1125	24
Winter	12962	GINS	1010	B	LEC	MW	1335	1425	94
Winter	12963	GINS	1010	B1	TUT	M	935	1025	40
Winter	12964	GINS	1010	B2	TUT	T	1035	1125	40
Winter	12965	GINS	1010	B3	TUT	M	1235	1325	55
Winter	12966	GINS	1010	B4	TUT	R	1435	1525	24
Fall	33180	GINS	1020	A	LEC	M	1435	1625	96
Fall	33181	GINS	1020	A1	TUT	T	935	1025	31
Fall	33182	GINS	1020	A2	TUT	F	935	1025	24
Fall	33183	GINS	1020	A3	TUT	M	1635	1725	56
Fall	33184	GINS	1020	A4	TUT	W	1335	1425	24
Winter	12967	GINS	1020	B	LEC	R	935	1125	84
Winter	12968	GINS	1020	B1	TUT	M	1435	1525	35
Winter	12969	GINS	1020	B2	TUT	F	935	1025	47
Winter	12970	GINS	1020	B3	TUT	M	1035	1125	24
Winter	12971	GINS	1100	A	LEC	W	1135	1325	58
Winter	12972	GINS	1100	A1	TUT	F	1535	1625	24
Winter	12973	GINS	1100	A2	TUT	F	1435	1525	24
Winter	12974	GINS	1100	A3	TUT	R	1535	1625	24
Fall	33185	GINS	1300	A	OTH				
Winter	12975	GINS	1300	B	OTH				
Fall	33186	GINS	2000	A	LEC	M	1535	1725	94
Fall	33187	GINS	2000	A1	TUT	F	1235	1325	24
Fall	33188	GINS	2000	A2	TUT	T	1435	1525	24
Fall	33189	GINS	2000	A3	TUT	T	1535	1625	24
Winter	12976	GINS	2000	B	LEC	T	1535	1725	52
Winter	12977	GINS	2000	B1	TUT	T	935	1025	24
Winter	12978	GINS	2000	B2	TUT	M	1235	1325	24
Winter	12979	GINS	2000	B3	TUT	W	935	1025	24
Fall	33190	GINS	2010	A	LEC	M	1235	1425	66
Fall	33191	GINS	2010	A1	TUT	F	1135	1225	24
Fall	33192	GINS	2010	A2	TUT	M	1435	1525	24
Fall	33193	GINS	2010	A3	TUT	R	1435	1525	24
Winter	12980	GINS	2010	B	LEC	F	935	1125	76
Winter	12981	GINS	2010	B1	TUT	W	1035	1125	24
Winter	12982	GINS	2010	B2	TUT	R	1035	1125	24
Winter	12983	GINS	2010	B3	TUT	M	1535	1625	24
Fall	33194	GINS	2020	A	LEC	W	1435	1625	80
Fall	33195	GINS	2020	A1	TUT	M	1435	1525	32
Fall	33196	GINS	2020	A2	TUT	T	1035	1125	47
Fall	33197	GINS	2020	A3	TUT	R	1535	1625	24
Winter	12984	GINS	2020	B	LEC	R	1535	1725	52
Winter	12985	GINS	2020	B1	TUT	M	935	1025	32
Winter	12986	GINS	2020	B2	TUT	M	1435	1525	31
Winter	12987	GINS	2020	B3	TUT	T	1235	1325	15
Fall	33198	GINS	3010	A	LEC	M	1435	1625	78
Fall	33199	GINS	3010	A1	GRP	W	835	925	42
Fall	33200	GINS	3010	A2	GRP	R	1635	1725	34
Fall	33201	GINS	3010	A3	GRP	T	1335	1425	32
Winter	12988	GINS	3010	B	LEC	W	835	1025	96
Winter	12989	GINS	3010	B1	GRP	M	1135	1225	24
Winter	12990	GINS	3010	B2	GRP	T	1135	1225	24
Winter	12991	GINS	3010	B3	GRP	T	1335	1425	24
Fall	33202	GINS	3020	A	LEC	M	1805	2055	76
Winter	12992	GINS	3020	B	LEC	M	1435	1725	79
Winter	12993	GINS	3100	B	LEC	T	1435	1725	24
Fall	33203	GINS	3900	A	PLA				
Winter	12994	GINS	3900	B	PLA				
Fall	33204	GINS	3901	A	PLA				
Winter	12995	GINS	3901	B	PLA				
Fall	33205	GINS	3930	A	PLA				
Winter	12996	GINS	3930	B	PLA				
Fall	33206	GINS	3931	A	PLA				
Winter	12997	GINS	3931	B	PLA				
Fall	33207	GINS	3999	A	WRK				
Winter	12998	GINS	3999	A	WRK				
Winter	12999	GINS	4090	A	SEM	F	1135	1425	24
Fall	33208	GINS	4090	B	SEM	R	1135	1425	25
Fall	33209	GINS	4090	C	SEM	F	1135	1425	42
Winter	13000	GINS	4090	D	SEM	R	1135	1425	24
Fall	33210	GINS	4090	E	SEM	W	1135	1425	40
Winter	13001	GINS	4090	F	SEM				
Fall	33211	GINS	4900	A	TUT				
Winter	13002	GINS	4900	B	TUT				
Fall	33212	GINS	4908	A	HON				
Winter	13003	GINS	4908	A	HON				
Fall	33213	GINS	4908	B	HON				
Winter	13004	GINS	4908	B	HON				
Fall	33214	GINS	4908	C	HON				
Winter	13005	GINS	4908	C	HON				
Winter	13006	GPOL	1500	A	LEC	T	1135	1325	31
Winter	15677	GPOL	1500	A1	TUT	T	1335	1425	31
Fall	33215	GPOL	2500	A	LEC	W	835	1125	30
Fall	33216	GPOL	3000	A	SEM	R	835	1125	47
Fall	33217	GREK	1005	A	LEC	TR	1435	1625	9000
Winter	13007	GREK	1006	A	LEC	TR	1435	1625	9000
Fall	33218	GREK	2200	A	TUT	TR	1305	1425	9000
Winter	13008	GREK	2201	A	TUT	TR	1135	1255	23
Fall	33219	GREK	3900	A	TUT				
Winter	13009	GREK	3901	A	TUT				19
Fall	33220	GREK	4900	A	IND				
Winter	13010	GREK	4901	A	IND				19
Fall	33227	HIST	1003	A	LEC	M	1135	1425	189
Fall	33228	HIST	1003	A01	GRP				
Fall	33229	HIST	1003	A02	GRP				
Fall	33230	HIST	1003	A03	GRP				
Fall	33231	HIST	1003	A04	GRP				
Fall	33232	HIST	1003	A05	GRP				
Fall	33233	HIST	1003	A06	GRP				
Winter	13015	HIST	1004	A	LEC	M	1135	1425	204
Winter	13016	HIST	1004	A01	GRP				
Winter	13017	HIST	1004	A02	GRP				
Winter	13018	HIST	1004	A03	GRP				
Winter	13019	HIST	1004	A04	GRP				
Winter	13020	HIST	1004	A05	GRP				
Winter	13021	HIST	1004	A06	GRP				
Fall	33234	HIST	1301	A	LEC				
Fall	33235	HIST	1301	B	LEC				9000
Winter	13022	HIST	1302	A	LEC	W	1135	1425	154
Fall	33236	HIST	1701	A	LEC	M	935	1125	67
Fall	33237	HIST	1701	A01	GRP	W	1535	1625	30
Fall	33238	HIST	1701	A02	GRP	W	1635	1725	42
Fall	33239	HIST	1701	A03	GRP				
Fall	33240	HIST	1701	A04	GRP				
Fall	33241	HIST	1701	A05	GRP				
Fall	33242	HIST	1701	A06	GRP				
Winter	13023	HIST	1702	A	LEC	T	935	1125	96
Winter	13024	HIST	1702	A01	GRP	W	1635	1725	56
Winter	13025	HIST	1702	A02	GRP	R	1535	1625	34
Winter	13026	HIST	1702	A03	GRP				
Winter	13027	HIST	1702	A04	GRP	R	1235	1325	42
Winter	13028	HIST	1702	A05	GRP				
Winter	13029	HIST	1702	A06	GRP	F	1335	1425	28
Fall	33243	HIST	1900	A	LEC	M	1435	1725	189
Fall	33244	HIST	1900	A01	GRP				
Fall	33245	HIST	1900	A02	GRP				
Fall	33246	HIST	1900	A03	GRP				
Fall	33247	HIST	1900	A04	GRP				
Fall	33248	HIST	1900	A05	GRP				
Fall	33249	HIST	1900	A06	GRP				
Winter	13030	HIST	1901	A	LEC	M	1805	2055	386
Fall	33250	HIST	2003	A	LEC				9000
Fall	33251	HIST	2003	A01	GRP				
Fall	33252	HIST	2003	A02	GRP				
Fall	33253	HIST	2003	A03	GRP				
Fall	33254	HIST	2003	A04	GRP				
Winter	13031	HIST	2004	A	LEC				9000
Winter	13032	HIST	2004	A01	GRP				
Winter	13033	HIST	2004	A02	GRP				
Winter	13034	HIST	2004	A03	GRP				
Winter	13035	HIST	2004	A04	GRP				
Fall	33255	HIST	2204	A	LEC	M	1805	2055	134
Fall	33256	HIST	2301	A	LEC	W	1805	2055	120
Fall	33257	HIST	2304	A	LEC	T	1135	1425	42
Winter	13036	HIST	2304	A	LEC	T	1135	1425	58
Winter	13037	HIST	2309	A	LEC	M	1435	1725	78
Fall	33258	HIST	2311	A	LEC				9000
Fall	33259	HIST	2401	A	LEC				9000
Winter	13038	HIST	2402	A	LEC	T	1535	1725	97
Winter	13039	HIST	2402	A01	GRP				
Winter	13040	HIST	2402	A02	GRP	W	1635	1725	40
Winter	13041	HIST	2402	A03	GRP	W	1335	1425	48
Winter	13042	HIST	2402	A04	GRP	W	835	925	27
Fall	33260	HIST	2502	A	LEC	TR	1305	1425	83
Fall	33261	HIST	2502	A01	GRP				
Fall	33262	HIST	2502	A02	GRP				
Fall	33263	HIST	2502	A03	GRP				
Fall	33264	HIST	2502	A04	GRP				
Winter	13043	HIST	2506	A	LEC	WF	1005	1125	96
Winter	13044	HIST	2511	A	LEC	R	1805	2055	120
Fall	33265	HIST	2600	A	LEC				9000
Winter	13045	HIST	2600	A	LEC				9000
Fall	33266	HIST	2706	A	LEC	WF	1005	1125	102
Winter	13046	HIST	2710	A	LEC				9000
Winter	13047	HIST	2804	A	LEC	TR	1005	1125	120
Fall	33267	HIST	2806	A	LEC	WF	835	955	63
Winter	13048	HIST	2806	A	LEC	WF	835	955	63
Fall	33268	HIST	2809	A	LEC	M	1535	1725	108
Winter	13049	HIST	2809	B	LEC	M	1435	1625	108
Fall	33269	HIST	2811	A	LEC	TR	835	955	58
Fall	33270	HIST	2902	A	LEC	MW	1135	1255	96
Winter	13050	HIST	2903	A	LEC	MW	1305	1425	66
Fall	33271	HIST	2904	A	LEC				9000
Winter	13051	HIST	2905	A	LEC				9000
Winter	13052	HIST	2913	O	LEC				9000
Fall	33272	HIST	2915	A	LEC	WF	1605	1725	98
Winter	13053	HIST	3000	A	LEC	F	1135	1425	66
Fall	33273	HIST	3001	A	LEC				
Winter	15448	HIST	3001	A	LEC	F	1135	1425	80
Fall	33274	HIST	3006	A	LEC	TR	835	955	58
Fall	33275	HIST	3109	A	LEC	T	1805	2055	134
Fall	33276	HIST	3113	A	LEC	W	1805	2055	96
Fall	33277	HIST	3122	A	LEC	MW	1605	1725	
Fall	33278	HIST	3205	A	LEC	R	1805	2055	189
Winter	13054	HIST	3206	A	LEC	W	1135	1425	52
Winter	13055	HIST	3301	A	LEC				
Fall	33279	HIST	3304	A	LEC	TR	1135	1255	78
Fall	33280	HIST	3305	A	LEC	W	1135	1425	80
Winter	13056	HIST	3305	C	LEC	W	1805	2055	63
Fall	35752	HIST	3310	A	LEC	R	1805	2055	84
Winter	13057	HIST	3310	A	LEC				
Winter	13058	HIST	3414	A	LEC	T	1435	1725	67
Fall	33281	HIST	3511	A	LEC	TR	1005	1125	42
Winter	13059	HIST	3516	A	LEC	TR	1305	1425	56
Fall	33282	HIST	3708	A	LEC	R	1435	1725	78
Fall	33283	HIST	3714	A	LEC	W	1135	1425	9000
Winter	13060	HIST	3805	A	LEC	TR	1005	1125	63
Fall	33284	HIST	3806	A	LEC	MW	1005	1125	63
Fall	33285	HIST	3807	A	PRC				
Winter	13061	HIST	3807	B	PRC				
Winter	13062	HIST	3809	A	LEC	R	1135	1425	67
Fall	33286	HIST	3820	A	LEC				9000
Winter	13063	HIST	3820	B	LEC	M	1535	1725	67
Winter	13064	HIST	3820	B01	GRP	T	1435	1525	48
Winter	13065	HIST	3820	B02	GRP	T	1635	1725	36
Winter	13066	HIST	3908	B	LEC	M	1135	1425	58
Fall	33287	HIST	3909	A	LEC	MW	1435	1555	63
Fall	33288	HIST	3909	B	OTH				9000
Winter	13067	HIST	3909	C	LEC	WF	1005	1125	63
Fall	33289	HIST	3999	A	WRK				
Winter	13068	HIST	3999	B	WRK				
Winter	13069	HIST	4201	A	SEM	R	1135	1425	23
Winter	13070	HIST	4210	A	SEM	F	835	1125	19
Fall	33290	HIST	4302	A	SEM				
Winter	13071	HIST	4302	A	SEM				
Winter	13072	HIST	4305	A	SEM	R	1805	2055	27
Fall	33291	HIST	4401	A	SEM	W	1435	1725	50
Fall	33292	HIST	4501	A	SEM	M	1135	1425	16
Winter	13073	HIST	4501	B	SEM	W	1435	1725	27
Winter	13074	HIST	4506	A	SEM	R	835	1125	9000
Fall	35982	HIST	4604	A	SEM				
Fall	33293	HIST	4605	A	LEC	M	1805	2055	9000
Winter	13075	HIST	4606	A	SEM	T	1135	1425	15
Winter	13076	HIST	4608	A	SEM	T	1805	2055	31
Winter	15586	HIST	4704	A	SEM	W	1435	1725	27
Fall	33294	HIST	4802	A	SEM	M	1435	1725	27
Winter	13077	HIST	4802	A	SEM	M	1435	1725	27
Fall	33295	HIST	4805	A	SEM	M	1135	1425	25
Winter	13078	HIST	4805	A	SEM	M	1135	1425	25
Fall	33296	HIST	4806	A	SEM	W	1805	2055	20
Winter	13079	HIST	4806	A	SEM				9000
Winter	13080	HIST	4806	B	SEM	W	835	1125	19
Fall	33297	HIST	4910	A	REP				
Winter	13081	HIST	4910	A	REP				
Fall	33298	HIST	4915	A	SEM	W	1135	1425	20
Fall	33299	HIST	4916	B	SEM	W	1135	1425	35
Fall	35835	HIST	4917	A	DIR				
Fall	33300	HIST	4920	A	SEM	T	1435	1725	29
Winter	13082	HIST	4920	A	SEM	T	1435	1725	30
Fall	33313	HLTH	1000	A	LEC	TR	1635	1755	134
Fall	33314	HLTH	1000	A01	GRP	F	1135	1225	25
Fall	33315	HLTH	1000	A02	GRP	F	1535	1625	25
Fall	33316	HLTH	1000	A03	GRP	M	1535	1625	30
Fall	33317	HLTH	1000	A04	GRP				
Fall	33318	HLTH	1000	A05	GRP				
Fall	33319	HLTH	1000	A06	GRP				
Fall	33320	HLTH	1000	A07	GRP	W	1805	1855	35
Fall	33321	HLTH	1001	A	LEC	T	1435	1725	393
Winter	13098	HLTH	1002	A	LEC	WF	1005	1125	133
Fall	33322	HLTH	2001	A	LEC	TR	1305	1425	192
Fall	33323	HLTH	2001	A01	WKS	F	835	1025	30
Fall	33324	HLTH	2001	A02	WKS	R	1535	1725	30
Fall	33325	HLTH	2001	A03	WKS	F	1235	1425	30
Fall	33326	HLTH	2001	A04	WKS	T	1805	1955	30
Fall	33327	HLTH	2001	A05	WKS	R	1805	1955	35
Fall	33328	HLTH	2001	A06	WKS	T	1435	1625	58
Fall	33329	HLTH	2001	A07	WKS	M	1805	1955	30
Winter	13099	HLTH	2002	A	LEC	F	835	1125	189
Winter	13100	HLTH	2003	A	LEC	TR	1005	1125	148
Fall	33330	HLTH	2004	A	LEC	WF	1305	1425	108
Fall	33331	HLTH	2004	A01	LAB	M	1435	1725	50
Fall	33332	HLTH	2004	A02	LAB	T	1435	1725	50
Fall	33333	HLTH	2004	A03	LAB	W	1435	1725	50
Fall	33334	HLTH	2004	A04	LAB	R	1435	1725	50
Fall	33335	HLTH	2004	A05	LAB	F	1435	1725	50
Fall	33336	HLTH	2004	G1	LAB				
Winter	13101	HLTH	2020	A	LEC	W	1805	2055	76
Fall	33337	HLTH	3101	A	LEC	TR	1805	1925	148
Winter	13102	HLTH	3102	A	LEC	T	1805	2055	63
Winter	13103	HLTH	3103	A	LEC	M	1805	2055	78
Fall	33338	HLTH	3104	A	LEC	M	1805	2055	9000
Winter	13104	HLTH	3201	A	LEC	M	1135	1425	96
Winter	13105	HLTH	3201	A01	WKS	T	1805	1955	30
Winter	13106	HLTH	3201	A02	WKS	F	1135	1325	30
Winter	13107	HLTH	3201	A03	WKS	W	2005	2155	25
Winter	13108	HLTH	3201	A04	WKS	W	1805	1955	25
Winter	13109	HLTH	3201	A05	WKS				
Winter	13110	HLTH	3201	A06	WKS				
Winter	13111	HLTH	3302	A	LEC	MW	1005	1125	96
Winter	13112	HLTH	3302	A01	LAB	M	1335	1725	50
Winter	13113	HLTH	3302	A02	LAB	T	1335	1725	50
Winter	13114	HLTH	3302	A03	LAB	W	1335	1725	50
Winter	13115	HLTH	3302	A04	LAB	R	1335	1725	50
Winter	13116	HLTH	3302	A05	LAB	F	1335	1725	50
Winter	13117	HLTH	3302	A06	LAB	R	835	1225	50
Fall	33339	HLTH	3303	A	LEC	W	1805	2055	108
Fall	33340	HLTH	3303	A01	LAB	M	1035	1425	50
Fall	33341	HLTH	3303	A02	LAB	T	1135	1525	50
Fall	33342	HLTH	3303	A03	LAB	W	1135	1525	50
Fall	33343	HLTH	3303	A04	LAB	R	1135	1525	50
Winter	13118	HLTH	3401	A	LEC	W	1135	1425	58
Winter	13119	HLTH	3402	A	LEC	TR	1005	1125	66
Fall	33344	HLTH	3403	A	SEM	M	1135	1425	48
Winter	13120	HLTH	3404	A	LEC	F	835	1125	96
Fall	33345	HLTH	3503	A	LEC	MW	1435	1555	98
Fall	33346	HLTH	3901	A	SEM	T	835	1125	51
Fall	33347	HLTH	3902	A	SEM	R	835	1125	51
Fall	33348	HLTH	3903	A	SEM	T	1135	1425	42
Fall	33349	HLTH	4101	A	SEM	R	1805	2055	34
Winter	13121	HLTH	4201	A	LEC	WF	1435	1555	148
Winter	13122	HLTH	4201	A01	LAB	F	935	1125	26
Winter	13123	HLTH	4201	A02	LAB	M	1805	1955	25
Winter	13124	HLTH	4201	A03	LAB	R	935	1125	25
Winter	13125	HLTH	4201	A04	LAB	T	1805	1955	25
Winter	13126	HLTH	4301	A	LEC	T	1135	1425	42
Fall	33350	HLTH	4304	A	SEM	WF	1305	1425	58
Fall	33351	HLTH	4401	A	LEC	T	1435	1725	9000
Winter	13127	HLTH	4502	A	LEC	R	1805	2055	54
Winter	13128	HLTH	4502	A01	WKS				
Winter	13129	HLTH	4502	A02	WKS				
Winter	13130	HLTH	4701	A	SEM	T	1735	2025	51
Fall	33352	HLTH	4901	A	DIR				
Winter	13131	HLTH	4901	A	DIR				
Fall	33353	HLTH	4906	A	RES	R	1435	1725	51
Winter	13132	HLTH	4906	A	RES	R	1435	1725	51
Fall	33354	HLTH	4909	A	PLA	W	1805	2055	51
Winter	13133	HLTH	4909	A	PLA	W	1805	2055	42
Fall	33355	HLTH	4910	A	OTH				
Winter	13134	HLTH	4910	A	OTH				
Winter	15608	HLTH	4910	B	OTH				
Fall	33377	HRSJ	1101	A	LEC	M	1435	1625	348
Fall	33378	HRSJ	1101	A01	GRP	T	1335	1425	58
Fall	33379	HRSJ	1101	A02	GRP	T	935	1025	30
Fall	33380	HRSJ	1101	A03	GRP	T	835	925	30
Fall	33381	HRSJ	1101	A04	GRP	W	1335	1425	31
Fall	33382	HRSJ	1101	A05	GRP	W	1635	1725	31
Fall	33383	HRSJ	1101	A06	GRP	W	1235	1325	25
Winter	13153	HRSJ	1102	A	LEC	M	1135	1325	189
Winter	13154	HRSJ	1102	A01	GRP	M	1435	1525	58
Winter	13155	HRSJ	1102	A02	GRP	M	1535	1625	58
Winter	13156	HRSJ	1102	A03	GRP	M	1435	1525	31
Winter	13157	HRSJ	1102	A04	GRP	M	1535	1625	31
Winter	13158	HRSJ	1102	A05	GRP	M	1435	1525	35
Winter	13159	HRSJ	1102	A06	GRP	M	1535	1625	35
Fall	33384	HRSJ	2001	A	LEC	M	1135	1325	204
Fall	33385	HRSJ	2001	A01	GRP	T	1435	1525	52
Fall	33386	HRSJ	2001	A02	GRP	T	1535	1625	52
Fall	33387	HRSJ	2001	A03	GRP	T	1435	1525	30
Fall	33388	HRSJ	2001	A04	GRP	T	1535	1625	30
Fall	33389	HRSJ	2102	A	LEC	M	935	1125	58
Fall	33390	HRSJ	2102	A01	TUT	R	1635	1725	39
Fall	33391	HRSJ	2102	A02	TUT	M	1335	1425	34
Winter	13160	HRSJ	2202	A	LEC	F	935	1125	154
Winter	13161	HRSJ	2202	A01	GRP	F	1235	1325	51
Winter	13162	HRSJ	2202	A02	GRP	F	1135	1225	51
Winter	13163	HRSJ	2202	A03	GRP	F	1235	1325	31
Winter	13164	HRSJ	2202	A04	GRP	F	1135	1225	31
Winter	13165	HRSJ	2301	A	LEC	W	1435	1725	40
Fall	33392	HRSJ	2401	A	LEC	W	835	1025	58
Fall	33393	HRSJ	2401	A01	GRP	W	1035	1125	40
Fall	33394	HRSJ	2401	A02	GRP	W	1135	1225	40
Fall	33395	HRSJ	3001	A	LEC	R	1135	1425	56
Winter	13166	HRSJ	3001	A	LEC	R	1435	1725	54
Fall	33396	HRSJ	3302	A	LEC	T	1135	1425	56
Fall	33397	HRSJ	3303	A	LEC	F	1135	1425	98
Winter	13167	HRSJ	3303	A	LEC	F	835	1125	9000
Fall	35853	HRSJ	3304	A	LEC	W	1435	1725	9000
Winter	13168	HRSJ	3304	A	LEC				
Fall	35854	HRSJ	3504	A	LEC	T	1435	1725	66
Winter	13169	HRSJ	3504	A	LEC				
Winter	13170	HRSJ	4305	A	SEM	T	835	1125	9000
Winter	13171	HRSJ	4404	A	SEM	R	1805	2055	34
Fall	33398	HRSJ	4502	A	SEM	F	1135	1425	40
Winter	13172	HRSJ	4505	A	SEM	M	1135	1425	51
Fall	33399	HRSJ	4602	A	SEM				
Winter	15475	HRSJ	4907	A	SEM				
Fall	33400	HRSJ	4908	A	IND				
Winter	13173	HRSJ	4908	A	IND				
Fall	33409	HUMS	1000	A	LEC	WF	1005	1125	93
Winter	13180	HUMS	1000	A	LEC	WF	1005	1125	93
Fall	33410	HUMS	1000	A1	TUT	T	1305	1425	19
Winter	13181	HUMS	1000	A1	TUT	T	1305	1425	19
Fall	33411	HUMS	1000	A2	TUT	T	1435	1555	19
Winter	13182	HUMS	1000	A2	TUT	T	1435	1555	19
Fall	33412	HUMS	1000	A3	TUT				
Winter	13183	HUMS	1000	A3	TUT				
Fall	33413	HUMS	1000	A4	TUT	T	1005	1125	19
Winter	13184	HUMS	1000	A4	TUT	T	1005	1125	19
Fall	33414	HUMS	1200	A	LEC	TR	835	955	93
Fall	33415	HUMS	1200	B	LEC	WF	835	955	93
Winter	13185	HUMS	1300	A	LEC	TR	835	955	93
Fall	33416	HUMS	2000	A	LEC	TR	1305	1425	93
Winter	13186	HUMS	2000	A	LEC	TR	1305	1425	93
Fall	33417	HUMS	2000	A1	TUT	W	1135	1255	19
Winter	13187	HUMS	2000	A1	TUT	W	1135	1255	19
Fall	33418	HUMS	2000	A2	TUT	W	1435	1555	19
Winter	13188	HUMS	2000	A2	TUT	W	1435	1555	19
Fall	33419	HUMS	2101	A	LEC	WF	1305	1425	93
Winter	13189	HUMS	2102	A	LEC	WF	1305	1425	93
Fall	33420	HUMS	3000	A	LEC	WF	1435	1555	93
Winter	13190	HUMS	3000	A	LEC	WF	1435	1555	93
Fall	33421	HUMS	3000	A1	TUT	F	1005	1125	19
Winter	13191	HUMS	3000	A1	TUT	F	1005	1125	19
Fall	33422	HUMS	3000	A2	TUT	F	1135	1255	19
Winter	13192	HUMS	3000	A2	TUT	F	1135	1255	19
Fall	33423	HUMS	3102	A	LEC	TR	1435	1555	93
Winter	13193	HUMS	3103	A	LEC	WF	1605	1725	93
Fall	33424	HUMS	3200	A	LEC	TR	1005	1125	93
Winter	13194	HUMS	3200	A	LEC	TR	1005	1125	93
Winter	13195	HUMS	3500	A	LEC				
Fall	33425	HUMS	4000	A	LEC	M	1005	1125	93
Fall	33425	HUMS	4000	A	LEC	R	1605	1725	93
Winter	13196	HUMS	4000	A	LEC	M	1005	1125	93
Winter	13196	HUMS	4000	A	LEC	R	1605	1725	93
Fall	33426	HUMS	4000	A1	TUT	R	1435	1555	19
Winter	13197	HUMS	4000	A1	TUT	R	1435	1555	19
Fall	33427	HUMS	4000	A2	TUT	R	835	955	19
Winter	13198	HUMS	4000	A2	TUT	R	835	955	19
Fall	33428	HUMS	4001	A	IND				
Winter	13199	HUMS	4002	A	IND				
Winter	13200	HUMS	4103	A	LEC	M	1435	1725	93
Fall	33429	HUMS	4500	A	LEC	M	1135	1425	93
Winter	13201	HUMS	4902	B	SEM	T	1435	1725	20
Fall	33430	HUMS	4903	A	SEM	R	1135	1425	19
Winter	13202	HUMS	4903	B	SEM	R	1135	1425	19
Fall	33432	IDES	1000	A	LEC	F	835	1125	120
Winter	13206	IDES	1001	A	LEC	F	1135	1425	94
Fall	33433	IDES	1300	A	STU	W	1005	1255	10
Fall	33433	IDES	1300	A	STU	W	1405	1655	10
Fall	33434	IDES	1300	B	STU	W	1005	1255	10
Fall	33434	IDES	1300	B	STU	W	1405	1655	10
Winter	13207	IDES	1301	A	STU	M	1005	1255	10
Winter	13207	IDES	1301	A	STU	M	1405	1655	10
Winter	13208	IDES	1301	B	STU	M	1005	1255	10
Winter	13208	IDES	1301	B	STU	M	1405	1655	10
Fall	33435	IDES	2101	A	LEC	T	935	1225	55
Fall	33436	IDES	2101	A1	LAB	W	935	1225	12
Fall	33437	IDES	2101	A2	LAB	W	1335	1625	12
Winter	13209	IDES	2102	A	LEC	T	935	1225	58
Winter	13210	IDES	2102	A1	LAB	M	935	1225	12
Winter	13211	IDES	2102	A2	LAB	M	1335	1625	12
Fall	33438	IDES	2104	A	LEC	F	1435	1725	51
Winter	13212	IDES	2105	A	LEC	T	1435	1725	51
Fall	33439	IDES	2205	A	LEC	R	1435	1725	84
Fall	33440	IDES	2300	A	STU	M	1005	1255	10
Fall	33440	IDES	2300	A	STU	M	1405	1655	10
Fall	33441	IDES	2300	B	STU	M	1005	1255	10
Fall	33441	IDES	2300	B	STU	M	1405	1655	10
Winter	13213	IDES	2302	A	STU	F	1005	1255	10
Winter	13213	IDES	2302	A	STU	F	1405	1655	10
Winter	13214	IDES	2302	B	STU	F	1005	1255	10
Winter	13214	IDES	2302	B	STU	F	1405	1655	10
Winter	13215	IDES	2600	A	LEC	W	1805	2055	58
Fall	33442	IDES	3104	A	LEC	W	1135	1425	51
Fall	33443	IDES	3106	A	LEC	M	1805	2055	58
Winter	13216	IDES	3107	A	LEC	F	1435	1725	48
Winter	13217	IDES	3302	A	STU	T	1005	1255	20
Winter	13217	IDES	3302	A	STU	T	1405	1655	20
Winter	13218	IDES	3302	B	STU	W	1005	1255	20
Winter	13218	IDES	3302	B	STU	W	1405	1655	20
Fall	33444	IDES	3305	A	LEC	M	1135	1425	51
Winter	13219	IDES	3305	B	LEC	M	1135	1425	51
Winter	15598	IDES	3306	A	LEC				
Fall	33445	IDES	3310	A	STU	R	1005	1255	20
Fall	33445	IDES	3310	A	STU	R	1405	1655	20
Fall	33446	IDES	3310	B	STU	F	1005	1255	20
Fall	33446	IDES	3310	B	STU	F	1405	1655	20
Fall	33447	IDES	3502	A	LEC	T	1805	2055	47
Fall	33448	IDES	3601	A	LEC	T	1135	1425	51
Fall	33449	IDES	3999	A	WRK				
Winter	13220	IDES	3999	A	WRK				
Fall	33450	IDES	4001	A	SEM	W	1435	1725	40
Fall	33451	IDES	4001	B	SEM	W	1435	1725	35
Winter	13221	IDES	4002	A	LEC	T	1805	2055	51
Winter	13222	IDES	4101	A	LEC	M	1805	2055	35
Fall	33452	IDES	4301	A	STU	M	1005	1255	20
Fall	33452	IDES	4301	A	STU	M	1405	1655	20
Fall	33453	IDES	4301	B	STU	T	1005	1255	20
Fall	33453	IDES	4301	B	STU	T	1405	1655	20
Winter	15579	IDES	4305	A	LEC				
Fall	33454	IDES	4310	A	STU	R	1005	1255	20
Fall	33454	IDES	4310	A	STU	R	1405	1655	20
Winter	13223	IDES	4310	A	STU	F	1005	1255	20
Winter	13223	IDES	4310	A	STU	F	1405	1655	20
Winter	13223	IDES	4310	A	STU	R	1005	1255	20
Winter	13223	IDES	4310	A	STU	R	1405	1655	20
Fall	33455	IDES	4310	B	STU	R	1005	1255	20
Fall	33455	IDES	4310	B	STU	R	1405	1655	20
Winter	13224	IDES	4310	B	STU	R	1005	1255	20
Winter	13224	IDES	4310	B	STU	R	1405	1655	20
Winter	13224	IDES	4310	B	STU	F	1005	1255	20
Winter	13224	IDES	4310	B	STU	F	1405	1655	20
Fall	33456	IDES	4310	C	STU	F	1005	1255	20
Fall	33456	IDES	4310	C	STU	F	1405	1655	20
Winter	13225	IDES	4310	C	STU	F	1005	1255	20
Winter	13225	IDES	4310	C	STU	F	1405	1655	20
Winter	13225	IDES	4310	C	STU	R	1005	1255	20
Winter	13225	IDES	4310	C	STU	R	1405	1655	20
Fall	33457	IDES	4310	D	STU	F	1005	1255	20
Fall	33457	IDES	4310	D	STU	F	1405	1655	20
Winter	13226	IDES	4310	D	STU	F	1005	1255	20
Winter	13226	IDES	4310	D	STU	F	1405	1655	20
Winter	13226	IDES	4310	D	STU	R	1005	1255	20
Winter	13226	IDES	4310	D	STU	R	1405	1655	20
Fall	33458	IDES	4400	A	OTH				
Winter	13227	IDES	4400	A	OTH				
Fall	33459	IDES	4400	B	OTH				
Winter	13228	IDES	4400	B	OTH				
Fall	33471	IMD	1000	A	LEC	MW	1305	1425	108
Winter	13244	IMD	1001	A	WKS	T	805	1055	76
Winter	13245	IMD	1001	B	WKS	R	805	1055	76
Fall	33472	IMD	1002	A	WKS	T	1205	1455	76
Fall	33473	IMD	1002	B	WKS	R	1205	1455	76
Fall	33474	IMD	1004	A	WKS	T	805	1055	76
Fall	33475	IMD	1004	B	WKS	R	805	1055	76
Winter	13246	IMD	1005	A	WKS	R	1505	1655	76
Winter	13246	IMD	1005	A	WKS	T	1205	1455	76
Winter	13247	IMD	1005	B	WKS	R	1205	1455	76
Winter	13247	IMD	1005	B	WKS	T	1505	1655	76
Fall	33476	IMD	2003	A	WKS	M	805	1155	76
Fall	33477	IMD	2003	B	WKS	M	1305	1655	76
Winter	13248	IMD	2006	A	LEC	TR	1435	1555	60
Winter	13249	IMD	2006	A1	TUT	F	1305	1455	60
Fall	33478	IMD	2007	A	LEC	W	805	1055	76
Fall	33479	IMD	2007	B	LEC	W	1205	1455	76
Winter	13250	IMD	2900	A	STU	W	905	1155	77
Winter	13250	IMD	2900	A	STU	W	1305	1555	77
Winter	13250	IMD	2900	A	STU	F	1005	1155	77
Winter	13251	IMD	3002	A	LEC	TR	1005	1125	77
Winter	13252	IMD	3002	A1	TUT	R	1235	1425	60
Winter	13253	IMD	3004	A	LEC	TR	835	955	77
Winter	13254	IMD	3004	A1	TUT	T	1235	1425	60
Fall	33480	IMD	3005	A	LEC	F	805	1155	76
Fall	33481	IMD	3005	B	LEC	F	1305	1655	76
Fall	33482	IMD	3006	A	LEC	MW	1535	1655	60
Fall	33483	IMD	3006	A1	TUT	W	905	1055	60
Fall	33484	IMD	3900	A	STU	R	1305	1655	60
Fall	33484	IMD	3900	A	STU	T	805	1155	60
Fall	33485	IMD	3900	B	STU	R	805	1155	60
Fall	33485	IMD	3900	B	STU	T	1305	1655	60
Winter	13255	IMD	3901	A	STU	F	1305	1655	76
Winter	13255	IMD	3901	A	STU	W	805	1155	76
Winter	13256	IMD	3901	B	STU	F	805	1155	76
Winter	13256	IMD	3901	B	STU	W	1305	1655	76
Winter	13257	IMD	4002	A	SEM	T	1135	1425	52
Fall	33486	IMD	4006	A	LEC	MW	1305	1425	60
Fall	33487	IMD	4006	A1	LAB	W	1435	1625	60
Fall	33488	IMD	4008	A	LEC	TR	1305	1425	77
Fall	33489	IMD	4008	A1	LAB	T	1435	1625	60
Fall	33490	IMD	4901	A	CAP	F	835	1225	60
Fall	33490	IMD	4901	A	CAP	F	1335	1725	60
Winter	13258	IMD	4901	A	CAP	F	1335	1725	60
Winter	13258	IMD	4901	A	CAP	RF	835	1225	60
Fall	33491	INAF	3001	F	SEM	T	1805	2055	31
Winter	13259	INAF	3002	W	SEM	R	1435	1725	42
Winter	13260	INAF	4101	W	SEM	R	1435	1725	31
Fall	33492	INAF	4201	F	SEM	W	1435	1725	27
Winter	13261	INAF	4301	W	SEM				
Fall	33493	INAF	4401	F	SEM	R	1435	1725	27
Fall	33548	INDG	1010	A	LEC	M	1135	1325	204
Fall	33549	INDG	1010	A1	GRP	M	1805	1855	42
Fall	33550	INDG	1010	A2	GRP	T	1135	1225	40
Fall	33551	INDG	1010	A3	GRP	T	1235	1325	40
Fall	33552	INDG	1010	A4	GRP	M	1635	1725	42
Winter	13310	INDG	1010	B	LEC	W	1435	1625	120
Winter	13311	INDG	1010	B1	GRP	R	935	1025	55
Winter	13312	INDG	1010	B2	GRP	F	1535	1625	42
Winter	13313	INDG	1010	B3	GRP	R	1435	1525	52
Winter	13314	INDG	1010	B4	GRP	F	1335	1425	42
Winter	13315	INDG	1010	B5	GRP	R	1635	1725	36
Winter	13316	INDG	1010	B6	GRP	W	1635	1725	31
Fall	33553	INDG	1011	A	LEC	M	1435	1625	134
Winter	13317	INDG	1011	A	LEC	F	1135	1325	134
Fall	33554	INDG	1011	A1	GRP	M	1635	1725	42
Winter	13318	INDG	1011	A1	GRP	F	1335	1425	35
Fall	33555	INDG	1011	A2	GRP	M	1735	1825	42
Winter	13319	INDG	1011	A2	GRP	F	1435	1525	35
Fall	33556	INDG	1011	A3	GRP	M	1635	1725	52
Winter	13320	INDG	1011	A3	GRP	F	1335	1425	56
Fall	33557	INDG	1011	A4	GRP	M	1735	1825	48
Winter	13321	INDG	1011	A4	GRP	F	1435	1525	56
Fall	33558	INDG	1011	A5	GRP	M	1635	1725	98
Winter	13322	INDG	1011	A5	GRP	F	1335	1425	51
Fall	33559	INDG	1011	A6	GRP	M	1735	1825	31
Winter	13323	INDG	1011	A6	GRP	F	1435	1525	51
Fall	33560	INDG	2011	A	LEC	R	1435	1725	57
Winter	13324	INDG	2011	A	LEC	T	1135	1425	42
Winter	13325	INDG	2011	A1	GRP				
Winter	13326	INDG	2011	A2	GRP				
Winter	13327	INDG	2011	A3	GRP				
Fall	33561	INDG	2015	A	LEC	W	1435	1625	108
Fall	33562	INDG	2015	A1	GRP	W	1635	1725	78
Fall	33563	INDG	2015	A2	GRP	W	1735	1825	98
Fall	33564	INDG	2015	A3	GRP	W	1635	1725	78
Fall	33565	INDG	2015	A4	GRP	W	1735	1825	98
Winter	13328	INDG	2020	A	LEC				
Winter	13329	INDG	2020	A1	GRP				
Winter	13330	INDG	2020	A2	GRP				
Winter	13331	INDG	2020	A3	GRP				
Winter	13332	INDG	2302	A	LEC	F	835	1125	79
Winter	13333	INDG	2709	A	LEC	WF	835	955	51
Winter	13334	INDG	3001	A	SEM	M	1135	1425	29
Winter	13335	INDG	3012	A	SEM	R	835	1125	31
Fall	33566	INDG	3015	A	SEM	F	1135	1425	35
Fall	33567	INDG	3901	A	SEM	W	1435	1725	39
Winter	13336	INDG	3901	A	SEM	W	1435	1725	348
Fall	33568	INDG	3901	B	SEM	M	1805	2055	133
Fall	33569	INDG	4001	A	SEM	F	1135	1425	31
Fall	33570	INDG	4011	A	SEM	W	1435	1725	39
Winter	13337	INDG	4011	A	SEM				
Fall	35861	INDG	4011	B	SEM	W	1135	1425	18
Winter	15474	INDG	4901	B	SEM				
Winter	13338	INDG	4901	C	SEM	M	1435	1725	9000
Fall	33571	INDG	4905	A	DIR				
Winter	13339	INDG	4905	A	DIR				
Winter	15527	INSC	4907	A	HON		0	1159	
Winter	13340	IPAF	2000	A	LEC	W	1805	2055	57
Winter	13341	IPAF	2000	A01	TUT	M	1635	1755	57
Fall	33572	IPAF	4900	A	REP				
Winter	13342	IPAF	4900	A	REP				
Fall	33573	IPAF	4900	B	REP				
Winter	13343	IPAF	4900	B	REP				
Fall	33574	IPAF	4900	C	REP				
Winter	13344	IPAF	4900	C	REP				
Fall	33575	IPAF	4900	D	REP				
Winter	13345	IPAF	4900	D	REP				
Fall	33576	IPAF	4900	E	REP				
Winter	13346	IPAF	4900	E	REP				
Fall	33577	IPAF	4900	F	REP				
Winter	13347	IPAF	4900	F	REP				
Fall	33578	IPAF	4900	G	REP				
Winter	13348	IPAF	4900	G	REP				
Fall	33579	IPAF	4900	H	REP				
Winter	13349	IPAF	4900	H	REP				
Fall	33580	IPAF	4900	I	REP				
Winter	13350	IPAF	4900	I	REP				
Fall	33581	IPAF	4900	J	REP				
Winter	13351	IPAF	4900	J	REP				
Fall	33582	IPAF	4900	K	REP				
Winter	13352	IPAF	4900	K	REP				
Fall	33583	IPAF	4900	L	REP				
Winter	13353	IPAF	4900	L	REP				
Winter	13365	IRM	1002	A	LEC	T	1205	1355	40
Winter	13366	IRM	1002	A1	TUT	R	1205	1355	50
Fall	33593	IRM	1003	A	LEC	R	805	955	51
Fall	33594	IRM	1003	A1	TUT	R	1005	1155	51
Winter	13367	IRM	1004	A	LEC	T	805	1055	51
Fall	33595	IRM	1005	A	LEC	MW	1135	1255	120
Fall	33596	IRM	1005	A1	LAB	M	1435	1525	60
Fall	33597	IRM	1005	A2	LAB	W	1435	1525	60
Winter	13368	IRM	1006	A	LEC	T	1405	1555	40
Winter	13369	IRM	1006	A1	TUT	R	1505	1655	40
Fall	33598	IRM	1007	A	LEC	T	805	955	55
Fall	33599	IRM	1007	A1	LAB	R	1305	1455	30
Fall	33600	IRM	1008	A	LEC	T	1105	1355	55
Winter	13370	IRM	2002	A	LEC	M	1305	1455	51
Winter	13371	IRM	2002	A1	TUT	M	1505	1655	51
Fall	33601	IRM	2003	A	LEC	W	805	955	40
Fall	33602	IRM	2003	A1	TUT	W	1005	1055	40
Winter	13372	IRM	2004	A	LEC	F	805	955	51
Winter	13373	IRM	2004	A1	TUT	F	1005	1055	50
Fall	33603	IRM	2005	A	LEC	M	1205	1355	51
Fall	33604	IRM	2005	A1	LAB	M	1405	1555	51
Winter	13374	IRM	2006	A	LEC	TR	835	955	115
Winter	13375	IRM	2006	A1	LAB	R	1035	1225	60
Winter	13376	IRM	2006	A2	LAB	T	1235	1425	120
Winter	13377	IRM	3001	A	LEC	M	905	1055	51
Winter	13378	IRM	3001	A1	LAB	M	1105	1255	51
Fall	33605	IRM	3003	A	LEC	TR	1005	1125	25
Winter	13379	IRM	3004	A	LEC	T	1205	1355	67
Winter	13380	IRM	3004	A1	LAB	R	1205	1355	120
Fall	33606	IRM	3006	A	LEC	TR	835	955	25
Winter	13381	IRM	3007	A	TUT	TR	1435	1825	25
Fall	33607	IRM	3008	A	LEC	F	805	955	51
Fall	33608	IRM	3008	A1	LAB	F	1005	1155	51
Fall	33609	IRM	4000	A	LEC	W	1505	1655	40
Fall	33610	IRM	4000	A1	TUT	W	1705	1755	40
Winter	13382	IRM	4001	A	LEC	M	1505	1755	60
Winter	13383	IRM	4004	A	LEC	WF	835	955	25
Fall	33611	IRM	4005	A	LEC	TR	1005	1125	77
Fall	33612	IRM	4900	A	CAP	TR	1235	1625	25
Winter	13384	IRM	4900	A	CAP	WF	1105	1455	25
Fall	33613	ISAP	1001	A	LEC	MW	1435	1555	54
Winter	13385	ISAP	1002	A	SEM	TR	1305	1425	25
Fall	33614	ISAP	2001	A	LEC	TR	1435	1555	40
Winter	13386	ISAP	2002	A	LEC	TR	1435	1555	32
Fall	33615	ISAP	3001	A	SEM	TR	1005	1125	32
Winter	13387	ISAP	3002	A	LEC				
Winter	13388	ISAP	3003	A	LEC	TR	1005	1125	35
Fall	33616	ISAP	3004	A	LEC	T	1805	2055	35
Fall	33617	ISAP	3999	A	WRK				
Winter	13389	ISAP	3999	A	WRK				
Winter	15469	ISAP	4700	A	SEM	T	1435	1725	51
Winter	15638	ISAP	4901	A	IND				
Fall	35963	ISAP	4907	A	WKS				
Winter	15623	ISAP	4907	A	WKS				
Fall	33618	ISAP	4908	A	LEC				
Winter	13390	ISAP	4908	A	LEC				
Fall	33619	ITAL	1010	A	SEM	MW	1435	1625	36
Fall	33620	ITAL	1010	B	SEM	TR	1435	1625	32
Fall	33621	ITAL	1010	C	SEM	TR	1805	1955	32
Fall	33622	ITAL	1010	D	SEM	MW	1805	1955	40
Winter	13392	ITAL	1010	E	SEM	MW	935	1125	39
Winter	15680	ITAL	1010	W	SEM	TR	935	1125	32
Winter	13393	ITAL	1020	A	SEM	TR	1135	1325	39
Winter	13394	ITAL	1020	B	SEM	TR	1435	1625	39
Fall	33623	ITAL	2010	A	SEM	TR	1135	1325	39
Winter	13395	ITAL	2020	A	SEM	MW	1435	1625	32
Fall	33624	ITAL	3110	A	SEM	TR	1435	1725	32
Winter	13396	ITAL	4110	A	SEM	TR	1135	1425	32
Fall	33625	ITEC	1005	A	LEC	MW	1135	1255	120
Fall	33626	ITEC	1005	A1	TUT	M	1435	1525	60
Fall	33627	ITEC	1005	A2	TUT	W	1435	1525	60
Fall	33628	ITEC	1100	A	LEC	MW	1305	1425	108
Winter	13397	ITEC	1400	B	LEC	MW	1305	1425	108
Winter	13398	ITEC	1400	B1	TUT	M	1435	1725	120
Winter	13399	ITEC	1400	B2	TUT	W	835	1125	120
Winter	13400	ITEC	1401	A	LEC	MW	1135	1255	77
Winter	13401	ITEC	1401	A1	TUT	W	1435	1725	120
Fall	33629	ITEC	2000	A	LEC	TR	1305	1425	444
Fall	33630	ITEC	2000	A1	TUT	T	1435	1625	120
Fall	33631	ITEC	2000	A2	TUT	R	1435	1625	120
Winter	13402	ITEC	2100	A	LEC	TR	835	955	115
Winter	13403	ITEC	2100	A1	LAB	R	1035	1225	60
Winter	13404	ITEC	2100	A2	LAB	T	1235	1425	120
Fall	33632	ITEC	2400	A	LEC	TR	1005	1125	120
Fall	33633	ITEC	2400	A1	TUT	F	1135	1425	120
Fall	33634	ITEC	2400	A2	TUT	F	1435	1725	120
Fall	33635	ITEC	2401	A	LEC	MW	1135	1255	77
Fall	33636	ITEC	2401	A1	LAB	F	835	1125	120
Winter	13405	ITEC	3100	A	WKS	M	1435	1725	60
Fall	33637	ITEC	4007	A	LEC	TR	1135	1255	60
Fall	33638	ITEC	4007	A1	TUT	R	1435	1625	60
Fall	33639	ITEC	4009	A	LEC	MW	1005	1125	60
Fall	33640	ITEC	4009	A1	TUT	M	1435	1625	60
Fall	33641	ITEC	4010	A	LEC	TR	1005	1125	60
Fall	33642	ITEC	4010	A1	TUT	R	1635	1825	60
Winter	13406	ITEC	4011	A	LEC	T	1535	1825	60
Winter	13407	ITEC	4011	A1	TUT	W	1705	1855	60
Fall	33643	ITEC	4012	A	LEC	TR	835	955	40
Fall	33644	ITEC	4012	A1	TUT	M	1635	1825	60
Fall	33645	ITEC	4014	A	LEC	MW	1135	1255	40
Fall	33646	ITEC	4014	A1	TUT	W	1635	1825	60
Winter	13408	ITEC	4015	A	LEC	T	835	1125	60
Winter	13409	ITEC	4016	A	LEC	MW	1005	1125	31
Winter	13410	ITEC	4016	A1	TUT	M	1205	1355	60
Winter	13411	ITEC	4019	A	LEC	W	1135	1425	40
Winter	13412	ITEC	4019	A1	TUT	W	1505	1655	60
Winter	13413	ITEC	4020	A	STU	R	1335	1825	60
Fall	33647	ITEC	4021	A	LEC	MW	1305	1425	66
Fall	33679	JAPA	1010	A	SEM	MW	935	1125	42
Fall	33680	JAPA	1010	B	SEM	TR	935	1125	39
Fall	33681	JAPA	1010	C	SEM	TR	1435	1625	42
Fall	33682	JAPA	1010	D	SEM	MW	1805	1955	39
Winter	13441	JAPA	1010	E	SEM	TR	935	1125	42
Winter	13442	JAPA	1010	F	SEM	MW	935	1125	42
Fall	33683	JAPA	1020	A	SEM	TR	935	1125	52
Winter	13443	JAPA	1020	B	SEM	MW	935	1125	42
Winter	13444	JAPA	1020	C	SEM	TR	1805	1955	32
Winter	13445	JAPA	1020	D	SEM				
Fall	33684	JAPA	1110	A	SEM	MTRF	1135	1325	42
Winter	13446	JAPA	2110	A	SEM	MTRF	1435	1625	40
Winter	13447	JAPA	2110	B	SEM	MTRF	1135	1325	27
Fall	33685	JAPA	3010	A	SEM	MW	1305	1425	69
Fall	33686	JAPA	3011	A	LEC	TR	1005	1125	32
Winter	13448	JAPA	3020	A	SEM	MW	1435	1555	32
Fall	33687	JAPA	4010	A	SEM	MW	1435	1555	27
Winter	13449	JAPA	4020	A	SEM	TR	835	955	30
Fall	33688	JAPA	4900	A	IND				
Winter	13450	JAPA	4900	A	IND				
Fall	33689	JAPA	4901	A	IND				
Winter	13451	JAPA	4901	B	IND				
Fall	33690	JOUR	1001	A	LEC	R	1135	1325	108
Fall	33691	JOUR	1001	A01	GRP	R	1435	1525	20
Fall	33692	JOUR	1001	A02	GRP	R	1335	1425	20
Fall	33693	JOUR	1001	A03	GRP	R	1335	1425	31
Fall	33694	JOUR	1001	A04	GRP	R	1335	1425	48
Fall	33695	JOUR	1001	A05	GRP	R	1435	1525	52
Winter	13452	JOUR	1002	A	LEC	R	1135	1325	98
Winter	13453	JOUR	1002	A01	GRP	R	1435	1525	42
Winter	13454	JOUR	1002	A02	GRP	R	1335	1425	32
Winter	13455	JOUR	1002	A03	GRP	R	1335	1425	40
Winter	13456	JOUR	1002	A04	GRP	R	1335	1425	18
Winter	13457	JOUR	1002	A05	GRP	R	1435	1525	18
Winter	13458	JOUR	1002	A06	GRP	R	1535	1625	18
Winter	13459	JOUR	1002	A07	GRP	R	1435	1525	18
Fall	33696	JOUR	1003	A	LEC	R	1135	1425	120
Fall	33697	JOUR	2106	A	LEC	W	1135	1225	52
Fall	33698	JOUR	2106	A1	FLM	W	835	1125	52
Fall	33699	JOUR	2201	A	LAB	M	1135	1725	26
Winter	13460	JOUR	2201	A	LAB	M	1135	1725	26
Fall	33700	JOUR	2201	B	LAB	M	1135	1725	25
Winter	13461	JOUR	2201	B	LAB	M	1135	1725	25
Fall	33701	JOUR	2201	C	LAB	R	1135	1725	25
Winter	13462	JOUR	2201	C	LAB	R	1135	1725	25
Fall	33702	JOUR	2201	D	LAB	R	1135	1725	25
Winter	13463	JOUR	2201	D	LAB	R	1135	1725	25
Fall	33703	JOUR	2203	A	LEC				
Winter	15525	JOUR	2203	A	LEC	F	835	1125	96
Fall	33704	JOUR	2501	A	LEC	T	1805	2055	236
Fall	33705	JOUR	3105	A	LEC	R	1135	1225	40
Fall	33706	JOUR	3105	A1	FLM	R	835	1125	40
Winter	13464	JOUR	3105	B	LEC				
Winter	13465	JOUR	3105	BF	FLM				
Fall	33707	JOUR	3207	A	LEC	M	1135	1725	26
Winter	13466	JOUR	3207	B	LEC	M	1135	1725	26
Fall	33708	JOUR	3207	C	LEC	R	1135	1725	26
Winter	13467	JOUR	3207	D	LEC	R	1135	1725	26
Fall	33709	JOUR	3208	A	LEC	M	1135	1725	27
Winter	13468	JOUR	3208	B	LEC	M	1135	1725	27
Fall	33710	JOUR	3208	C	LEC	R	1135	1725	27
Winter	13469	JOUR	3208	D	LEC	R	1135	1725	27
Fall	33711	JOUR	3225	A	LEC	M	1435	1725	40
Fall	35883	JOUR	3225	B	LEC	W	1435	1725	26
Winter	13470	JOUR	3225	C	LEC	T	1135	1425	25
Winter	13471	JOUR	3225	D	LEC	W	1135	1425	25
Fall	33712	JOUR	3235	A	LEC	W	835	1125	25
Winter	13472	JOUR	3235	B	LEC	W	835	1125	24
Fall	33713	JOUR	3235	C	LEC	W	835	1125	24
Winter	13473	JOUR	3235	D	LEC	W	835	1125	25
Fall	33714	JOUR	3300	A	LEC	T	1135	1425	151
Fall	33715	JOUR	3401	A	SEM				
Winter	13474	JOUR	4001	A	LEC	M	1135	1425	154
Fall	33716	JOUR	4003	A	WKS	T	835	1725	25
Winter	13475	JOUR	4003	B	WKS	T	835	1725	25
Fall	33717	JOUR	4004	A	WKS	W	835	1725	26
Winter	13476	JOUR	4004	B	WKS	W	835	1725	26
Fall	33718	JOUR	4005	A	WKS	W	835	1725	27
Winter	13477	JOUR	4005	B	WKS	W	835	1725	27
Fall	33719	JOUR	4100	A	SEM	M	1135	1425	40
Fall	33720	JOUR	4101	A	SEM	F	835	1125	31
Winter	13478	JOUR	4101	A	SEM				
Fall	33721	JOUR	4101	B	SEM	R	1135	1425	31
Fall	33722	JOUR	4303	A	SEM	M	1435	1725	24
Fall	33723	JOUR	4308	A	SEM	T	1435	1725	27
Winter	13479	JOUR	4309	A	SEM	W	1805	2055	27
Winter	13480	JOUR	4311	A	SEM	R	835	1125	24
Winter	13481	JOUR	4400	A	SEM	R	1135	1425	25
Fall	33724	JOUR	4400	B	SEM	W	1805	2055	42
Winter	13482	JOUR	4400	B	SEM				
Fall	33725	JOUR	4402	A	LEC				
Winter	15559	JOUR	4402	A	LEC	F	1135	1425	24
Fall	33726	JOUR	4403	A	LEC	T	1805	2055	27
Fall	35772	JOUR	4404	A	LEC	M	1805	2055	9000
Winter	13483	JOUR	4404	A	LEC				
Winter	13484	JOUR	4500	A	SEM	F	1135	1425	27
Winter	13485	JOUR	4503	A	SEM	M	1435	1725	25
Fall	33741	KORE	1010	A	SEM	WF	1135	1325	42
Fall	33742	KORE	1010	B	SEM	TR	1435	1625	42
Fall	33743	KORE	1010	C	SEM				
Fall	33744	KORE	1010	D	SEM	TR	1805	1955	36
Fall	33745	KORE	1010	E	SEM				
Winter	13502	KORE	1020	A	SEM	WF	1135	1325	42
Winter	13503	KORE	1020	B	SEM				
Winter	13504	KORE	1020	C	SEM	MW	935	1125	30
Fall	33746	KORE	2010	A	SEM	TR	1435	1625	36
Winter	13505	KORE	2020	A	SEM	TR	1135	1325	54
Fall	33747	KORE	4010	A	SEM	TR	835	955	27
Winter	13506	KORE	4020	A	SEM	MW	1005	1125	42
Fall	33748	LACS	1001	A	LEC	W	1135	1425	52
Winter	13507	LACS	2001	A	LEC	R	1435	1725	58
Fall	33749	LACS	4001	A	SEM	M	835	1125	54
Winter	15592	LACS	4001	A	SEM	W	1435	1725	27
Fall	33752	LATN	1005	A	LEC	MW	1435	1625	52
Fall	33753	LATN	1005	B	LEC	TR	1135	1325	42
Winter	13511	LATN	1006	A	LEC	MW	1135	1325	42
Fall	33754	LATN	2200	A	TUT	TR	835	955	40
Winter	13512	LATN	2201	A	TUT	TR	835	955	19
Fall	33755	LATN	3900	A	TUT	TR	835	955	40
Winter	13513	LATN	3901	B	TUT	MW	1435	1555	19
Fall	33756	LATN	4900	A	IND				
Winter	13514	LATN	4901	B	IND	MW	1435	1555	19
Fall	33757	LAWS	1001	A	LEC	M	1435	1625	393
Fall	33758	LAWS	1001	A01	GRP	M	1635	1725	30
Fall	33759	LAWS	1001	A02	GRP	M	1735	1825	32
Fall	33760	LAWS	1001	A03	GRP	M	1635	1725	32
Fall	33761	LAWS	1001	A04	GRP	M	1735	1825	32
Fall	33762	LAWS	1001	A05	GRP	M	1635	1725	36
Fall	33763	LAWS	1001	A06	GRP	M	1735	1825	35
Fall	33764	LAWS	1001	A07	GRP	M	1635	1725	69
Fall	33765	LAWS	1001	A08	GRP	M	1735	1825	69
Fall	33766	LAWS	1001	B	LEC	F	1135	1325	393
Fall	33767	LAWS	1001	B01	GRP	F	1335	1425	29
Fall	33768	LAWS	1001	B02	GRP	F	1435	1525	29
Fall	33769	LAWS	1001	B03	GRP	F	1335	1425	52
Fall	33770	LAWS	1001	B04	GRP	F	1435	1525	32
Fall	33771	LAWS	1001	B05	GRP	F	1335	1425	32
Fall	33772	LAWS	1001	B06	GRP	F	1435	1525	36
Fall	33773	LAWS	1001	B07	GRP	F	1335	1425	36
Fall	33774	LAWS	1001	B08	GRP	F	1435	1525	39
Fall	33775	LAWS	1001	C	LEC	M	835	1125	9000
Winter	13515	LAWS	1001	D	LEC	W	835	1025	444
Winter	13516	LAWS	1001	D01	GRP	W	1035	1125	31
Winter	13517	LAWS	1001	D02	GRP	W	1135	1225	55
Winter	13518	LAWS	1001	D03	GRP	W	1035	1125	31
Winter	13519	LAWS	1001	D04	GRP	W	1135	1225	31
Winter	13520	LAWS	1001	D05	GRP	W	1035	1125	52
Winter	13521	LAWS	1001	D06	GRP	W	1135	1225	30
Winter	13522	LAWS	1001	D07	GRP	W	1035	1125	80
Winter	13523	LAWS	1001	D08	GRP	W	1135	1225	35
Fall	33776	LAWS	1002	A	LEC	R	1805	1955	331
Fall	33777	LAWS	1002	A01	GRP	R	2005	2055	40
Fall	33778	LAWS	1002	A02	GRP	R	2105	2155	40
Fall	33779	LAWS	1002	A03	GRP	R	2005	2055	41
Fall	33780	LAWS	1002	A04	GRP	R	2105	2155	41
Fall	33781	LAWS	1002	A05	GRP	R	2005	2055	52
Fall	33782	LAWS	1002	A06	GRP	R	2105	2155	52
Fall	33783	LAWS	1002	A07	GRP	R	2005	2055	55
Fall	33784	LAWS	1002	A08	GRP	R	2105	2155	55
Winter	13524	LAWS	1002	B	LEC	M	1435	1625	236
Winter	13525	LAWS	1002	B01	GRP	M	1635	1725	40
Winter	13526	LAWS	1002	B02	GRP	M	1735	1825	34
Winter	13527	LAWS	1002	B03	GRP	M	1635	1725	31
Winter	13528	LAWS	1002	B04	GRP	M	1735	1825	40
Winter	13529	LAWS	1002	B05	GRP	M	1635	1725	96
Winter	13530	LAWS	1002	B06	GRP	M	1735	1825	40
Winter	13531	LAWS	1002	B07	GRP	M	1635	1725	31
Winter	13532	LAWS	1002	B08	GRP	M	1735	1825	31
Winter	13533	LAWS	1002	C	LEC	F	1135	1325	236
Winter	13534	LAWS	1002	C01	GRP	F	1335	1425	97
Winter	13535	LAWS	1002	C02	GRP	F	1435	1525	59
Winter	13536	LAWS	1002	C03	GRP	F	1335	1425	59
Winter	13537	LAWS	1002	C04	GRP	F	1435	1525	59
Winter	13538	LAWS	1002	C05	GRP	F	1335	1425	97
Winter	13539	LAWS	1002	C06	GRP	F	1435	1525	97
Winter	13540	LAWS	1002	C07	GRP	F	1335	1425	39
Winter	13541	LAWS	1002	C08	GRP	F	1435	1525	36
Winter	13542	LAWS	1002	D	LEC	M	835	1125	9000
Fall	33785	LAWS	2105	A	LEC	R	835	1125	98
Fall	33786	LAWS	2105	B	LEC	F	835	1125	98
Winter	13543	LAWS	2105	C	LEC	R	1135	1425	96
Winter	13544	LAWS	2105	D	LEC	F	1435	1725	9000
Fall	33787	LAWS	2201	A	LEC	M	1135	1425	96
Winter	13545	LAWS	2201	B	LEC	M	1135	1425	9000
Winter	13546	LAWS	2201	C	LEC	M	1805	2055	92
Fall	33788	LAWS	2202	A	LEC	W	1805	2055	92
Fall	33789	LAWS	2202	B	LEC	W	835	1125	9000
Winter	13547	LAWS	2202	C	LEC	F	835	1125	94
Fall	33790	LAWS	2301	A	LEC	R	1805	2055	96
Fall	33791	LAWS	2301	B	LEC	F	1435	1725	9000
Winter	13548	LAWS	2301	C	LEC	W	1435	1725	96
Winter	13549	LAWS	2301	D	LEC	W	835	1125	94
Winter	13550	LAWS	2301	E	LEC	M	1135	1425	9000
Fall	33792	LAWS	2302	A	LEC	T	1805	2055	98
Fall	33793	LAWS	2302	B	LEC	M	1805	2055	96
Fall	33794	LAWS	2302	C	LEC	T	1805	2055	9000
Winter	13551	LAWS	2302	D	LEC	T	1805	2055	94
Winter	13552	LAWS	2302	E	LEC	M	1805	2055	9000
Fall	33795	LAWS	2501	A	LEC				
Fall	33796	LAWS	2501	B	LEC	T	1135	1425	9000
Winter	13553	LAWS	2501	C	LEC	R	1805	2055	9000
Fall	33797	LAWS	2502	A	LEC	W	1805	2055	97
Winter	13554	LAWS	2502	B	LEC	T	1805	2055	9000
Fall	33798	LAWS	2601	A	LEC	W	1435	1725	96
Fall	33799	LAWS	2601	B	LEC	T	1135	1425	96
Winter	13555	LAWS	2601	C	LEC	T	1135	1425	9000
Fall	33800	LAWS	2908	A	LEC	T	1135	1255	96
Fall	33801	LAWS	2908	A01	TUT	T	1305	1425	96
Fall	33802	LAWS	2908	B	LEC	R	1135	1255	9000
Fall	33803	LAWS	2908	B01	TUT	R	1305	1425	9000
Winter	13556	LAWS	2908	C	LEC	T	1135	1255	96
Winter	13557	LAWS	2908	C01	TUT	T	1305	1425	96
Winter	13558	LAWS	2908	D	LEC	W	1435	1555	9000
Winter	13559	LAWS	2908	D01	TUT	W	1605	1725	9000
Winter	13560	LAWS	3001	A	LEC	R	1435	1725	84
Fall	33804	LAWS	3003	A	LEC	M	1805	2055	98
Winter	13561	LAWS	3005	A	LEC	R	1135	1425	9000
Winter	13562	LAWS	3006	A	LEC	W	1805	2055	84
Winter	15606	LAWS	3101	A	LEC				
Fall	33805	LAWS	3104	A	LEC	T	1435	1725	96
Fall	33806	LAWS	3201	A	LEC	M	1435	1725	66
Fall	33807	LAWS	3202	A	LEC	F	1135	1425	80
Winter	13563	LAWS	3206	A	LEC	M	835	1125	66
Winter	13564	LAWS	3207	A	LEC	W	1805	2055	66
Winter	13565	LAWS	3208	A	LEC	T	835	1125	66
Fall	33808	LAWS	3305	A	LEC	W	1135	1425	80
Winter	13566	LAWS	3305	B	LEC	W	1805	2055	63
Fall	33809	LAWS	3306	A	LEC	T	1805	2055	79
Winter	13567	LAWS	3306	B	LEC	M	1805	2055	9000
Fall	33810	LAWS	3307	A	LEC	R	1805	2055	9000
Winter	13568	LAWS	3307	B	LEC	R	1135	1425	76
Fall	33811	LAWS	3308	A	LEC				
Fall	33812	LAWS	3308	B	LEC	R	1135	1425	9000
Winter	13569	LAWS	3308	C	LEC	T	1435	1725	66
Winter	13570	LAWS	3308	D	LEC	F	1135	1425	9000
Fall	33813	LAWS	3309	A	LEC	T	1135	1425	63
Winter	13571	LAWS	3309	B	LEC	M	1135	1425	9000
Winter	13572	LAWS	3310	A	LEC	W	1135	1425	78
Fall	33814	LAWS	3401	A	LEC	F	1135	1425	96
Winter	13573	LAWS	3405	A	LEC	W	1135	1425	66
Winter	13574	LAWS	3501	A	LEC	W	835	1125	9000
Fall	33815	LAWS	3502	A	LEC	W	1805	2055	96
Winter	13575	LAWS	3503	A	LEC	M	1805	2055	84
Fall	33816	LAWS	3504	A	LEC	M	1135	1425	79
Fall	33817	LAWS	3506	A	LEC	M	1805	2055	9000
Fall	33818	LAWS	3508	A	LEC	M	1135	1425	9000
Fall	33819	LAWS	3602	A	LEC				
Fall	33820	LAWS	3602	B	LEC	F	835	1125	96
Winter	15610	LAWS	3602	C	LEC	F	1135	1425	76
Fall	33821	LAWS	3604	A	LEC	W	1435	1725	52
Winter	13576	LAWS	3604	B	LEC	T	1135	1425	9000
Winter	13577	LAWS	3800	A	LEC	M	1135	1425	9000
Winter	13578	LAWS	3804	A	LEC	M	1805	2055	9000
Fall	33822	LAWS	3908	A	LEC	R	1135	1425	52
Fall	33823	LAWS	3908	B	LEC	W	1135	1425	9000
Winter	13579	LAWS	3908	C	LEC	T	1435	1725	52
Winter	13580	LAWS	3908	D	LEC	F	835	1125	9000
Fall	33824	LAWS	3999	A	WRK				
Winter	13581	LAWS	3999	B	WRK				
Winter	13582	LAWS	4002	A	SEM	W	1435	1725	34
Fall	33825	LAWS	4100	A	SEM	W	835	1125	30
Winter	13583	LAWS	4101	A	SEM	F	835	1125	56
Fall	33826	LAWS	4106	A	SEM	M	1135	1425	30
Fall	33827	LAWS	4106	B	SEM	M	1805	2055	9000
Winter	13584	LAWS	4106	C	SEM	R	1135	1425	30
Winter	13585	LAWS	4200	A	SEM				
Winter	13586	LAWS	4202	A	SEM	R	1805	2055	42
Fall	33828	LAWS	4204	A	SEM	F	835	1125	32
Fall	33829	LAWS	4209	A	SEM	R	1805	2055	30
Fall	33830	LAWS	4302	A	SEM	T	1435	1725	28
Fall	33831	LAWS	4302	B	SEM	W	1135	1425	42
Winter	13587	LAWS	4302	C	SEM	W	1435	1725	27
Fall	33832	LAWS	4303	A	SEM	T	1805	2055	27
Winter	13588	LAWS	4303	C	SEM	W	1805	2055	27
Fall	33833	LAWS	4304	A	SEM	M	835	1125	42
Winter	13589	LAWS	4304	B	SEM	W	1135	1425	9000
Winter	13590	LAWS	4305	A	SEM	M	1135	1425	31
Fall	33834	LAWS	4306	A	SEM	M	1805	2055	42
Winter	13591	LAWS	4306	B	SEM	T	1435	1725	42
Winter	13592	LAWS	4307	A	SEM	M	1805	2055	42
Fall	33835	LAWS	4308	A	SEM	W	1135	1425	39
Fall	33836	LAWS	4308	B	SEM	W	1805	2055	40
Winter	13593	LAWS	4308	C	SEM	F	1135	1425	40
Winter	13594	LAWS	4311	A	SEM	T	1805	2055	31
Winter	13595	LAWS	4402	A	SEM	T	1435	1725	54
Winter	13596	LAWS	4503	A	SEM	F	835	1125	29
Winter	13597	LAWS	4504	A	SEM	T	1135	1425	42
Fall	33837	LAWS	4601	A	SEM	M	1435	1725	41
Winter	13598	LAWS	4601	B	SEM	M	1435	1725	9000
Fall	33838	LAWS	4602	A	SEM				
Fall	33839	LAWS	4603	A	SEM	F	1435	1725	27
Winter	13599	LAWS	4603	B	SEM	M	1805	2055	27
Winter	13600	LAWS	4603	C	SEM	M	1435	1725	9000
Winter	13601	LAWS	4606	A	SEM	W	835	1125	29
Fall	33840	LAWS	4607	A	SEM	R	1135	1425	9000
Winter	13602	LAWS	4607	B	SEM	R	1435	1725	42
Fall	33841	LAWS	4702	A	SEM	W	1435	1725	31
Fall	33842	LAWS	4800	A	SEM	T	1135	1425	27
Fall	33843	LAWS	4801	A	SEM	T	1805	2055	42
Fall	33844	LAWS	4801	B	SEM	R	1435	1725	9000
Winter	13603	LAWS	4801	C	SEM	R	1435	1725	28
Fall	33845	LAWS	4802	A	SEM	R	1805	2055	42
Winter	13604	LAWS	4802	B	SEM	R	1805	2055	42
Fall	33846	LAWS	4901	A	TUT				
Winter	13605	LAWS	4901	B	TUT				
Fall	33847	LAWS	4902	A	TUT				
Winter	13606	LAWS	4902	B	TUT				
Fall	33848	LAWS	4903	A	SEM	F	1135	1425	31
Winter	13607	LAWS	4903	B	SEM	F	1135	1425	9000
Winter	13608	LAWS	4904	A	SEM	F	1435	1725	31
Winter	13609	LAWS	4904	B	SEM				
Fall	33849	LAWS	4905	A	PLA				
Winter	13610	LAWS	4905	A	PLA				
Fall	33850	LAWS	4906	A	PLA				
Winter	13611	LAWS	4906	B	PLA				
Fall	33851	LAWS	4907	A	PLA				
Winter	13612	LAWS	4907	B	PLA				
Fall	33852	LAWS	4908	A	HON				
Winter	13613	LAWS	4908	A	HON				
Fall	33853	LAWS	4908	B	HON				
Winter	13614	LAWS	4908	B	HON				
Fall	33854	LAWS	4908	C	HON				
Winter	13615	LAWS	4908	C	HON				
Fall	33873	LING	1001	A	LEC	F	1435	1625	386
Fall	33874	LING	1001	A01	TUT	F	935	1025	40
Fall	33875	LING	1001	A02	TUT	R	1335	1425	40
Fall	33876	LING	1001	A03	TUT	F	1635	1725	40
Fall	33877	LING	1001	A04	TUT	W	935	1025	59
Fall	33878	LING	1001	A05	TUT	M	1335	1425	32
Fall	33879	LING	1001	A06	TUT	M	935	1025	28
Fall	33880	LING	1001	A07	TUT	R	1135	1225	32
Fall	33881	LING	1001	A08	TUT	W	1635	1725	57
Winter	13635	LING	1001	B	LEC	T	835	1025	9000
Winter	13636	LING	1001	B01	TUT	T	1435	1525	9000
Winter	13637	LING	1001	B02	TUT	W	1135	1225	9000
Winter	13638	LING	1001	B03	TUT	R	1035	1125	9000
Winter	13639	LING	1001	B04	TUT	W	1635	1725	9000
Winter	13640	LING	1001	B05	TUT	W	1435	1525	9000
Winter	13641	LING	1001	B06	TUT	W	835	925	9000
Winter	13642	LING	1001	B07	TUT	F	935	1025	9000
Winter	13643	LING	1001	B08	TUT	T	1035	1125	9000
Winter	13644	LING	1002	A	LEC	MW	1435	1555	154
Winter	13645	LING	1100	W	LEC				9000
Fall	33882	LING	2005	A	LEC	F	1135	1325	134
Fall	33883	LING	2005	A01	TUT	T	1335	1425	42
Fall	33884	LING	2005	A02	TUT	M	935	1025	31
Fall	33885	LING	2005	A03	TUT	M	1335	1425	31
Fall	33886	LING	2005	A04	TUT	M	1035	1125	47
Winter	13646	LING	2005	B	LEC	F	1135	1325	133
Winter	13647	LING	2005	B01	TUT	T	1235	1325	48
Winter	13648	LING	2005	B02	TUT	M	1035	1125	31
Winter	13649	LING	2005	B03	TUT	W	1435	1525	35
Winter	13650	LING	2005	B04	TUT	M	935	1025	28
Fall	33887	LING	2007	A	LEC	M	1435	1625	115
Fall	33888	LING	2007	A01	TUT	R	1335	1425	56
Fall	33889	LING	2007	A02	TUT	T	1035	1125	31
Fall	33890	LING	2007	A03	TUT	W	1335	1425	40
Fall	33891	LING	2007	A04	TUT	M	1635	1725	52
Winter	13651	LING	2007	B	LEC	T	1535	1725	120
Winter	13652	LING	2007	B01	TUT	R	1235	1325	30
Winter	13653	LING	2007	B02	TUT	R	1335	1425	42
Winter	13654	LING	2007	B03	TUT	R	1635	1725	52
Winter	13655	LING	2007	B04	TUT	W	1335	1425	42
Fall	33892	LING	2504	A	LEC	MW	1135	1255	9000
Fall	33893	LING	2604	A	LEC	M	1735	2025	108
Fall	33894	LING	3004	A	LEC	MW	1135	1255	98
Winter	13656	LING	3005	A	LEC	M	1435	1725	55
Fall	33895	LING	3007	A	LEC	WF	835	955	96
Winter	13657	LING	3601	A	LEC	M	1135	1425	134
Fall	33896	LING	3603	A	LEC	T	1135	1425	120
Fall	33897	LING	3604	A	LEC	R	1435	1725	66
Fall	33898	LING	3702	A	LEC	MW	1005	1125	69
Fall	33899	LING	3900	A	IND				
Winter	13658	LING	3900	A	IND				
Fall	33900	LING	3900	B	IND				
Fall	33901	LING	3901	A	IND				
Winter	15538	LING	3901	A	IND				
Winter	13659	LING	4004	A	SEM	W	1135	1425	29
Winter	13660	LING	4007	A	SEM	WF	835	955	52
Fall	33902	LING	4009	A	SEM	MW	1305	1425	96
Winter	15575	LING	4009	A	SEM	R	1435	1725	40
Fall	33903	LING	4412	A	SEM	W	1435	1725	40
Fall	33904	LING	4505	A	SEM				
Winter	13661	LING	4510	A	SEM				
Winter	13662	LING	4603	A	SEM	TR	835	955	41
Fall	35750	LING	4604	A	PRC	W	1805	2055	9000
Winter	15437	LING	4604	A	PRC	W	1805	2055	9000
Fall	33905	LING	4606	A	SEM	R	1135	1425	31
Fall	33906	LING	4900	A	IND				
Winter	13663	LING	4900	A	IND				
Fall	33907	LING	4900	B	IND				
Fall	33908	LING	4901	A	IND				
Winter	13664	LING	4901	B	IND				
Fall	33909	LING	4905	F	REP				
Winter	13665	LING	4905	F	REP				
Fall	33910	LING	4910	A	HON				
Winter	13666	LING	4910	A	HON				
Fall	35947	LING	4910	B	HON				
Fall	33922	MAAE	2001	A	LEC	WF	835	925	134
Winter	13678	MAAE	2001	B	LEC	TR	1135	1225	96
Winter	13679	MAAE	2001	C	LEC	WF	1335	1425	96
Winter	13680	MAAE	2001	D	LEC	TR	1635	1725	98
Fall	33923	MAAE	2001	L1	LAB	WF	1435	1625	56
Winter	13681	MAAE	2001	L2	LAB	TR	1435	1625	56
Winter	13682	MAAE	2001	L3	LAB	MW	1805	1955	56
Winter	13683	MAAE	2001	L4	LAB	MW	1435	1625	58
Fall	33924	MAAE	2101	A	LEC	MW	1135	1255	84
Fall	33925	MAAE	2101	B	LEC	WF	1005	1125	83
Fall	33926	MAAE	2101	C	LEC	TR	1135	1255	79
Winter	13685	MAAE	2101	D	LEC	TR	835	955	58
Winter	13686	MAAE	2101	E	LEC	MW	1305	1425	63
Winter	13684	MAAE	2101	F	LEC	TR	1305	1425	63
Fall	33927	MAAE	2101	L1	PAN	F	1135	1425	42
Winter	13687	MAAE	2101	L1	PAN	F	1435	1725	35
Fall	33928	MAAE	2101	L2	PAN	F	1435	1725	54
Winter	13688	MAAE	2101	L2	PAN	M	1435	1725	41
Fall	33929	MAAE	2101	L3	PAN	M	835	1125	66
Winter	13689	MAAE	2101	L3	PAN	W	1435	1725	40
Fall	33930	MAAE	2101	L4	PAN	W	1435	1725	40
Winter	13690	MAAE	2101	L4	PAN	M	835	1125	30
Fall	33931	MAAE	2101	L5	PAN	M	1435	1725	58
Winter	13691	MAAE	2101	L5	PAN	W	835	1125	52
Fall	33932	MAAE	2101	L6	PAN	T	1435	1725	40
Winter	13692	MAAE	2101	L6	PAN	F	1135	1425	35
Fall	33933	MAAE	2202	A	LEC	MW	1305	1425	94
Fall	33934	MAAE	2202	B	LEC	TR	1435	1555	96
Winter	13693	MAAE	2202	C	LEC	TR	1305	1425	96
Winter	13694	MAAE	2202	D	LEC	TR	835	955	96
Fall	33935	MAAE	2202	L1	LAB	F	1135	1425	42
Winter	13695	MAAE	2202	L1	LAB	M	835	1125	40
Fall	33936	MAAE	2202	L2	LAB	M	1435	1725	67
Winter	13696	MAAE	2202	L2	LAB	M	1135	1425	40
Fall	33937	MAAE	2202	L3	LAB	F	1435	1725	40
Winter	13697	MAAE	2202	L3	LAB	W	835	1125	36
Fall	33938	MAAE	2202	L4	LAB	F	835	1125	40
Winter	13698	MAAE	2202	L4	LAB	F	835	1125	40
Fall	33939	MAAE	2202	L5	LAB	W	1435	1725	36
Winter	13699	MAAE	2202	L5	LAB	F	1435	1725	42
Fall	33940	MAAE	2300	A	LEC	MW	1135	1255	96
Fall	33941	MAAE	2300	B	LEC	TR	835	955	148
Fall	33942	MAAE	2300	C	LEC	TR	1135	1255	94
Winter	13700	MAAE	2300	D	LEC	WF	1435	1555	98
Winter	13701	MAAE	2300	E	LEC	TR	835	955	78
Winter	13702	MAAE	2300	F	LEC	TR	1005	1125	97
Fall	33943	MAAE	2300	L1	LAB	T	835	1125	57
Winter	13703	MAAE	2300	L1	LAB	M	1435	1725	30
Fall	33944	MAAE	2300	L2	LAB	M	1435	1725	35
Winter	13704	MAAE	2300	L2	LAB	T	1135	1425	40
Fall	33945	MAAE	2300	L3	LAB	R	835	1125	35
Winter	13705	MAAE	2300	L3	LAB	M	1135	1425	40
Fall	33946	MAAE	2300	L4	LAB	W	1135	1425	58
Winter	13706	MAAE	2300	L4	LAB	M	835	1125	35
Fall	33947	MAAE	2300	L5	LAB	M	835	1125	39
Winter	13707	MAAE	2300	L5	LAB	R	1435	1725	35
Fall	33948	MAAE	2300	L6	LAB	T	1435	1725	35
Winter	13708	MAAE	2300	L6	LAB	R	1135	1425	35
Fall	33949	MAAE	2300	L7	LAB	F	835	1125	54
Winter	13709	MAAE	2300	L7	LAB	R	1805	2055	54
Fall	33950	MAAE	2300	L8	LAB	W	835	1125	40
Winter	13710	MAAE	2300	L8	LAB	F	835	1125	35
Fall	33951	MAAE	2300	L9	LAB	M	1805	2055	52
Winter	13711	MAAE	2300	L9	LAB	T	1805	2055	36
Fall	33952	MAAE	2400	A	LEC	MW	1305	1425	151
Fall	33953	MAAE	2400	B	LEC	TR	1435	1555	120
Winter	13712	MAAE	2400	C	LEC	WF	1005	1125	134
Winter	13713	MAAE	2400	D	LEC	MW	1135	1255	151
Winter	13714	MAAE	2400	E	LEC	MW	1805	1925	134
Winter	13715	MAAE	2400	F	LEC	TR	1435	1555	96
Fall	33954	MAAE	2400	L1	LAB	F	835	1125	42
Winter	13716	MAAE	2400	L1	LAB	M	1435	1725	40
Winter	13717	MAAE	2400	L10	LAB	W	1805	2055	66
Fall	33955	MAAE	2400	L2	LAB	T	835	1125	40
Winter	13718	MAAE	2400	L2	LAB	R	1135	1425	57
Fall	33956	MAAE	2400	L3	LAB	W	835	1125	30
Winter	13719	MAAE	2400	L3	LAB	T	835	1125	58
Fall	33957	MAAE	2400	L4	LAB	W	1435	1725	40
Winter	13720	MAAE	2400	L4	LAB	R	1435	1725	40
Fall	33958	MAAE	2400	L5	LAB	M	835	1125	42
Winter	13721	MAAE	2400	L5	LAB	F	1435	1725	40
Fall	33959	MAAE	2400	L6	LAB	M	1435	1725	42
Winter	13722	MAAE	2400	L6	LAB	F	1135	1425	42
Fall	33960	MAAE	2400	L7	LAB	F	1435	1725	67
Winter	13723	MAAE	2400	L7	LAB	M	835	1125	40
Fall	33961	MAAE	2400	L8	LAB	R	1135	1425	52
Winter	13724	MAAE	2400	L8	LAB	T	1435	1725	40
Winter	13725	MAAE	2400	L9	LAB	F	835	1125	40
Fall	33962	MAAE	2700	A	LEC	WF	835	955	96
Fall	33963	MAAE	2700	B	LEC	TR	1605	1725	94
Winter	13726	MAAE	2700	C	LEC	MW	835	955	96
Winter	13727	MAAE	2700	D	LEC	WF	1435	1555	96
Fall	33964	MAAE	2700	L1	LAB	R	1135	1425	35
Winter	13728	MAAE	2700	L1	LAB	W	1435	1725	35
Fall	33965	MAAE	2700	L2	LAB	W	1435	1725	30
Winter	13729	MAAE	2700	L2	LAB	F	835	1125	42
Fall	33966	MAAE	2700	L3	LAB	M	1435	1725	35
Winter	13730	MAAE	2700	L3	LAB	R	835	1125	59
Fall	33967	MAAE	2700	L4	LAB	F	1135	1425	30
Winter	13731	MAAE	2700	L4	LAB	M	1435	1725	35
Fall	33968	MAAE	2700	L5	LAB	M	835	1125	30
Winter	13732	MAAE	2700	L5	LAB	F	1135	1425	35
Fall	33969	MAAE	2700	L6	LAB	T	1135	1425	35
Winter	13733	MAAE	2700	L6	LAB	T	835	1125	35
Fall	33970	MAAE	3004	A	LEC	TR	1435	1555	133
Fall	33971	MAAE	3004	B	LEC	W	1805	2055	94
Winter	13734	MAAE	3004	C	LEC	WF	835	955	96
Fall	33972	MAAE	3004	L1	TUT	M	1435	1625	42
Winter	13735	MAAE	3004	L1	TUT	W	1435	1625	48
Fall	33973	MAAE	3004	L2	TUT	F	1135	1325	52
Winter	13736	MAAE	3004	L2	TUT	F	1135	1325	54
Fall	33974	MAAE	3004	L3	TUT	F	935	1125	47
Fall	33975	MAAE	3004	L4	TUT	M	1535	1725	55
Fall	33976	MAAE	3202	A	LEC	WF	1435	1555	76
Fall	33977	MAAE	3202	B	LEC	TR	1305	1425	94
Winter	13737	MAAE	3202	C	LEC	WF	1305	1425	96
Fall	33978	MAAE	3202	L1	LAB	R	835	1125	42
Winter	13738	MAAE	3202	L1	LAB	R	835	1125	47
Fall	33979	MAAE	3202	L2	LAB	T	1435	1725	35
Winter	13739	MAAE	3202	L2	LAB	M	1435	1725	66
Fall	33980	MAAE	3202	L3	LAB	M	1135	1425	35
Fall	33981	MAAE	3202	L4	LAB	M	835	1125	40
Fall	33982	MAAE	3300	A	LEC	MW	1135	1255	94
Fall	33983	MAAE	3300	B	LEC	TR	1005	1125	108
Winter	13740	MAAE	3300	C	LEC	WF	1435	1555	96
Fall	33984	MAAE	3300	L1	LAB	F	1135	1425	40
Winter	13741	MAAE	3300	L1	LAB	R	835	1125	30
Fall	33985	MAAE	3300	L2	LAB	F	1435	1725	35
Winter	13742	MAAE	3300	L2	LAB	T	835	1125	54
Fall	33986	MAAE	3300	L3	LAB	W	1435	1725	40
Winter	13743	MAAE	3300	L3	LAB	W	835	1125	35
Fall	33987	MAAE	3300	L4	LAB	R	1135	1425	40
Fall	33988	MAAE	3300	L5	LAB	T	1135	1425	35
Fall	33989	MAAE	3300	L6	LAB	R	1435	1725	29
Winter	13744	MAAE	3400	A	LEC	TR	1135	1255	134
Winter	13745	MAAE	3400	B	LEC	TR	1605	1725	96
Winter	13746	MAAE	3400	L1	LAB	R	835	1125	48
Winter	13747	MAAE	3400	L2	LAB	T	1805	2055	84
Winter	13748	MAAE	3400	L3	LAB	W	1435	1725	51
Winter	13749	MAAE	3400	L4	LAB	M	1135	1425	51
Winter	13750	MAAE	3500	A	LEC	MW	1005	1125	115
Winter	13751	MAAE	3500	B	LEC	TR	1305	1425	115
Winter	13752	MAAE	3500	C	LEC	WF	1135	1255	115
Winter	13753	MAAE	3500	L1	PAN	F	1005	1125	115
Winter	13754	MAAE	3500	L2	PAN	W	1605	1725	102
Winter	13755	MAAE	3500	L3	PAN	M	835	955	120
Fall	33990	MAAE	3999	A	WRK				
Winter	13756	MAAE	3999	A	WRK				
Fall	33991	MAAE	4102	A	LEC	TR	1435	1555	154
Fall	33992	MAAE	4902	A	LEC	WF	1435	1555	52
Winter	13757	MAAE	4903	A	LEC	W	1805	2055	51
Fall	33993	MAAE	4904	A	LEC	WF	1135	1255	35
Fall	33994	MAAE	4907	C	LAB	F	835	1125	40
Winter	13758	MAAE	4907	C	LAB	F	835	1125	42
Fall	33995	MAAE	4907	D	LAB	M	835	1125	34
Winter	13759	MAAE	4907	D	LAB	M	835	1125	54
Fall	33996	MAAE	4907	F	LAB	M	835	1125	40
Winter	13760	MAAE	4907	F	LAB	M	835	1125	40
Fall	33997	MAAE	4907	I	LAB	F	835	1125	35
Winter	13761	MAAE	4907	I	LAB	F	835	1125	35
Fall	33998	MAAE	4907	J	LAB	F	835	1125	52
Winter	13762	MAAE	4907	J	LAB	F	835	1125	52
Fall	33999	MAAE	4907	M	LAB	M	835	1125	54
Winter	13763	MAAE	4907	M	LAB	M	835	1125	52
Fall	34000	MAAE	4907	O	LAB	M	835	1125	52
Winter	13764	MAAE	4907	O	LAB	M	835	1125	56
Fall	34001	MAAE	4907	P	LAB	F	835	1125	57
Winter	13765	MAAE	4907	P	LAB	F	835	1125	40
Fall	34002	MAAE	4907	Q	LAB	M	835	1125	36
Winter	13766	MAAE	4907	Q	LAB	M	835	1125	36
Fall	34003	MAAE	4907	R	LAB	F	835	1125	40
Winter	13767	MAAE	4907	R	LAB	F	835	1125	40
Fall	34004	MAAE	4907	S	LAB	M	835	1125	35
Winter	13768	MAAE	4907	S	LAB	M	835	1125	35
Fall	34005	MAAE	4907	T1	IND	F	1305	1425	348
Winter	13769	MAAE	4907	T1	IND	F	1305	1425	393
Fall	34006	MAAE	4907	U	LAB	F	835	1125	36
Winter	13770	MAAE	4907	U	LAB	R	1435	1725	58
Fall	34007	MAAE	4907	V	LAB	F	835	1125	58
Winter	13771	MAAE	4907	V	LAB	F	835	1125	35
Fall	34008	MAAE	4917	A	DIR				
Winter	13772	MAAE	4917	B	DIR				
Fall	34009	MATH	5	A	LEC	WF	835	955	52
Fall	34010	MATH	5	A1	TUT	F	1035	1125	52
Fall	34011	MATH	5	A2	TUT	F	1035	1125	84
Fall	34012	MATH	5	A3	TUT	F	1035	1125	52
Winter	13773	MATH	5	B	LEC				
Winter	13774	MATH	5	B1	TUT				
Winter	13775	MATH	5	B2	TUT				
Winter	13776	MATH	6	B	LEC	WF	1135	1255	51
Winter	13777	MATH	6	B1	TUT	F	1335	1425	52
Fall	34013	MATH	9	A	LEC				
Fall	34014	MATH	9	A1	TUT				
Fall	34015	MATH	9	A2	TUT				
Fall	34016	MATH	9	A3	TUT				
Fall	34017	MATH	9	A4	TUT				
Fall	34018	MATH	9	AT	TUT				
Fall	34019	MATH	1004	A	LEC	TR	1635	1755	236
Fall	34020	MATH	1004	A1	TUT	T	1805	1855	48
Fall	34021	MATH	1004	A2	TUT	T	1805	1855	52
Fall	34022	MATH	1004	A3	TUT	T	1805	1855	48
Fall	34023	MATH	1004	A4	TUT	T	1805	1855	52
Fall	34024	MATH	1004	A5	TUT	T	1805	1855	52
Fall	34025	MATH	1004	AT	TUT	T	1805	1855	
Fall	34026	MATH	1004	B	LEC	WF	1135	1255	236
Fall	34027	MATH	1004	B1	TUT	F	1735	1825	48
Fall	34028	MATH	1004	B2	TUT	F	1735	1825	48
Fall	34029	MATH	1004	B3	TUT	F	1735	1825	52
Fall	34030	MATH	1004	B4	TUT	F	1735	1825	56
Fall	34031	MATH	1004	B5	TUT	F	1735	1825	66
Fall	34032	MATH	1004	BT	TUT	F	1735	1825	
Fall	34033	MATH	1004	C	LEC	MW	835	955	236
Fall	34034	MATH	1004	C1	TUT	M	1135	1225	56
Fall	34035	MATH	1004	C2	TUT	M	1135	1225	48
Fall	34036	MATH	1004	C3	TUT	M	1135	1225	66
Fall	34037	MATH	1004	C4	TUT	M	1135	1225	66
Fall	34038	MATH	1004	C5	TUT	M	1135	1225	52
Fall	34039	MATH	1004	CT	TUT	M	1135	1225	
Fall	34040	MATH	1004	D	LEC	TR	1005	1125	236
Fall	34041	MATH	1004	D1	TUT	R	1735	1825	48
Fall	34042	MATH	1004	D2	TUT	R	1735	1825	48
Fall	34043	MATH	1004	D3	TUT	R	1735	1825	58
Fall	34044	MATH	1004	D4	TUT	R	1735	1825	66
Fall	34045	MATH	1004	D5	TUT	R	1735	1825	52
Fall	34046	MATH	1004	DT	TUT	R	1735	1825	
Fall	34047	MATH	1004	E	LEC	MW	1605	1725	236
Fall	34048	MATH	1004	E1	TUT	W	1335	1425	97
Fall	34049	MATH	1004	E2	TUT	W	1335	1425	51
Fall	34050	MATH	1004	E3	TUT	W	1335	1425	78
Fall	34051	MATH	1004	E4	TUT	W	1335	1425	79
Fall	34052	MATH	1004	E5	TUT	W	1335	1425	57
Fall	34053	MATH	1004	ET	TUT	W	1335	1425	
Fall	34054	MATH	1004	F	LEC	TR	1935	2055	236
Fall	34055	MATH	1004	F1	TUT	R	2105	2155	66
Fall	34056	MATH	1004	F2	TUT	R	2105	2155	54
Fall	34057	MATH	1004	F3	TUT	R	2105	2155	56
Fall	34058	MATH	1004	F4	TUT	R	2105	2155	52
Fall	34059	MATH	1004	F5	TUT	R	2105	2155	42
Fall	34060	MATH	1004	FT	TUT	R	2105	2155	
Winter	13778	MATH	1004	H	LEC	TR	835	955	204
Winter	13779	MATH	1004	H1	TUT	R	1435	1525	52
Winter	13780	MATH	1004	H2	TUT	R	1435	1525	55
Winter	13781	MATH	1004	H3	TUT	R	1435	1525	67
Winter	13782	MATH	1004	H4	TUT	R	1435	1525	66
Winter	13783	MATH	1004	HT	TUT	R	1435	1525	
Fall	34061	MATH	1005	A	LEC	WF	1005	1125	331
Fall	34062	MATH	1005	A1	TUT	W	1735	1825	67
Fall	34063	MATH	1005	A2	TUT	W	1735	1825	78
Fall	34064	MATH	1005	A3	TUT	W	1735	1825	78
Fall	34065	MATH	1005	A4	TUT	W	1735	1825	78
Fall	34066	MATH	1005	A5	TUT	W	1735	1825	79
Fall	34067	MATH	1005	AT	TUT	W	1735	1825	
Fall	34068	MATH	1005	B	LEC	MW	1135	1255	236
Fall	34069	MATH	1005	B1	TUT	M	1435	1525	52
Fall	34070	MATH	1005	B2	TUT	M	1435	1525	80
Fall	34071	MATH	1005	B3	TUT	M	1435	1525	96
Fall	34072	MATH	1005	B4	TUT	M	1435	1525	79
Fall	34073	MATH	1005	B5	TUT	M	1435	1525	94
Fall	34074	MATH	1005	BT	TUT	M	1435	1525	
Fall	34075	MATH	1005	C	LEC	TR	835	955	236
Fall	34076	MATH	1005	C1	TUT	R	1335	1425	48
Fall	34077	MATH	1005	C2	TUT	R	1335	1425	84
Fall	34078	MATH	1005	C3	TUT	R	1335	1425	52
Fall	34079	MATH	1005	C4	TUT	R	1335	1425	96
Fall	34080	MATH	1005	C5	TUT	R	1335	1425	76
Fall	34081	MATH	1005	CT	TUT	R	1335	1425	
Fall	34082	MATH	1005	D	LEC	TR	1435	1555	236
Fall	34083	MATH	1005	D1	TUT	R	1735	1825	52
Fall	34084	MATH	1005	D2	TUT	R	1735	1825	52
Fall	34085	MATH	1005	D3	TUT	R	1735	1825	63
Fall	34086	MATH	1005	D4	TUT	R	1735	1825	58
Fall	34087	MATH	1005	D5	TUT	R	1735	1825	56
Fall	34088	MATH	1005	DT	TUT	R	1735	1825	
Fall	34089	MATH	1005	E	LEC	MW	1805	1925	236
Fall	34090	MATH	1005	E1	TUT	W	1935	2025	48
Fall	34091	MATH	1005	E2	TUT	W	1935	2025	48
Fall	34092	MATH	1005	E3	TUT	W	1935	2025	52
Fall	34093	MATH	1005	E4	TUT	W	1935	2025	52
Fall	34094	MATH	1005	E5	TUT	W	1935	2025	58
Fall	34095	MATH	1005	ET	TUT	W	1935	2025	
Fall	34096	MATH	1005	F	LEC	TR	1935	2055	204
Fall	34097	MATH	1005	F1	TUT	R	2105	2155	48
Fall	34098	MATH	1005	F2	TUT	R	2105	2155	48
Fall	34099	MATH	1005	F3	TUT	R	2105	2155	52
Fall	34100	MATH	1005	F4	TUT	R	2105	2155	52
Fall	34101	MATH	1005	F5	TUT	R	2105	2155	58
Fall	34102	MATH	1005	FT	TUT	R	2105	2155	
Winter	13784	MATH	1005	G	LEC	MW	1635	1755	204
Winter	13785	MATH	1005	G1	TUT	M	1805	1855	48
Winter	13786	MATH	1005	G2	TUT	M	1805	1855	48
Winter	13787	MATH	1005	G3	TUT	M	1805	1855	52
Winter	13788	MATH	1005	G4	TUT	M	1805	1855	52
Winter	13789	MATH	1005	G5	TUT	M	1805	1855	58
Winter	13790	MATH	1005	GT	TUT	M	1805	1855	
Fall	34103	MATH	1007	A	LEC	WF	835	955	393
Fall	34104	MATH	1007	A1	TUT	F	1135	1225	48
Fall	34105	MATH	1007	A2	TUT	F	1135	1225	52
Fall	34106	MATH	1007	A3	TUT	F	1135	1225	51
Fall	34107	MATH	1007	A4	TUT	F	1135	1225	52
Fall	34108	MATH	1007	AT	TUT	F	1135	1225	
Fall	34109	MATH	1007	B	LEC	MW	1005	1125	236
Fall	34110	MATH	1007	B1	TUT	M	1435	1525	58
Fall	34111	MATH	1007	B2	TUT	M	1435	1525	66
Fall	34112	MATH	1007	B3	TUT	M	1435	1525	154
Fall	34113	MATH	1007	B4	TUT	M	1435	1525	52
Fall	34114	MATH	1007	B5	TUT	M	1435	1525	48
Fall	34115	MATH	1007	BT	TUT	M	1435	1525	
Fall	34116	MATH	1007	C	LEC	TR	835	955	204
Fall	34117	MATH	1007	C1	TUT	R	1035	1125	56
Fall	34118	MATH	1007	C2	TUT	R	1035	1125	52
Fall	34119	MATH	1007	C3	TUT	R	1035	1125	58
Fall	34120	MATH	1007	C4	TUT	R	1035	1125	79
Fall	34121	MATH	1007	CT	TUT	R	1035	1125	
Fall	34122	MATH	1007	D	LEC	WF	1435	1555	285
Fall	34123	MATH	1007	D1	TUT	F	1635	1725	48
Fall	34124	MATH	1007	D2	TUT	F	1635	1725	58
Fall	34125	MATH	1007	D3	TUT	F	1635	1725	52
Fall	34126	MATH	1007	D4	TUT	F	1635	1725	48
Fall	34127	MATH	1007	DT	TUT	F	1635	1725	
Fall	34128	MATH	1007	E	LEC	TR	1805	1925	204
Fall	34129	MATH	1007	E1	TUT	R	1935	2025	48
Fall	34130	MATH	1007	E2	TUT	R	1935	2025	52
Fall	34131	MATH	1007	E3	TUT	R	1935	2025	58
Fall	34132	MATH	1007	E4	TUT	R	1935	2025	48
Fall	34133	MATH	1007	E5	TUT	R	1935	2025	56
Fall	34134	MATH	1007	ET	TUT	R	1935	2025	
Fall	34135	MATH	1007	F	LEC	TR	1305	1425	236
Fall	34136	MATH	1007	F1	TUT	T	1435	1525	52
Fall	34137	MATH	1007	F2	TUT	T	1435	1525	48
Fall	34138	MATH	1007	F3	TUT	T	1435	1525	52
Fall	34139	MATH	1007	F4	TUT	T	1435	1525	58
Fall	34140	MATH	1007	FT	TUT	T	1435	1525	
Winter	13791	MATH	1007	G	LEC	MW	835	955	204
Winter	13792	MATH	1007	G1	TUT	W	1635	1725	58
Winter	13793	MATH	1007	G2	TUT	W	1635	1725	84
Winter	13794	MATH	1007	G3	TUT	W	1635	1725	52
Winter	13795	MATH	1007	G4	TUT	W	1635	1725	54
Winter	13796	MATH	1007	GT	TUT	W	1635	1725	
Winter	13797	MATH	1007	H	LEC	TR	1005	1125	204
Winter	13798	MATH	1007	H1	TUT	R	1335	1425	56
Winter	13799	MATH	1007	H2	TUT	R	1335	1425	69
Winter	13800	MATH	1007	H3	TUT	R	1335	1425	58
Winter	13801	MATH	1007	H4	TUT	R	1335	1425	56
Winter	13802	MATH	1007	HT	TUT	R	1335	1425	
Winter	13803	MATH	1007	I	LEC	TR	1435	1555	96
Winter	13804	MATH	1007	I1	TUT	R	1805	1855	52
Winter	13805	MATH	1007	I2	TUT	R	1805	1855	66
Winter	13806	MATH	1007	I3	TUT	R	1805	1855	56
Winter	13807	MATH	1007	I4	TUT	R	1805	1855	55
Winter	13808	MATH	1007	IT	TUT	R	1805	1855	
Fall	34141	MATH	1009	A	LEC	MW	1305	1425	331
Fall	34142	MATH	1009	A1	TUT	W	1135	1225	57
Fall	34143	MATH	1009	A2	TUT	W	1135	1225	78
Fall	34144	MATH	1009	A3	TUT	W	1135	1225	96
Fall	34145	MATH	1009	A4	TUT	W	1135	1225	98
Fall	34146	MATH	1009	A5	TUT	W	1135	1225	56
Fall	34147	MATH	1009	AT	TUT	W	1135	1225	
Fall	34148	MATH	1009	B	LEC	TR	835	955	204
Fall	34149	MATH	1009	B1	TUT	T	1335	1425	55
Fall	34150	MATH	1009	B2	TUT	T	1335	1425	48
Fall	34151	MATH	1009	B3	TUT	T	1335	1425	79
Fall	34152	MATH	1009	B4	TUT	T	1335	1425	42
Fall	34153	MATH	1009	BT	TUT	T	1335	1425	
Winter	13809	MATH	1009	C	LEC	TR	1635	1755	236
Winter	13810	MATH	1009	C1	TUT	R	1805	1855	63
Winter	13811	MATH	1009	C2	TUT	R	1805	1855	67
Winter	13812	MATH	1009	C3	TUT	R	1805	1855	51
Winter	13813	MATH	1009	C4	TUT	R	1805	1855	69
Winter	13814	MATH	1009	CT	TUT	R	1805	1855	
Fall	34154	MATH	1052	A	LEC	TR	1005	1125	151
Fall	34155	MATH	1052	A1	TUT	R	1305	1425	78
Fall	34156	MATH	1052	A2	TUT	R	1305	1425	51
Fall	34157	MATH	1052	A3	TUT	R	1305	1425	79
Fall	34158	MATH	1052	AT	TUT	R	1305	1425	
Fall	34159	MATH	1104	A	LEC	TR	1435	1555	236
Fall	34160	MATH	1104	A1	TUT	R	1035	1125	52
Fall	34161	MATH	1104	A2	TUT	R	1035	1125	58
Fall	34162	MATH	1104	A3	TUT	R	1035	1125	66
Fall	34163	MATH	1104	A4	TUT	R	1035	1125	42
Fall	34164	MATH	1104	A5	TUT	R	1035	1125	40
Fall	34165	MATH	1104	AT	TUT	R	1035	1125	
Fall	34166	MATH	1104	B	LEC	MW	1635	1755	236
Fall	34167	MATH	1104	B1	TUT	W	1805	1855	48
Fall	34168	MATH	1104	B2	TUT	W	1805	1855	52
Fall	34169	MATH	1104	B3	TUT	W	1805	1855	58
Fall	34170	MATH	1104	B4	TUT	W	1805	1855	66
Fall	34171	MATH	1104	B5	TUT	W	1805	1855	48
Fall	34172	MATH	1104	BT	TUT	W	1805	1855	
Winter	13815	MATH	1104	C	LEC	TR	1435	1555	236
Winter	13816	MATH	1104	C1	TUT	R	1335	1425	48
Winter	13817	MATH	1104	C2	TUT	R	1335	1425	52
Winter	13818	MATH	1104	C3	TUT	R	1335	1425	58
Winter	13819	MATH	1104	C4	TUT	R	1335	1425	98
Winter	13820	MATH	1104	C5	TUT	R	1335	1425	84
Winter	13821	MATH	1104	CT	TUT	R	1335	1425	
Winter	13822	MATH	1104	D	LEC	WF	1605	1725	236
Winter	13823	MATH	1104	D1	TUT	W	1735	1825	58
Winter	13824	MATH	1104	D2	TUT	W	1735	1825	52
Winter	13825	MATH	1104	D3	TUT	W	1735	1825	52
Winter	13826	MATH	1104	D4	TUT	W	1735	1825	56
Winter	13827	MATH	1104	D5	TUT	W	1735	1825	55
Winter	13828	MATH	1104	DT	TUT	W	1735	1825	
Winter	13829	MATH	1104	E	LEC	WF	1135	1255	386
Winter	13830	MATH	1104	E1	TUT	F	1335	1425	48
Winter	13831	MATH	1104	E2	TUT	F	1335	1425	52
Winter	13832	MATH	1104	E3	TUT	F	1335	1425	79
Winter	13833	MATH	1104	E4	TUT	F	1335	1425	52
Winter	13834	MATH	1104	E5	TUT	F	1335	1425	58
Winter	13835	MATH	1104	ET	TUT	F	1335	1425	
Winter	13836	MATH	1104	F	LEC	MW	835	955	236
Winter	13837	MATH	1104	F1	TUT	M	1435	1525	98
Winter	13838	MATH	1104	F2	TUT	M	1435	1525	94
Winter	13839	MATH	1104	F3	TUT	M	1435	1525	57
Winter	13840	MATH	1104	F4	TUT	M	1435	1525	67
Winter	13841	MATH	1104	F5	TUT	M	1435	1525	58
Winter	13842	MATH	1104	FT	TUT	M	1435	1525	
Winter	13843	MATH	1104	G	LEC	MW	1805	1925	236
Winter	13844	MATH	1104	G1	TUT	M	1935	2025	48
Winter	13845	MATH	1104	G2	TUT	M	1935	2025	48
Winter	13846	MATH	1104	G3	TUT	M	1935	2025	52
Winter	13847	MATH	1104	G4	TUT	M	1935	2025	58
Winter	13848	MATH	1104	G5	TUT	M	1935	2025	66
Winter	13849	MATH	1104	GT	TUT	M	1935	2025	
Winter	13850	MATH	1104	H	LEC	TR	1935	2055	236
Winter	13851	MATH	1104	H1	TUT	R	2105	2155	48
Winter	13852	MATH	1104	H2	TUT	R	2105	2155	48
Winter	13853	MATH	1104	H3	TUT	R	2105	2155	52
Winter	13854	MATH	1104	H4	TUT	R	2105	2155	58
Winter	13855	MATH	1104	H5	TUT	R	2105	2155	66
Winter	13856	MATH	1104	HT	TUT	R	2105	2155	
Winter	13857	MATH	1104	I	LEC	MW	1935	2055	204
Winter	13858	MATH	1104	I1	TUT	W	2105	2155	48
Winter	13859	MATH	1104	I2	TUT	W	2105	2155	48
Winter	13860	MATH	1104	I3	TUT	W	2105	2155	52
Winter	13861	MATH	1104	I4	TUT	W	2105	2155	52
Winter	13862	MATH	1104	I5	TUT	W	2105	2155	58
Winter	13863	MATH	1104	IT	TUT	W	2105	2155	
Winter	13864	MATH	1104	J	LEC	TR	1005	1125	236
Winter	13865	MATH	1104	J1	TUT	T	835	925	48
Winter	13866	MATH	1104	J2	TUT	T	835	925	52
Winter	13867	MATH	1104	J3	TUT	T	835	925	52
Winter	13868	MATH	1104	J4	TUT	T	835	925	63
Winter	13869	MATH	1104	J5	TUT	T	835	925	67
Winter	13870	MATH	1104	JT	TUT	T	835	925	
Winter	13871	MATH	1107	A	LEC	MW	1135	1255	108
Winter	13872	MATH	1107	A1	TUT	M	1335	1425	56
Winter	13873	MATH	1107	A2	TUT	M	1335	1425	52
Winter	13874	MATH	1107	A3	TUT	M	1335	1425	96
Winter	13875	MATH	1107	A4	TUT	M	1335	1425	78
Winter	13876	MATH	1107	A5	TUT	M	1335	1425	48
Winter	13877	MATH	1107	AT	TUT	M	1335	1425	
Winter	13878	MATH	1107	B	LEC	TR	1305	1425	204
Winter	13879	MATH	1107	B1	TUT	R	1535	1625	48
Winter	13880	MATH	1107	B2	TUT	R	1535	1625	52
Winter	13881	MATH	1107	B3	TUT	R	1535	1625	58
Winter	13882	MATH	1107	B4	TUT	R	1535	1625	67
Winter	13883	MATH	1107	BT	TUT	R	1535	1625	
Winter	13884	MATH	1107	C	LEC	TR	1805	1925	204
Winter	13885	MATH	1107	C1	TUT	R	1935	2025	48
Winter	13886	MATH	1107	C2	TUT	R	1935	2025	48
Winter	13887	MATH	1107	C3	TUT	R	1935	2025	52
Winter	13888	MATH	1107	C4	TUT	R	1935	2025	58
Winter	13889	MATH	1107	CT	TUT	R	1935	2025	
Fall	34173	MATH	1107	E	LEC	TR	1305	1425	204
Fall	34174	MATH	1107	E1	TUT	T	1435	1525	52
Fall	34175	MATH	1107	E2	TUT	T	1435	1525	55
Fall	34176	MATH	1107	E3	TUT	T	1435	1525	58
Fall	34177	MATH	1107	E4	TUT	T	1435	1525	42
Fall	34178	MATH	1107	ET	TUT	T	1435	1525	
Fall	34179	MATH	1107	F	LEC	WF	1135	1255	204
Fall	34180	MATH	1107	F1	TUT	F	1435	1525	48
Fall	34181	MATH	1107	F2	TUT	F	1435	1525	52
Fall	34182	MATH	1107	F3	TUT	F	1435	1525	52
Fall	34183	MATH	1107	F4	TUT	F	1435	1525	66
Fall	34184	MATH	1107	FT	TUT	F	1435	1525	
Fall	34185	MATH	1152	A	LEC	TR	1435	1555	98
Fall	34186	MATH	1152	A1	TUT	T	1735	1855	76
Fall	34187	MATH	1152	A2	TUT	T	1735	1855	58
Fall	34188	MATH	1152	A3	TUT	T	1735	1855	63
Fall	34189	MATH	1152	AT	TUT	T	1735	1855	
Fall	34190	MATH	1800	A	LEC	MW	1605	1725	120
Fall	34191	MATH	1800	A1	TUT	W	1735	1825	84
Fall	34192	MATH	1800	A2	TUT	W	1735	1825	52
Fall	34193	MATH	1800	A3	TUT	W	1735	1825	52
Fall	34194	MATH	1800	AT	TUT	W	1735	1825	
Winter	13890	MATH	1800	B	LEC	WF	1135	1255	63
Winter	13891	MATH	1800	B1	TUT	W	1805	1855	48
Winter	13892	MATH	1800	B2	TUT	W	1805	1855	52
Winter	13893	MATH	1800	BT	TUT	W	1805	1855	
Fall	34195	MATH	2000	A	LEC	TR	1005	1125	78
Winter	13894	MATH	2000	A	LEC	TR	1005	1125	78
Fall	34196	MATH	2000	A1	TUT	T	1305	1425	79
Winter	13895	MATH	2000	A1	TUT	T	1305	1425	79
Fall	34197	MATH	2000	A2	TUT	T	1305	1425	59
Winter	13896	MATH	2000	A2	TUT	T	1305	1425	78
Fall	34198	MATH	2004	A	LEC	WF	1305	1425	204
Fall	34199	MATH	2004	A1	TUT	F	1635	1725	56
Fall	34200	MATH	2004	A2	TUT	F	1635	1725	66
Fall	34201	MATH	2004	A3	TUT	F	1635	1725	55
Fall	34202	MATH	2004	A4	TUT	F	1635	1725	52
Fall	34203	MATH	2004	A5	TUT	F	1635	1725	52
Fall	34204	MATH	2004	AT	TUT	F	1635	1725	
Winter	13897	MATH	2004	B	LEC	WF	1005	1125	192
Winter	13898	MATH	2004	B1	TUT	W	1635	1725	63
Winter	13899	MATH	2004	B2	TUT	W	1635	1725	52
Winter	13900	MATH	2004	B3	TUT	W	1635	1725	52
Winter	13901	MATH	2004	B4	TUT	W	1635	1725	52
Winter	13902	MATH	2004	BT	TUT	W	1635	1725	
Winter	13903	MATH	2004	C	LEC	MW	1805	1925	204
Winter	13904	MATH	2004	C1	TUT	M	1935	2025	52
Winter	13905	MATH	2004	C2	TUT	M	1935	2025	78
Winter	13906	MATH	2004	C3	TUT	M	1935	2025	63
Winter	13907	MATH	2004	C4	TUT	M	1935	2025	67
Winter	13908	MATH	2004	CT	TUT	M	1935	2025	
Winter	13909	MATH	2004	D	LEC	WF	1135	1255	120
Winter	13910	MATH	2004	D1	TUT	F	1635	1725	63
Winter	13911	MATH	2004	D2	TUT	F	1635	1725	52
Winter	13912	MATH	2004	D3	TUT	F	1635	1725	52
Winter	13913	MATH	2004	DT	TUT	F	1635	1725	
Winter	13914	MATH	2004	E	LEC	TR	1005	1125	236
Winter	13915	MATH	2004	E1	TUT	R	1805	1855	58
Winter	13916	MATH	2004	E2	TUT	R	1805	1855	66
Winter	13917	MATH	2004	E3	TUT	R	1805	1855	84
Winter	13918	MATH	2004	E4	TUT	R	1805	1855	52
Winter	13919	MATH	2004	ET	TUT	R	1805	1855	
Fall	34205	MATH	2007	A	LEC	TR	1735	1855	386
Fall	34206	MATH	2007	A1	TUT	T	1905	1955	52
Fall	34207	MATH	2007	A2	TUT	T	1905	1955	52
Fall	34208	MATH	2007	A3	TUT	T	1905	1955	52
Fall	34209	MATH	2007	A4	TUT	T	1905	1955	58
Fall	34210	MATH	2007	AT	TUT	T	1905	1955	
Winter	13920	MATH	2007	C	LEC	TR	1005	1125	204
Winter	13921	MATH	2007	C1	TUT	R	1435	1525	52
Winter	13922	MATH	2007	C2	TUT	R	1435	1525	58
Winter	13923	MATH	2007	C3	TUT	R	1435	1525	47
Winter	13924	MATH	2007	C4	TUT	R	1435	1525	48
Winter	13925	MATH	2007	CT	TUT	R	1435	1525	
Fall	34211	MATH	2008	A	LEC	WF	1435	1555	52
Fall	34212	MATH	2008	A1	TUT	F	1635	1725	84
Winter	13926	MATH	2008	B	LEC	MW	1305	1425	79
Winter	13927	MATH	2008	B1	TUT	M	1735	1825	66
Winter	13928	MATH	2052	A	LEC	TR	1005	1125	96
Winter	13929	MATH	2052	A1	TUT	R	1305	1425	55
Winter	13930	MATH	2052	A2	TUT	R	1305	1425	78
Winter	13931	MATH	2052	A3	TUT	R	1305	1425	66
Winter	13932	MATH	2052	AT	TUT	R	1305	1425	
Fall	34213	MATH	2100	A	LEC	TR	1435	1555	51
Winter	13933	MATH	2100	A	LEC	TR	1435	1555	63
Fall	34214	MATH	2100	A1	TUT	R	1805	1925	42
Winter	13934	MATH	2100	A1	TUT	R	1805	1925	42
Fall	34215	MATH	2107	A	LEC	TR	1005	1125	204
Fall	34216	MATH	2107	A1	TUT	R	1435	1525	52
Fall	34217	MATH	2107	A2	TUT	R	1435	1525	48
Fall	34218	MATH	2107	A3	TUT	R	1435	1525	52
Fall	34219	MATH	2107	A4	TUT	R	1435	1525	58
Fall	34220	MATH	2107	AT	TUT	R	1435	1525	
Winter	13935	MATH	2107	B	LEC	TR	1305	1425	204
Winter	13936	MATH	2107	B1	TUT	T	1535	1625	52
Winter	13937	MATH	2107	B2	TUT	T	1535	1625	48
Winter	13938	MATH	2107	B3	TUT	T	1535	1625	52
Winter	13939	MATH	2107	B4	TUT	T	1535	1625	52
Winter	13940	MATH	2107	BT	TUT	T	1535	1625	
Winter	13941	MATH	2108	B	LEC	TR	1435	1555	78
Winter	13942	MATH	2108	B1	TUT	R	1635	1725	48
Winter	13943	MATH	2152	A	LEC	TR	1435	1555	236
Winter	13944	MATH	2152	A1	TUT	R	1805	1925	48
Winter	13945	MATH	2152	A2	TUT	R	1805	1925	48
Winter	13946	MATH	2152	A3	TUT	R	1805	1925	52
Winter	13947	MATH	2152	AT	TUT	R	1805	1925	
Fall	34221	MATH	2404	A	LEC	MW	1005	1125	48
Fall	34222	MATH	2404	A1	TUT	M	1835	1925	48
Fall	34223	MATH	2454	A	LEC	MW	835	955	80
Fall	34224	MATH	2454	A1	TUT	M	1035	1125	56
Fall	34225	MATH	2454	A2	TUT	M	1035	1125	40
Fall	34226	MATH	2907	A	DIR				
Winter	13948	MATH	2907	B	DIR				
Winter	13949	MATH	2907	C	DIR				
Fall	34227	MATH	3001	A	LEC	WF	1005	1125	40
Fall	34228	MATH	3001	A1	TUT	F	1635	1725	42
Winter	13950	MATH	3003	A	LEC	WF	835	955	48
Winter	13951	MATH	3003	A1	TUT	F	1635	1725	30
Fall	34229	MATH	3007	A	LEC				
Fall	34230	MATH	3007	A1	TUT				
Winter	13952	MATH	3008	A	LEC	MW	1005	1125	23
Winter	13953	MATH	3008	A1	TUT	W	1635	1725	23
Fall	34231	MATH	3057	A	LEC	MW	1435	1555	97
Fall	34232	MATH	3057	A1	TUT	W	1735	1825	27
Winter	13954	MATH	3101	B	LEC	TR	1435	1555	78
Winter	13955	MATH	3101	B1	TUT	R	1635	1725	48
Fall	34233	MATH	3106	A	LEC	WF	835	955	29
Fall	34234	MATH	3106	A1	TUT	F	1435	1525	48
Winter	13956	MATH	3107	A	LEC	MW	1435	1555	52
Winter	13957	MATH	3107	A1	TUT	M	1135	1225	115
Winter	13958	MATH	3158	A	LEC	TR	1005	1125	31
Winter	13959	MATH	3158	A1	TUT	W	1135	1225	31
Winter	13960	MATH	3306	A	LEC	TR	1305	1425	47
Winter	13961	MATH	3306	A1	TUT				
Fall	34235	MATH	3705	A	LEC	WF	835	955	204
Fall	34236	MATH	3705	A1	TUT	F	1035	1125	48
Fall	34237	MATH	3705	A2	TUT	F	1035	1125	48
Fall	34238	MATH	3705	A3	TUT	F	1035	1125	52
Fall	34239	MATH	3705	A4	TUT	F	1035	1125	52
Fall	34240	MATH	3705	AT	TUT	F	1035	1125	
Fall	34241	MATH	3705	B	LEC	WF	1305	1425	204
Fall	34242	MATH	3705	B1	TUT	F	1735	1825	54
Fall	34243	MATH	3705	B2	TUT	F	1735	1825	56
Fall	34244	MATH	3705	B3	TUT	F	1735	1825	58
Fall	34245	MATH	3705	B4	TUT	F	1735	1825	47
Fall	34246	MATH	3705	BT	TUT	F	1735	1825	
Winter	13962	MATH	3705	C	LEC	TR	835	955	236
Winter	13963	MATH	3705	C1	TUT	T	1735	1825	48
Winter	13964	MATH	3705	C2	TUT	T	1735	1825	48
Winter	13965	MATH	3705	C3	TUT	T	1735	1825	52
Winter	13966	MATH	3705	C4	TUT	T	1735	1825	58
Winter	13967	MATH	3705	C5	TUT	T	1735	1825	66
Winter	13968	MATH	3705	CT	TUT	T	1735	1825	
Fall	34247	MATH	3800	A	LEC	TR	1005	1125	9000
Fall	34248	MATH	3800	A1	LAB	T	1135	1225	9000
Fall	34249	MATH	3800	A2	LAB	T	1235	1325	9000
Fall	34250	MATH	3800	A3	LAB	R	1135	1225	9000
Fall	34251	MATH	3800	A4	LAB	R	1235	1325	9000
Winter	13969	MATH	3800	D	LEC	TR	1005	1125	9000
Winter	13970	MATH	3800	D1	LAB	T	1235	1325	9000
Winter	13971	MATH	3800	D2	LAB	T	1135	1225	9000
Winter	13972	MATH	3800	D3	LAB	R	1135	1225	9000
Winter	13973	MATH	3800	D4	LAB	T	1335	1425	9000
Fall	34252	MATH	3801	A	LEC	TR	1635	1755	67
Fall	34253	MATH	3801	A1	TUT	T	1805	1855	96
Winter	13974	MATH	3802	A	LEC				
Winter	13975	MATH	3802	A1	TUT				
Fall	34254	MATH	3804	A	LEC	MW	1435	1555	9000
Winter	13976	MATH	3804	A	LEC	TR	835	955	331
Fall	34255	MATH	3804	A1	TUT	F	835	955	9000
Winter	13977	MATH	3804	A1	TUT	F	1005	1125	331
Fall	34256	MATH	3804	B	LEC	TR	1305	1425	9000
Winter	13978	MATH	3804	B	LEC	MW	1005	1125	285
Fall	34257	MATH	3804	B1	TUT	F	1005	1125	9000
Winter	13979	MATH	3804	B1	TUT	F	1005	1125	386
Fall	34258	MATH	3806	A	LEC	TR	1005	1125	48
Fall	34259	MATH	3806	A1	LAB	T	1335	1425	25
Fall	34260	MATH	3806	A2	LAB	T	1235	1325	25
Winter	13980	MATH	3808	A	LEC	MW	1435	1555	52
Winter	13981	MATH	3808	A1	TUT	W	1635	1725	76
Fall	34261	MATH	3809	A	LEC	TR	835	955	30
Fall	34262	MATH	3809	A1	TUT	R	1135	1225	97
Fall	34263	MATH	3825	A	LEC	MW	1135	1255	47
Fall	34264	MATH	3825	A1	TUT	M	1335	1425	47
Fall	34265	MATH	3855	A	LEC	MW	1135	1255	47
Fall	34266	MATH	3855	A1	TUT	M	1335	1425	47
Fall	34267	MATH	3907	A	DIR				
Winter	13982	MATH	3907	A	DIR				
Fall	34268	MATH	3907	B	DIR				
Winter	13983	MATH	3907	B	DIR				
Fall	34269	MATH	3999	A	WRK				
Winter	13984	MATH	3999	A	WRK				
Fall	34270	MATH	4007	A	LEC	TR	1435	1555	40
Winter	13985	MATH	4102	A	LEC	TR	835	955	34
Fall	34271	MATH	4107	A	LEC	TR	1005	1125	40
Fall	34272	MATH	4109	A	LEC	TR	1135	1255	35
Winter	13986	MATH	4206	A	LEC	TR	1435	1555	30
Winter	13987	MATH	4305	A	LEC	TR	1135	1255	25
Fall	34273	MATH	4700	A	LEC				
Winter	13988	MATH	4701	A	LEC				
Fall	34274	MATH	4708	A	LEC	TR	1605	1725	42
Fall	34275	MATH	4803	A	LEC	WF	835	955	42
Winter	13989	MATH	4806	A	LEC	MW	1605	1725	52
Fall	34276	MATH	4811	A	LEC	MW	1005	1125	18
Fall	34277	MATH	4821	A	LEC	TR	835	955	42
Winter	13990	MATH	4822	A	LEC	TR	1605	1725	40
Fall	34278	MATH	4905	A	HON				
Winter	13991	MATH	4905	A	HON				
Fall	34279	MATH	4905	B	HON				
Winter	13992	MATH	4905	B	HON				
Fall	34280	MATH	4905	C	HON				
Winter	13993	MATH	4905	C	HON				
Winter	13994	MATH	4907	0	LEC				
Fall	34281	MATH	4907	A	LEC	F	2035	2155	15
Winter	15682	MATH	4907	A	LEC				
Fall	35955	MATH	4907	B	DIR				
Winter	14010	MECH	3002	A	LEC	TR	1435	1555	102
Winter	14011	MECH	3002	B	LEC	TR	1005	1125	96
Winter	14012	MECH	3002	L1	LAB	M	1435	1725	58
Winter	14013	MECH	3002	L2	LAB	M	1805	2055	52
Winter	14014	MECH	3002	L3	LAB	R	1135	1425	54
Winter	14015	MECH	3002	L4	LAB				
Fall	34293	MECH	3310	A	LEC	MW	1005	1125	42
Fall	34294	MECH	3310	A1	LAB	M	1435	1725	40
Winter	14016	MECH	3700	A	LEC	MW	1305	1425	204
Winter	14017	MECH	3700	L1	LAB	T	835	1125	78
Winter	14018	MECH	3700	L2	LAB	F	1435	1725	54
Winter	14019	MECH	3710	A	LEC	TR	835	955	40
Winter	14020	MECH	3710	L1	LAB	F	1435	1725	10
Fall	34295	MECH	4003	A	LEC	TR	1605	1725	96
Fall	34296	MECH	4003	L1	LAB	W	1435	1725	58
Fall	34297	MECH	4003	L2	LAB	W	835	1125	42
Fall	34298	MECH	4006	A	LEC	WF	1135	1255	58
Winter	14021	MECH	4007	A	LEC	TR	1005	1125	51
Winter	14022	MECH	4013	A	LEC	TR	835	955	42
Winter	14023	MECH	4013	L1	LAB	W	835	1125	10
Winter	14024	MECH	4013	L2	LAB	R	1435	1725	10
Winter	14025	MECH	4013	L3	LAB	W	1435	1725	10
Winter	14026	MECH	4013	L4	LAB				
Winter	14027	MECH	4101	A	LEC	TR	1005	1125	23
Winter	14028	MECH	4103	A	LEC	MW	1135	1255	52
Fall	34299	MECH	4104	A	LEC	TR	1005	1125	50
Fall	34300	MECH	4105	A	LEC	M	1805	2055	393
Winter	14029	MECH	4106	A	LEC	T	1805	2055	393
Fall	34301	MECH	4210	A	LEC	TR	1135	1255	51
Fall	34302	MECH	4210	L1	LAB	W	1435	1725	54
Winter	14030	MECH	4403	A	LEC	MW	1305	1425	42
Fall	34303	MECH	4406	A	LEC	MW	1305	1425	236
Fall	34304	MECH	4406	L1	LAB	M	1435	1725	40
Fall	34305	MECH	4406	L2	LAB	T	1805	2055	40
Fall	34306	MECH	4406	L3	LAB	F	1435	1725	52
Fall	34307	MECH	4406	L4	LAB	T	835	1125	40
Fall	34308	MECH	4406	L5	LAB	W	835	1125	40
Fall	34309	MECH	4406	PA1	PAN	R	1805	2055	192
Winter	14031	MECH	4407	A	LEC	W	1805	2055	48
Winter	14032	MECH	4408	A	LEC	TR	1135	1255	115
Fall	34310	MECH	4501	A	LEC	TR	1005	1125	18
Fall	34311	MECH	4503	A	LEC	TR	1135	1255	54
Winter	14033	MECH	4503	A	LEC	TR	1305	1425	58
Fall	35778	MECH	4604	A	LEC	WF	1735	1855	98
Winter	14034	MECH	4604	A	LEC				
Fall	34312	MECH	4705	A	LEC	MW	1305	1425	52
Winter	14035	MECH	4705	B	LEC	MW	1305	1425	52
Fall	34313	MECH	4806	A	LEC	TR	1605	1725	47
Winter	14036	MECH	4806	A	LEC	WF	1435	1555	52
Fall	34330	MEMS	2001	A	LEC	TR	1135	1255	52
Winter	14053	MEMS	3001	A	LEC	W	1135	1425	27
Fall	34331	MGDS	2000	A	LEC	R	1435	1725	42
Fall	34332	MGDS	4900	A	SEM	W	1435	1725	25
Winter	14054	MGDS	4900	B	SEM				
Fall	34358	MPAD	1001	A	LEC	R	1135	1425	66
Fall	34359	MPAD	1001	B	LEC				
Winter	14080	MPAD	1002	A	WKS	T	1805	2055	66
Winter	14081	MPAD	1002	B	WKS	R	1135	1425	66
Fall	34360	MPAD	2001	A	WKS	T	835	1125	27
Fall	34361	MPAD	2001	B	WKS	T	1435	1725	27
Winter	14082	MPAD	2002	A	WKS	T	1135	1425	27
Winter	14083	MPAD	2002	B	WKS	W	1435	1725	24
Fall	34362	MPAD	2003	A	WKS	W	1805	2055	56
Fall	34363	MPAD	2004	A	WKS	R	1435	1725	25
Fall	34364	MPAD	2004	B	WKS	T	1135	1425	27
Fall	34365	MPAD	2501	A	LEC	T	1805	2055	236
Winter	14084	MPAD	3001	A	LEC	W	1135	1425	57
Fall	34366	MPAD	3002	A	LEC	W	1435	1725	58
Winter	14085	MPAD	3003	A	WKS	T	1135	1425	25
Winter	14086	MPAD	3003	B	WKS	R	1435	1725	25
Fall	34367	MPAD	3300	A	LEC	T	1135	1425	151
Winter	14087	MPAD	3501	A	LEC	T	1805	2055	9000
Fall	34368	MPAD	3999	A	WRK				
Winter	14088	MPAD	3999	A	WRK				
Fall	34369	MPAD	4000	A	CAP	M	835	1125	42
Winter	14089	MPAD	4000	A	CAP	M	835	1125	42
Winter	14090	MPAD	4001	A	LEC	M	1135	1425	154
Fall	34370	MPAD	4200	A	LEC	M	1805	2055	25
Fall	34371	MPAD	4300	A	SEM	W	1805	2055	42
Fall	35952	MPAD	4400	A	DIR				
Winter	15645	MPAD	4400	B	DIR				
Fall	35880	MPAD	4403	A	LEC	T	1805	2055	27
Fall	34372	MPAD	4500	A	SEM				
Winter	14091	MPAD	4500	B	SEM	R	1135	1425	25
Winter	14092	MPAD	4503	A	SEM	M	1435	1725	25
Fall	35875	MPAD	4906	A	CAP	M	1435	1725	20
Winter	15550	MPAD	4906	A	CAP	M	1435	1725	20
Fall	34373	MUSI	1000	A	LEC	WF	1135	1255	75
Fall	34374	MUSI	1001	A	LEC				
Winter	14093	MUSI	1001	B	LEC	R	1435	1725	79
Fall	34375	MUSI	1002	A	LEC	M	1135	1425	348
Winter	14094	MUSI	1003	B	LEC	W	1435	1725	151
Fall	34376	MUSI	1107	A	LEC	TR	835	955	75
Fall	34377	MUSI	1700	A	LEC	WF	1305	1425	75
Winter	14095	MUSI	1701	B	LEC	TR	1135	1255	75
Fall	34378	MUSI	1711	A	LEC	MW	1005	1125	75
Winter	14096	MUSI	1720	B	LEC	M	1435	1725	75
Fall	34379	MUSI	1900	A	OTH	F	1435	1725	444
Winter	14097	MUSI	1900	B	OTH	F	1435	1725	444
Fall	34380	MUSI	1901	A	OTH	F	1435	1725	444
Winter	14098	MUSI	1901	B	OTH	F	1435	1725	444
Fall	34381	MUSI	1912	A	OTH	W	1435	1725	75
Winter	14099	MUSI	1913	A	OTH	W	1435	1725	75
Fall	34382	MUSI	1914	A	OTH	M	1135	1425	75
Fall	34383	MUSI	1914	B	OTH	W	1905	2155	90
Fall	34384	MUSI	1914	C	OTH	R	1905	2155	90
Fall	34385	MUSI	1914	D	OTH	T	1805	2055	75
Fall	34386	MUSI	1914	G	OTH				
Fall	34387	MUSI	1914	I	OTH	M	1805	2055	75
Fall	34388	MUSI	1914	J	OTH	W	1835	2125	75
Fall	34389	MUSI	1914	K	OTH				
Fall	35838	MUSI	1914	M	OTH	M	1435	1725	22
Fall	34390	MUSI	1914	N	OTH	F	835	1125	75
Fall	34391	MUSI	1914	O	OTH	R	1435	1725	22
Winter	14100	MUSI	1915	A	OTH	M	1135	1425	75
Winter	14101	MUSI	1915	B	OTH	W	1905	2155	90
Winter	14102	MUSI	1915	C	OTH	R	1905	2155	90
Winter	14103	MUSI	1915	D	OTH	T	1805	2055	75
Winter	14104	MUSI	1915	G	OTH				
Winter	14105	MUSI	1915	I	OTH	M	1805	2055	75
Winter	14106	MUSI	1915	J	OTH	W	1805	2055	75
Winter	14107	MUSI	1915	K	OTH				
Winter	14108	MUSI	1915	M	OTH	M	1435	1725	22
Winter	14109	MUSI	1915	N	OTH	F	835	1125	75
Fall	34392	MUSI	2005	A	LEC	R	1805	2055	75
Winter	14110	MUSI	2007	B	LEC	M	1435	1725	151
Fall	34393	MUSI	2008	A	LEC	TR	1005	1125	75
Fall	34394	MUSI	2601	A	LEC				
Winter	14111	MUSI	2602	B	LEC	W	1435	1725	22
Fall	34395	MUSI	2605	A	LEC	R	1135	1425	75
Fall	34396	MUSI	2607	A	LEC	W	1435	1725	52
Fall	34397	MUSI	2608	B	LEC				
Winter	15447	MUSI	2608	B	LEC				
Fall	34398	MUSI	2700	A	LEC	MW	835	955	75
Winter	14112	MUSI	2701	B	LEC	T	835	1125	75
Fall	34399	MUSI	2710	A	LEC	M	1435	1725	75
Winter	14113	MUSI	2711	A	LEC	MW	1005	1125	75
Fall	34400	MUSI	2900	A	OTH	F	1435	1725	444
Winter	14114	MUSI	2900	B	OTH	F	1435	1725	444
Fall	34401	MUSI	2901	A	OTH	F	1435	1725	444
Winter	14115	MUSI	2901	B	OTH	F	1435	1725	444
Fall	34402	MUSI	2912	A	OTH	W	1435	1725	75
Winter	14116	MUSI	2913	A	OTH	W	1435	1725	75
Fall	34403	MUSI	2914	A	OTH	M	1135	1425	75
Fall	34404	MUSI	2914	B	OTH	W	1905	2155	90
Fall	34405	MUSI	2914	C	OTH	R	1905	2155	90
Fall	34406	MUSI	2914	D	OTH	T	1805	2055	75
Fall	34407	MUSI	2914	G	OTH				
Fall	34408	MUSI	2914	I	OTH	M	1805	2055	75
Fall	34409	MUSI	2914	J	OTH	W	1835	2125	75
Fall	34410	MUSI	2914	K	OTH				
Fall	35839	MUSI	2914	M	OTH	M	1435	1725	22
Fall	34411	MUSI	2914	N	OTH	F	835	1125	75
Fall	34412	MUSI	2914	O	OTH	R	1435	1725	22
Winter	14117	MUSI	2915	A	OTH	M	1135	1425	75
Winter	14118	MUSI	2915	B	OTH	W	1905	2155	90
Winter	14119	MUSI	2915	C	OTH	R	1905	2155	90
Winter	14120	MUSI	2915	D	OTH	T	1805	2055	75
Winter	14121	MUSI	2915	G	OTH				
Winter	14122	MUSI	2915	I	OTH	M	1805	2055	75
Winter	14123	MUSI	2915	J	OTH	W	1805	2055	75
Winter	14124	MUSI	2915	K	OTH				
Winter	14125	MUSI	2915	M	OTH	M	1435	1725	22
Winter	14126	MUSI	2915	N	OTH	F	835	1125	75
Winter	14127	MUSI	3000	B	LEC	R	1435	1725	75
Fall	34413	MUSI	3103	A	LEC	W	1435	1725	42
Winter	14128	MUSI	3104	B	LEC	R	835	1125	40
Winter	14129	MUSI	3108	B	SEM	M	1135	1425	66
Fall	34414	MUSI	3200	A	SEM	W	1135	1425	22
Winter	14130	MUSI	3200	B	LEC	R	1335	1725	83
Fall	34415	MUSI	3201	A	SEM	W	835	1125	22
Winter	14131	MUSI	3201	B	LEC	M	1135	1425	27
Winter	14132	MUSI	3201	D	LEC	W	835	1125	40
Fall	34416	MUSI	3205	A	SEM				
Winter	14133	MUSI	3205	B	SEM				
Fall	34417	MUSI	3206	A	SEM				
Winter	14134	MUSI	3206	B	SEM				
Winter	14135	MUSI	3302	B	LEC				
Fall	34418	MUSI	3303	A	LEC				
Winter	14136	MUSI	3402	B	LEC	W	1435	1625	83
Winter	14137	MUSI	3402	BF	FLM	W	1135	1425	83
Winter	14138	MUSI	3408	B	SEM	T	1135	1425	42
Fall	34419	MUSI	3602	A	LEC				
Winter	14139	MUSI	3606	B	LEC	T	1135	1425	22
Fall	34420	MUSI	3701	A	WKS	T	1435	1725	75
Fall	34421	MUSI	3710	A	LEC	T	1135	1425	75
Fall	34422	MUSI	3900	A	OTH	F	1435	1725	444
Winter	14140	MUSI	3900	B	OTH	F	1435	1725	444
Fall	34423	MUSI	3901	A	OTH	F	1435	1725	444
Winter	14141	MUSI	3901	B	OTH	F	1435	1725	444
Fall	34424	MUSI	3912	A	OTH	W	1435	1725	75
Winter	14142	MUSI	3913	A	OTH	W	1435	1725	75
Fall	34425	MUSI	3914	A	OTH	M	1135	1425	75
Fall	34426	MUSI	3914	B	OTH	W	1905	2155	90
Fall	34427	MUSI	3914	C	OTH	R	1905	2155	90
Fall	34428	MUSI	3914	D	OTH	T	1805	2055	75
Fall	34429	MUSI	3914	G	OTH				
Fall	34430	MUSI	3914	I	OTH	M	1805	2055	75
Fall	34431	MUSI	3914	J	OTH	W	1835	2125	75
Fall	34432	MUSI	3914	K	OTH				
Fall	35840	MUSI	3914	M	OTH	M	1435	1725	22
Fall	34433	MUSI	3914	N	OTH	F	835	1125	75
Fall	34434	MUSI	3914	O	OTH	R	1435	1725	22
Winter	14143	MUSI	3915	A	OTH	M	1135	1425	75
Winter	14144	MUSI	3915	B	OTH	W	1905	2155	90
Winter	14145	MUSI	3915	C	OTH	R	1905	2155	90
Winter	14146	MUSI	3915	D	OTH	T	1805	2055	75
Winter	14147	MUSI	3915	G	OTH				
Winter	14148	MUSI	3915	I	OTH	M	1805	2055	75
Winter	14149	MUSI	3915	J	OTH	W	1805	2055	75
Winter	14150	MUSI	3915	K	OTH				
Winter	14151	MUSI	3915	M	OTH	M	1435	1725	22
Winter	14152	MUSI	3915	N	OTH	F	835	1125	75
Fall	34435	MUSI	4000	A	OTH	F	1435	1725	444
Winter	14153	MUSI	4000	B	OTH	F	1435	1725	444
Fall	34436	MUSI	4001	A	OTH	F	1435	1725	444
Winter	14154	MUSI	4001	B	OTH	F	1435	1725	444
Fall	34437	MUSI	4002	A	OTH	F	1435	1725	444
Winter	14155	MUSI	4002	B	OTH	F	1435	1725	444
Fall	34438	MUSI	4003	A	OTH	F	1435	1725	444
Winter	14156	MUSI	4003	B	OTH	F	1435	1725	444
Fall	34439	MUSI	4007	A	SEM	T	835	1125	22
Winter	14157	MUSI	4102	B	SEM	R	835	1125	12
Winter	14158	MUSI	4105	B	SEM	T	1435	1725	75
Fall	34440	MUSI	4200	A	SEM	W	1135	1425	12
Fall	34441	MUSI	4200	B	SEM	W	1435	1725	22
Fall	34442	MUSI	4201	A	SEM	T	1435	1725	22
Winter	14159	MUSI	4201	B	SEM	T	835	1125	52
Fall	34443	MUSI	4205	A	OTH				
Winter	14160	MUSI	4205	A	OTH				
Fall	34444	MUSI	4206	A	OTH				
Winter	14161	MUSI	4206	B	OTH				
Fall	34445	MUSI	4602	A	LEC				
Fall	34446	MUSI	4700	A	SEM				
Winter	14162	MUSI	4701	B	SEM	W	1135	1425	75
Fall	34447	MUSI	4800	A	PRC				
Winter	14163	MUSI	4800	B	PRC				
Fall	34448	MUSI	4801	A	PRC				
Winter	14164	MUSI	4801	B	PRC				
Fall	34449	MUSI	4906	A	IND				
Winter	14165	MUSI	4906	A	IND				
Winter	14166	MUSI	4906	B	IND				
Fall	34450	MUSI	4906	C	IND				
Fall	34451	MUSI	4908	A	HON				
Winter	14167	MUSI	4908	A	HON				
Fall	34452	MUSI	4909	A	IND				
Winter	14168	MUSI	4909	A	IND				
Fall	34453	MUSI	4912	A	OTH	W	1435	1725	75
Winter	14169	MUSI	4913	A	OTH	W	1435	1725	75
Fall	34454	MUSI	4914	A	OTH	M	1135	1425	75
Fall	34455	MUSI	4914	B	OTH	W	1905	2155	90
Fall	34456	MUSI	4914	C	OTH	R	1905	2155	90
Fall	34457	MUSI	4914	D	OTH	T	1805	2055	75
Fall	34458	MUSI	4914	G	OTH				
Fall	34459	MUSI	4914	I	OTH	M	1805	2055	75
Fall	34460	MUSI	4914	J	OTH	W	1835	2125	75
Fall	34461	MUSI	4914	K	OTH				
Fall	35841	MUSI	4914	M	OTH	M	1435	1725	22
Fall	34462	MUSI	4914	N	OTH	F	835	1125	75
Fall	34463	MUSI	4914	O	OTH	R	1435	1725	22
Winter	14170	MUSI	4915	A	OTH	M	1135	1425	75
Winter	14171	MUSI	4915	B	OTH	W	1905	2155	90
Winter	14172	MUSI	4915	C	OTH	R	1905	2155	90
Winter	14173	MUSI	4915	D	OTH	T	1805	2055	75
Winter	14174	MUSI	4915	G	OTH				
Winter	14175	MUSI	4915	I	OTH	M	1805	2055	75
Winter	14176	MUSI	4915	J	OTH	W	1805	2055	75
Winter	14177	MUSI	4915	K	OTH				
Winter	14178	MUSI	4915	M	OTH	M	1435	1725	22
Winter	14179	MUSI	4915	N	OTH	F	835	1125	75
Fall	34474	NET	1001	A	LEC	T	1305	1455	93
Fall	34475	NET	1001	A1	LAB	R	1205	1355	30
Fall	34476	NET	1001	A2	LAB	R	1405	1555	30
Fall	34477	NET	1001	A3	LAB	T	805	955	30
Fall	34478	NET	1001	A4	LAB	T	1505	1655	30
Fall	34479	NET	1001	A5	LAB	T	1705	1855	30
Fall	34480	NET	1002	A	LEC	R	1005	1055	93
Fall	34480	NET	1002	A	LEC	T	1005	1155	93
Fall	34481	NET	1002	A1	LAB	R	1405	1555	30
Fall	34482	NET	1002	A2	LAB	R	1105	1255	30
Fall	34483	NET	1002	A3	LAB	T	1505	1655	30
Fall	34484	NET	1002	A4	LAB	R	805	955	30
Fall	34485	NET	1002	A5	LAB	R	1605	1755	30
Winter	14189	NET	1006	A	LEC	R	1405	1455	93
Winter	14189	NET	1006	A	LEC	T	1105	1255	93
Winter	14190	NET	1006	A1	LAB	R	1505	1755	30
Winter	14191	NET	1006	A2	LAB	T	1305	1555	30
Winter	14192	NET	1006	A3	LAB	T	805	1055	30
Winter	14193	NET	1006	A4	LAB	R	805	1055	30
Winter	14194	NET	1006	A5	LAB	T	1605	1855	30
Fall	34486	NET	2000	A	LEC	F	805	955	96
Fall	34486	NET	2000	A	LEC	W	1405	1455	96
Fall	34487	NET	2000	A1	LAB	M	805	955	30
Fall	34488	NET	2000	A2	LAB	W	1505	1655	30
Fall	34489	NET	2000	A3	LAB	W	805	955	30
Winter	14195	NET	2007	A	LEC	MW	1435	1555	77
Winter	14196	NET	2007	A1	LAB	M	835	1125	120
Fall	34490	NET	2008	A	LEC	M	1305	1555	96
Fall	34491	NET	2008	A1	LAB	W	805	1055	25
Fall	34492	NET	2008	A2	LAB	M	805	1055	25
Fall	34493	NET	2008	A3	LAB	W	1505	1755	25
Fall	35945	NET	2008	A4	LAB	F	1505	1755	25
Fall	34494	NET	2010	A	LEC	W	1105	1255	96
Fall	34495	NET	2010	A1	LAB	F	1005	1155	53
Fall	34496	NET	2010	A2	LAB	W	805	955	53
Fall	34497	NET	2010	A3	LAB	M	805	955	53
Fall	35946	NET	2010	A4	LAB	W	1605	1755	53
Winter	14197	NET	2011	A	LEC	T	805	955	96
Winter	14198	NET	2011	A1	LAB	T	1005	1155	53
Winter	14199	NET	2011	A2	LAB	T	1505	1655	53
Winter	14200	NET	2011	A3	LAB	R	1505	1655	53
Winter	14201	NET	2012	A	LEC	R	1005	1055	96
Winter	14201	NET	2012	A	LEC	T	1305	1455	96
Winter	14202	NET	2012	A1	LAB	R	1105	1255	30
Winter	14203	NET	2012	A2	LAB	R	1305	1455	30
Winter	14204	NET	2012	A3	LAB	T	1105	1255	30
Winter	14205	NET	2013	A	LEC	MW	1305	1425	77
Winter	14206	NET	2013	A1	LAB	W	1205	1255	120
Fall	34498	NET	3000	A	LEC	F	1505	1655	96
Fall	34499	NET	3000	A1	LAB	M	1005	1155	53
Fall	34500	NET	3000	A2	LAB	F	1205	1355	53
Fall	34501	NET	3000	A3	LAB	M	1605	1755	53
Winter	14207	NET	3001	A	LEC	TR	1005	1125	120
Winter	14208	NET	3001	A1	LAB	T	1435	1625	120
Fall	34502	NET	3004	A	LEC	T	835	1125	98
Fall	34503	NET	3004	A1	LAB	T	1235	1425	120
Winter	14209	NET	3006	A	LEC	TR	1135	1255	77
Winter	14210	NET	3006	A1	LAB	R	1435	1625	40
Fall	34504	NET	3007	A	LEC	F	805	955	96
Fall	34504	NET	3007	A	LEC	W	805	855	96
Fall	34505	NET	3007	A1	LAB	W	1005	1155	30
Fall	34506	NET	3007	A2	LAB	M	1605	1755	30
Fall	34507	NET	3007	A3	LAB	W	1205	1355	30
Fall	34508	NET	3008	A	LEC	W	1505	1755	96
Fall	34509	NET	3008	A1	LAB	M	1305	1555	30
Fall	34510	NET	3008	A2	LAB	M	1005	1255	30
Fall	34511	NET	3008	A3	LAB	F	1205	1455	30
Winter	14211	NET	3010	A	LEC	F	1205	1255	96
Winter	14211	NET	3010	A	LEC	M	805	955	96
Winter	14212	NET	3010	A1	LAB	W	1405	1555	53
Winter	14213	NET	3010	A2	LAB	M	1105	1255	53
Winter	14214	NET	3010	A3	LAB	F	1005	1155	53
Winter	14215	NET	3011	A	LEC	M	1305	1455	96
Winter	14215	NET	3011	A	LEC	W	1305	1355	96
Winter	14216	NET	3011	A1	LAB	F	1305	1555	30
Winter	14217	NET	3011	A2	LAB	M	1505	1755	30
Winter	14218	NET	3011	A3	LAB	F	1605	1855	30
Winter	14219	NET	3012	A	LEC	F	805	955	96
Winter	14219	NET	3012	A	LEC	W	1105	1155	96
Winter	14220	NET	3012	A1	LAB	M	1105	1255	30
Winter	14221	NET	3012	A2	LAB	W	1405	1555	30
Winter	14222	NET	3012	A3	LAB	W	1605	1755	30
Fall	34512	NET	3900	A	LEC	M	805	955	96
Fall	34513	NET	3900	A1	LAB	F	1105	1355	25
Fall	34514	NET	3900	A2	LAB	W	1105	1355	25
Fall	34515	NET	3900	A3	LAB	M	1105	1355	25
Winter	14223	NET	4000	A	LEC	WF	835	955	77
Winter	14224	NET	4000	A1	LAB	W	1005	1155	76
Fall	34516	NET	4001	A	LEC	TR	1005	1125	58
Fall	34517	NET	4001	A1	LAB	W	935	1125	120
Fall	34518	NET	4005	A	LEC	MW	1135	1255	63
Fall	34519	NET	4005	A1	LAB	M	1335	1525	40
Fall	34520	NET	4007	A	LEC	TR	1135	1255	60
Fall	34521	NET	4007	A1	LAB	W	1335	1525	40
Fall	34522	NET	4009	A	LEC	F	1135	1425	30
Fall	34523	NET	4009	A1	LAB	F	805	1055	30
Fall	34524	NET	4009	A2	LAB	F	1505	1755	30
Fall	34525	NET	4009	A3	LAB	F	1805	2055	30
Winter	14225	NET	4010	A	LEC	TR	1435	1555	58
Winter	14226	NET	4010	A1	LAB	W	1435	1525	40
Winter	14227	NET	4011	A	LEC	WF	1305	1425	67
Winter	14228	NET	4011	A1	LAB	F	1005	1155	40
Winter	14229	NET	4012	A	LEC	TR	1305	1425	77
Winter	14230	NET	4012	A1	TUT	F	1435	1625	120
Fall	34526	NET	4901	A	REP	TR	1405	1755	40
Winter	14231	NET	4901	A	REP	TR	835	1225	40
Fall	34527	NEUR	1202	A	LEC	MW	1135	1255	393
Fall	34528	NEUR	1202	B	LEC	TR	1005	1125	348
Winter	14232	NEUR	1203	A	LEC	TR	1005	1125	393
Winter	14233	NEUR	1203	B	LEC	MW	1605	1725	444
Fall	34529	NEUR	2001	A	LEC	MW	835	955	154
Winter	14234	NEUR	2002	A	LEC	TR	1135	1255	285
Fall	34530	NEUR	2003	A	LEC				
Winter	14235	NEUR	2003	B	LEC				
Fall	34531	NEUR	2004	A	LEC	MW	1135	1255	36
Fall	34532	NEUR	2004	B	LEC	TR	835	955	32
Winter	14236	NEUR	2004	C	LEC	WF	835	955	40
Winter	15449	NEUR	2004	D	LEC	TR	1005	1125	40
Fall	34533	NEUR	2201	A	LEC	TR	1005	1125	285
Winter	14237	NEUR	2202	A	LEC	TR	1435	1555	285
Winter	14238	NEUR	2801	A	LEC	T	1135	1425	189
Fall	34534	NEUR	3001	A	LEC	WF	1305	1425	189
Winter	14239	NEUR	3002	A	LEC	WF	1305	1425	189
Winter	14240	NEUR	3003	A	LEC	R	1435	1725	51
Winter	14241	NEUR	3204	B	LEC				9000
Fall	34535	NEUR	3206	A	LEC	TR	1435	1555	189
Fall	34536	NEUR	3206	A1	LAB	M	835	1225	50
Fall	34537	NEUR	3206	A2	LAB	T	835	1225	50
Fall	34538	NEUR	3206	A3	LAB	W	835	1225	50
Fall	34539	NEUR	3206	A4	LAB	R	835	1225	50
Fall	34540	NEUR	3206	A5	LAB	F	835	1225	50
Winter	14242	NEUR	3207	A	LEC	TR	1305	1425	348
Winter	14243	NEUR	3207	A1	LAB	M	835	1225	50
Winter	14244	NEUR	3207	A2	LAB	T	835	1225	50
Winter	14245	NEUR	3207	A3	LAB	W	835	1225	50
Winter	14246	NEUR	3207	A4	LAB	R	835	1225	50
Winter	14247	NEUR	3207	A5	LAB	F	835	1225	50
Fall	34541	NEUR	3303	A	LEC	R	1135	1425	151
Fall	34542	NEUR	3304	A	LEC	TR	1305	1425	285
Winter	14248	NEUR	3401	A	LEC	M	835	1125	192
Winter	14249	NEUR	3402	A	LEC	W	1805	2055	148
Fall	34543	NEUR	3403	A	LEC	MW	1005	1125	148
Fall	34544	NEUR	3501	A	LEC				
Fall	35755	NEUR	3502	A	LEC	MW	835	955	94
Winter	14250	NEUR	3502	A	LEC				
Fall	34545	NEUR	3999	A	WRK				
Winter	14251	NEUR	3999	A	WRK				
Fall	34546	NEUR	4002	A	SEM	M	1435	1725	30
Winter	14252	NEUR	4003	A	SEM	M	1435	1725	40
Winter	14253	NEUR	4200	A	SEM	W	1435	1725	40
Fall	34547	NEUR	4202	A	SEM	R	1135	1425	40
Winter	14254	NEUR	4202	B	SEM	W	835	1125	35
Fall	34548	NEUR	4203	A	SEM	T	1135	1425	36
Winter	14255	NEUR	4203	B	SEM	R	1135	1425	32
Winter	14256	NEUR	4303	A	LEC	T	835	1125	55
Fall	34549	NEUR	4305	A	LEC	W	1805	2055	77
Winter	14257	NEUR	4306	A	LEC				
Fall	34550	NEUR	4900	A	IND				
Winter	14258	NEUR	4900	A	IND				
Fall	34551	NEUR	4904	A	CAP	M	1435	1725	30
Winter	14259	NEUR	4904	A	CAP	M	1435	1725	18
Fall	34552	NEUR	4905	A	HON	T	1435	1725	51
Winter	14260	NEUR	4905	A	HON	T	1435	1725	58
Fall	34553	NEUR	4906	A	CAP	M	1435	1725	20
Winter	14261	NEUR	4906	A	CAP	M	1435	1725	20
Fall	34554	NEUR	4907	A	HON				
Winter	14262	NEUR	4907	A	HON				
Fall	34555	NEUR	4907	B	HON				
Fall	34556	NEUR	4908	A	HON				
Winter	14263	NEUR	4908	A	HON				
Fall	34557	NEUR	4908	A1	RES	F	1135	1255	348
Winter	14264	NEUR	4908	A1	RES	F	1135	1255	348
Fall	34558	NEUR	4908	B	HON				
Fall	34575	NSCI	1000	A	SEM	TR	1005	1125	58
Winter	14281	NSCI	1000	A	SEM	MW	1005	1125	54
Fall	34576	NSCI	1000	B	SEM				
Fall	34577	NSCI	1000	W01	WKS	F	1305	1425	57
Winter	14282	NSCI	1000	W01	WKS	F	1305	1425	52
Fall	34578	NSCI	4901	A	REP				
Winter	14283	NSCI	4901	A	REP				
Fall	34579	OSS	1002	A	LEC	T	905	1055	30
Fall	34580	OSS	1002	A1	LAB	T	1105	1255	48
Fall	34581	OSS	1002	A2	LAB	T	1335	1525	48
Winter	14284	OSS	1003	A	LEC	T	905	1055	30
Winter	14285	OSS	1003	A1	LAB	T	1105	1255	24
Winter	14286	OSS	1003	A2	LAB	T	1335	1525	24
Winter	14287	OSS	1005	A	LEC	R	1505	1655	30
Winter	14288	OSS	1005	A1	LAB	R	835	1125	24
Winter	14289	OSS	1005	A2	LAB	R	1205	1455	24
Fall	34582	OSS	1006	A	LEC	R	905	1055	30
Fall	34583	OSS	1006	A1	LAB	R	1105	1255	53
Fall	34584	OSS	1006	A2	LAB	R	1335	1525	53
Fall	34585	OSS	2001	A	LEC	M	905	1055	34
Fall	34586	OSS	2001	A1	LAB	M	1105	1255	24
Fall	34587	OSS	2001	A2	LAB	M	1335	1525	24
Winter	14290	OSS	2002	A	LEC	M	905	1055	48
Winter	14291	OSS	2002	A1	LAB	M	1105	1355	48
Winter	14292	OSS	2002	A2	LAB				
Winter	14293	OSS	2003	A	LEC	T	1035	1225	30
Winter	14294	OSS	2003	A1	LAB	T	835	1025	24
Winter	14295	OSS	2003	A2	LAB	T	1305	1455	24
Winter	14296	OSS	2003	A3	LAB				
Fall	34588	OSS	2005	A	LEC	T	835	1025	34
Fall	34589	OSS	2005	A1	LAB	W	1505	1755	24
Fall	34590	OSS	2005	A2	LAB	F	1505	1755	24
Winter	14297	OSS	2006	A	LEC	R	835	1025	30
Winter	14298	OSS	2006	A1	LAB	T	1535	1825	24
Winter	14299	OSS	2006	A2	LAB	R	1535	1825	24
Fall	34591	OSS	2008	A	LEC	W	905	1055	34
Fall	34592	OSS	2008	A1	LAB	W	1105	1255	24
Fall	34593	OSS	2008	A2	LAB	F	1235	1425	24
Fall	34594	OSS	2009	A	LEC	T	1135	1425	30
Fall	34595	OSS	2009	A1	TUT	T	1435	1525	53
Fall	34596	OSS	2009	A2	TUT	T	1535	1625	53
Winter	14300	OSS	2010	A	LEC	WF	835	955	30
Winter	14301	OSS	2010	A1	TUT	F	1205	1255	40
Fall	34597	OSS	3000	A	LEC	R	905	1055	48
Fall	34598	OSS	3000	A1	LAB	R	1105	1355	48
Fall	34599	OSS	3000	A2	LAB	R	1435	1725	48
Winter	14302	OSS	3001	A	LEC	TR	1005	1125	120
Winter	14303	OSS	3001	A1	LAB	T	1435	1625	120
Winter	14304	OSS	3002	A	LEC	F	905	1055	48
Winter	14305	OSS	3002	A1	LAB	F	1105	1355	48
Winter	14306	OSS	3002	A2	LAB				
Fall	34600	OSS	3003	A	LEC	MW	1005	1125	77
Fall	34601	OSS	3004	A	LEC	T	835	1125	98
Fall	34602	OSS	3004	A1	LAB	T	1235	1425	120
Winter	14307	OSS	3009	A	LEC	T	1205	1355	67
Winter	14308	OSS	3009	A1	TUT	R	1205	1355	120
Fall	34603	OSS	3012	A	LEC	MW	1305	1425	77
Fall	34604	OSS	3012	A1	LAB	M	1135	1225	60
Fall	34605	OSS	3013	A	LEC	MW	1435	1555	77
Fall	34606	OSS	3013	A1	LAB	T	1505	1655	60
Winter	14309	OSS	3014	A	LEC	MW	1605	1725	77
Winter	14310	OSS	3014	A1	LAB	M	1235	1425	60
Fall	34607	OSS	4001	A	LEC	F	1305	1455	48
Fall	34608	OSS	4001	A1	LAB	F	835	1025	24
Fall	34609	OSS	4001	A2	LAB	F	1035	1225	24
Winter	14311	OSS	4004	A	LEC	M	1205	1355	34
Winter	14312	OSS	4004	A1	LAB	M	935	1125	24
Winter	14313	OSS	4004	A2	LAB	M	1405	1555	24
Fall	34610	OSS	4005	A	LEC	TR	1005	1125	77
Fall	34611	OSS	4006	A	LEC	TR	1135	1255	77
Fall	34612	OSS	4006	A1	LAB	W	1335	1525	25
Fall	34613	OSS	4008	A	LEC	T	1435	1725	77
Fall	34614	OSS	4008	A1	LAB	M	1335	1525	25
Winter	14314	OSS	4009	A	LEC	TR	1305	1425	51
Winter	14315	OSS	4009	A1	LAB	T	1505	1655	40
Fall	34615	OSS	4900	A	CAP	MW	835	1225	25
Winter	14316	OSS	4900	A	CAP	TR	835	1225	25
Fall	34626	PADM	1501	O	LEC				
Winter	14328	PADM	1501	O	LEC				
Winter	14329	PADM	1502	W	OTH				
Fall	34627	PADM	3105	F	SEM	R	1135	1425	27
Fall	34628	PADM	4220	F	SEM	T	1735	2025	40
Winter	14330	PADM	4224	W	SEM	R	1435	1725	42
Fall	34629	PADM	4228	A	SEM	T	1135	1425	40
Fall	34630	PADM	4230	F	SEM	R	1135	1425	40
Fall	34631	PADM	4615	F	SEM	R	835	1125	27
Fall	34675	PAPM	1001	A	LEC	R	1135	1325	134
Fall	34676	PAPM	1001	A1	TUT	W	1235	1325	24
Fall	34677	PAPM	1001	A2	TUT	W	1135	1225	24
Fall	34678	PAPM	1001	A3	TUT	R	1335	1425	134
Fall	34679	PAPM	1001	A4	TUT	W	1535	1625	24
Fall	34680	PAPM	1001	A5	TUT	F	1035	1125	24
Fall	34681	PAPM	1001	A6	TUT				
Fall	34682	PAPM	2001	A	LEC	M	1135	1325	78
Fall	34683	PAPM	2001	A1	TUT	F	1535	1625	24
Fall	34684	PAPM	2001	A2	TUT	W	1435	1525	24
Fall	34685	PAPM	2001	A3	TUT	T	935	1025	24
Fall	34686	PAPM	2001	A4	TUT	T	1035	1125	24
Winter	14374	PAPM	2002	A	LEC	R	1435	1625	134
Winter	14375	PAPM	2002	A1	TUT	R	935	1025	24
Winter	14376	PAPM	2002	A2	TUT	W	1035	1125	24
Winter	14377	PAPM	2002	A3	TUT	F	1135	1225	47
Winter	14378	PAPM	2002	A4	TUT	W	1435	1525	24
Fall	34687	PAPM	3000	A	LEC	T	835	1125	79
Fall	34688	PAPM	3999	A	WRK				
Winter	14379	PAPM	3999	A	WRK				
Fall	34689	PAPM	4000	A	SEM	T	1135	1425	24
Fall	34690	PAPM	4000	B	SEM	R	1135	1425	24
Fall	34691	PAPM	4000	C	SEM	M	1135	1425	24
Fall	34692	PAPM	4000	D	SEM	W	835	1125	25
Winter	14380	PAPM	4099	A	CAP	W	1435	1725	79
Fall	34693	PAPM	4100	A	SEM	T	1735	2025	27
Fall	34694	PAPM	4908	A	HON				
Winter	14381	PAPM	4908	A	HON				
Fall	34695	PAPM	4908	B	HON				
Winter	14382	PAPM	4908	B	HON				
Fall	34696	PAPM	4908	C	HON				
Winter	14383	PAPM	4908	C	HON				
Fall	34706	PHIL	1000	A	LEC	MW	1305	1425	9000
Winter	14394	PHIL	1000	B	LEC	MW	1435	1555	444
Fall	34707	PHIL	1200	A	LEC	MW	1135	1255	285
Winter	14395	PHIL	1200	A	LEC	MW	1605	1725	9000
Fall	34708	PHIL	1301	A	LEC	TR	1005	1125	9000
Winter	14396	PHIL	1301	B	LEC	TR	1305	1425	386
Fall	34709	PHIL	1550	A	LEC	TR	1435	1555	444
Winter	14397	PHIL	1550	B	LEC	MW	1135	1255	9000
Fall	34710	PHIL	1610	A	LEC	TR	835	955	133
Winter	14398	PHIL	1700	A	LEC	MW	1005	1125	9000
Fall	34711	PHIL	2001	A	LEC	T	1805	1955	9000
Winter	14399	PHIL	2001	A	LEC	M	1805	1955	9000
Fall	34712	PHIL	2001	A01	TUT	R	1135	1225	9000
Winter	14400	PHIL	2001	A01	TUT	T	1135	1225	9000
Fall	34713	PHIL	2001	A02	TUT	F	1335	1425	9000
Winter	14401	PHIL	2001	A02	TUT	T	1335	1425	9000
Fall	34714	PHIL	2001	A03	TUT	R	1435	1525	9000
Winter	14402	PHIL	2001	A03	TUT	W	1235	1325	9000
Fall	34715	PHIL	2001	A04	TUT	W	1135	1225	9000
Winter	14403	PHIL	2001	A04	TUT	T	1435	1525	9000
Fall	34716	PHIL	2001	A05	TUT	W	1335	1425	9000
Winter	14404	PHIL	2001	A05	TUT				
Fall	34717	PHIL	2001	B	LEC	W	1805	1955	204
Winter	14405	PHIL	2001	B	LEC	T	1805	1955	9000
Fall	34718	PHIL	2001	B01	TUT	F	1335	1425	58
Winter	14406	PHIL	2001	B01	TUT	W	1135	1225	9000
Fall	34719	PHIL	2001	B02	TUT	R	835	925	58
Winter	14407	PHIL	2001	B02	TUT	W	1435	1525	9000
Fall	34720	PHIL	2001	B03	TUT	R	1435	1525	57
Winter	14408	PHIL	2001	B03	TUT	R	935	1025	9000
Fall	34721	PHIL	2001	B04	TUT	R	1635	1725	58
Winter	14409	PHIL	2001	B04	TUT	R	1435	1525	9000
Winter	14410	PHIL	2001	B05	TUT				
Fall	34722	PHIL	2003	A	LEC	MW	1305	1425	9000
Winter	14411	PHIL	2003	B	LEC	MW	1305	1425	348
Winter	14412	PHIL	2010	A	LEC	WF	1005	1125	51
Fall	34723	PHIL	2020	A	LEC	WF	1605	1725	27
Fall	34724	PHIL	2103	A	LEC	TR	835	955	120
Winter	14413	PHIL	2301	A	LEC	WF	1435	1555	9000
Winter	14414	PHIL	2307	A	LEC	TR	1135	1255	55
Fall	34725	PHIL	2320	A	LEC	TR	1135	1255	58
Winter	14415	PHIL	2330	A	LEC	TR	1305	1425	393
Fall	34726	PHIL	2340	A	LEC	MW	1005	1125	9000
Fall	34727	PHIL	2380	A	LEC	MW	1135	1255	151
Winter	14416	PHIL	2401	A	LEC	TR	1435	1555	133
Winter	14417	PHIL	2408	A	LEC	TR	835	955	133
Fall	34728	PHIL	2501	A	LEC	WF	1005	1125	444
Fall	34729	PHIL	2504	A	LEC	MW	1135	1255	9000
Winter	14418	PHIL	2550	A	LEC	TR	1605	1725	133
Winter	14419	PHIL	2901	A	LEC	WF	1605	1725	9000
Winter	14420	PHIL	3002	A	LEC	TR	1005	1125	57
Fall	34730	PHIL	3009	A	LEC	TR	1005	1125	51
Fall	34731	PHIL	3010	A	LEC	MW	835	955	56
Fall	34732	PHIL	3140	A	LEC	WF	1435	1555	9000
Winter	14421	PHIL	3306	A	LEC	MW	1735	1855	9000
Winter	14422	PHIL	3330	A	LEC	R	1805	2055	58
Fall	34733	PHIL	3340	A	LEC	W	1805	2055	51
Winter	14423	PHIL	3450	A	SEM	TR	1135	1255	51
Fall	34734	PHIL	3503	A	SEM	M	1435	1725	23
Winter	14424	PHIL	3503	B	SEM	M	1435	1725	23
Fall	34735	PHIL	3901	A	IND				
Winter	14425	PHIL	3902	A	IND				
Fall	34736	PHIL	3903	A	IND				
Winter	14426	PHIL	3906	A	IND				
Fall	34737	PHIL	4007	A	SEM	W	1135	1425	9000
Fall	34738	PHIL	4100	A	SEM	W	1435	1725	11
Winter	14427	PHIL	4100	B	SEM	T	1435	1725	9000
Fall	34739	PHIL	4220	A	SEM	M	1435	1725	15
Winter	14428	PHIL	4220	B	SEM	M	1135	1425	11
Fall	34740	PHIL	4330	A	SEM	R	1135	1425	11
Winter	14429	PHIL	4330	B	SEM	W	1135	1425	20
Fall	34741	PHIL	4505	A	SEM				
Fall	34742	PHIL	4900	A	TUT				
Winter	14430	PHIL	4900	A	TUT				
Fall	34743	PHIL	4901	A	TUT				
Winter	14431	PHIL	4901	A	TUT				
Fall	34744	PHIL	4902	A	TUT				
Winter	14432	PHIL	4902	A	TUT				
Fall	34745	PHIL	4903	A	TUT				
Winter	14433	PHIL	4903	A	TUT				
Fall	34746	PHIL	4904	A	TUT				
Winter	14434	PHIL	4904	A	TUT				
Fall	34747	PHIL	4906	A	TUT				
Winter	14435	PHIL	4906	A	TUT				
Fall	34764	PHYS	1001	A	LEC	TR	835	955	96
Fall	34765	PHYS	1001	A1	LAB	W	1305	1555	30
Fall	34766	PHYS	1001	A2	LAB	M	1305	1555	30
Fall	34767	PHYS	1001	A3	LAB	F	1305	1555	30
Fall	34768	PHYS	1001	A4	LAB	T	1305	1555	30
Winter	14451	PHYS	1002	A	LEC	WF	835	955	115
Winter	14452	PHYS	1002	A1	LAB	M	1305	1555	30
Winter	14453	PHYS	1002	A2	LAB	R	835	1125	30
Winter	14454	PHYS	1002	A3	LAB	W	1305	1555	30
Fall	34769	PHYS	1003	A	LEC	WF	1435	1555	192
Fall	34770	PHYS	1003	A1	LAB	M	1305	1555	70
Fall	34771	PHYS	1003	A2	LAB	T	835	1125	70
Fall	34772	PHYS	1003	A3	LAB	R	1305	1555	70
Fall	34773	PHYS	1004	A	LEC	WF	1605	1725	192
Winter	14455	PHYS	1004	A	LEC	TR	1605	1725	393
Fall	34774	PHYS	1004	A1	LAB	T	1305	1555	70
Fall	34775	PHYS	1004	A2	LAB	W	1305	1555	70
Fall	34776	PHYS	1004	A3	LAB	R	835	1125	70
Winter	14456	PHYS	1004	B	LEC	TR	1805	1925	386
Winter	14457	PHYS	1004	C	LEC	MW	1605	1725	386
Winter	14458	PHYS	1004	L1A	LAB	W	1305	1555	70
Winter	14459	PHYS	1004	L1B	LAB	W	1305	1555	98
Winter	14460	PHYS	1004	L1C	LAB	R	835	1125	70
Winter	14461	PHYS	1004	L1D	LAB	R	835	1125	98
Winter	14462	PHYS	1004	L2A	LAB	M	1305	1555	70
Winter	14463	PHYS	1004	L2B	LAB	M	1305	1555	98
Winter	14464	PHYS	1004	L2C	LAB	F	1305	1555	70
Winter	14465	PHYS	1004	L2D	LAB	F	1305	1555	98
Winter	14466	PHYS	1004	L3A	LAB	F	835	1125	70
Winter	14467	PHYS	1004	L3B	LAB	F	835	1125	98
Winter	14468	PHYS	1004	L4A	LAB	M	835	1125	70
Winter	14469	PHYS	1004	L4B	LAB	M	835	1125	98
Winter	14470	PHYS	1004	L5A	LAB	R	1305	1555	70
Winter	14471	PHYS	1004	L5B	LAB	R	1305	1555	98
Winter	14472	PHYS	1004	L6A	LAB	T	835	1125	70
Winter	14473	PHYS	1004	L6B	LAB	T	835	1125	98
Winter	14474	PHYS	1004	L7A	LAB	W	835	1125	70
Winter	14475	PHYS	1004	L7B	LAB	W	835	1125	98
Winter	14476	PHYS	1004	L8A	LAB	T	1305	1555	70
Winter	14477	PHYS	1004	L8B	LAB	T	1305	1555	98
Fall	34777	PHYS	1007	A	LEC	MW	835	955	386
Fall	34778	PHYS	1007	B	LEC	MW	1805	1925	386
Fall	34779	PHYS	1007	L1	LAB	T	1305	1555	70
Fall	34780	PHYS	1007	L10	LAB	W	835	1125	70
Fall	34781	PHYS	1007	L2	LAB	T	835	1125	70
Fall	34782	PHYS	1007	L3	LAB	W	1305	1555	70
Fall	34783	PHYS	1007	L4	LAB	F	835	1125	70
Fall	34784	PHYS	1007	L5	LAB	R	1305	1555	70
Fall	34785	PHYS	1007	L6	LAB	R	835	1125	70
Fall	34786	PHYS	1007	L7	LAB	F	1435	1725	70
Fall	34787	PHYS	1007	L8	LAB	M	1305	1555	70
Fall	34788	PHYS	1007	L9	LAB	M	835	1125	70
Winter	14478	PHYS	1008	A	LEC	WF	1305	1425	148
Winter	14479	PHYS	1008	B	LEC	MW	1605	1725	154
Winter	14480	PHYS	1008	L1	LAB	R	835	1125	70
Winter	14481	PHYS	1008	L2	LAB	R	1305	1555	70
Winter	14482	PHYS	1008	L3	LAB	F	835	1125	70
Winter	14483	PHYS	1008	L4	LAB	W	835	1125	70
Winter	14484	PHYS	1008	L5	LAB	T	835	1125	70
Winter	14485	PHYS	1008	L6	LAB	T	1305	1555	70
Winter	14486	PHYS	1008	L7	LAB	W	1305	1555	70
Fall	34789	PHYS	1901	T	LEC				9000
Winter	14487	PHYS	1902	V	LEC				9000
Fall	34790	PHYS	1905	T	LEC				9000
Fall	34791	PHYS	2004	A	LEC	WF	1435	1555	96
Winter	14488	PHYS	2202	A	LEC	WF	1435	1555	63
Winter	14489	PHYS	2202	A1	LAB	F	835	1125	36
Winter	14490	PHYS	2202	A2	LAB	W	835	1125	36
Winter	14491	PHYS	2202	A3	LAB	T	1305	1555	36
Winter	14492	PHYS	2202	A4	LAB	M	835	1125	36
Winter	14493	PHYS	2202	A5	LAB	R	1305	1555	36
Fall	34792	PHYS	2203	A	LEC	TR	1605	1725	98
Winter	14494	PHYS	2305	A	LEC	TR	1135	1255	63
Fall	34793	PHYS	2401	A	LEC	MW	1135	1255	76
Fall	34794	PHYS	2604	A	LEC	WF	1435	1555	96
Fall	34795	PHYS	2604	A1	LAB	M	835	1125	36
Fall	34796	PHYS	2604	A2	LAB	W	835	1125	36
Fall	34797	PHYS	2604	A3	LAB	R	835	1125	36
Fall	34798	PHYS	2604	A4	LAB	R	1305	1555	36
Fall	34799	PHYS	2604	A5	LAB	T	835	1125	36
Fall	34800	PHYS	2604	A6	LAB	F	835	1125	36
Fall	34801	PHYS	2801	A	LEC	MW	1605	1725	80
Winter	14495	PHYS	2903	W	LEC				9000
Fall	34802	PHYS	3007	A	LAB	WF	1305	1555	20
Fall	34803	PHYS	3007	B	LAB	MW	835	1125	20
Fall	34804	PHYS	3009	A	LAB	WF	1305	1555	30
Fall	34805	PHYS	3308	A	LEC	TR	1135	1255	56
Winter	14496	PHYS	3606	A	LEC	TR	1605	1725	51
Winter	14497	PHYS	3606	A1	LAB	R	1305	1555	20
Winter	14498	PHYS	3606	A2	LAB	F	1305	1555	20
Winter	14499	PHYS	3606	A3	LAB	F	835	1125	20
Winter	14500	PHYS	3606	A4	LAB	W	1305	1555	20
Winter	14501	PHYS	3608	A	LEC	TR	1605	1725	51
Winter	14502	PHYS	3608	A1	LAB	R	1305	1555	20
Fall	34806	PHYS	3701	A	LEC	WF	1605	1725	52
Winter	14503	PHYS	3701	B	LEC	WF	1305	1425	51
Fall	34807	PHYS	3802	A	LEC	TR	1305	1425	42
Winter	14504	PHYS	3807	A	LEC	MW	1005	1125	67
Winter	14505	PHYS	3807	A1	TUT	M	1735	1825	63
Fall	34808	PHYS	3999	A	WRK				
Winter	14506	PHYS	3999	A	WRK				
Winter	14507	PHYS	4007	A	LAB	TR	835	1125	20
Winter	14508	PHYS	4007	B	LAB	MW	835	1125	20
Fall	34809	PHYS	4008	A	LAB	TR	835	1125	20
Winter	14509	PHYS	4201	A	LEC	TR	835	955	52
Fall	34810	PHYS	4203	A	LEC	MW	1135	1255	42
Winter	14510	PHYS	4409	A	LEC	WF	1135	1255	66
Winter	14511	PHYS	4602	A	LEC	TR	1005	1125	42
Fall	34811	PHYS	4707	A	LEC	WF	1305	1425	76
Winter	14512	PHYS	4708	A	LEC	MW	1435	1555	36
Fall	34812	PHYS	4807	A	LEC	MW	1605	1725	33
Fall	34813	PHYS	4907	A	REP				
Winter	14513	PHYS	4908	A	REP				
Fall	34814	PHYS	4909	A	REP				
Winter	14514	PHYS	4909	A	REP				
Fall	34827	POLM	3000	A	LEC	T	1435	1725	66
Winter	14526	POLM	4010	W	LEC	W	1805	2055	25
Winter	14527	POLM	4012	W	SEM	R	1435	1725	25
Fall	34841	PSCI	1100	A	LEC	F	1135	1325	285
Fall	34842	PSCI	1100	A01	TUT	F	1035	1125	40
Fall	34843	PSCI	1100	A02	TUT	F	1035	1125	29
Fall	34844	PSCI	1100	A03	TUT	F	1035	1125	57
Fall	34845	PSCI	1100	A04	TUT	F	1035	1125	40
Fall	34846	PSCI	1100	A05	TUT	F	1035	1125	34
Fall	34847	PSCI	1100	A06	TUT	F	1035	1125	41
Fall	34848	PSCI	1100	A07	TUT	F	1335	1425	18
Fall	34849	PSCI	1100	A08	TUT	F	1335	1425	20
Fall	34850	PSCI	1100	A09	TUT	F	1335	1425	23
Fall	34851	PSCI	1100	A10	TUT	F	1335	1425	41
Fall	34852	PSCI	1100	A11	TUT	F	1335	1425	42
Fall	34853	PSCI	1100	A12	TUT	F	1335	1425	42
Fall	34854	PSCI	1100	A13	TUT	F	1335	1425	48
Winter	14541	PSCI	1100	B	LEC	T	1435	1625	331
Winter	14542	PSCI	1100	B01	TUT	T	1335	1425	27
Winter	14543	PSCI	1100	B02	TUT	T	1335	1425	27
Winter	14544	PSCI	1100	B03	TUT	T	1335	1425	23
Winter	14545	PSCI	1100	B04	TUT	T	1335	1425	79
Winter	14546	PSCI	1100	B05	TUT	T	1335	1425	56
Winter	14547	PSCI	1100	B06	TUT	T	1335	1425	56
Winter	14548	PSCI	1100	B07	TUT	T	1635	1725	31
Winter	14549	PSCI	1100	B08	TUT	T	1635	1725	42
Winter	14550	PSCI	1100	B09	TUT	T	1635	1725	23
Winter	14551	PSCI	1100	B10	TUT	T	1635	1725	27
Winter	14552	PSCI	1100	B11	TUT	T	1635	1725	42
Winter	14553	PSCI	1100	B12	TUT	T	1635	1725	48
Winter	14554	PSCI	1100	B13	TUT	T	1635	1725	40
Fall	34855	PSCI	1200	A	LEC	M	1135	1325	386
Fall	34856	PSCI	1200	A01	TUT	M	1335	1425	27
Fall	34857	PSCI	1200	A02	TUT	M	1335	1425	27
Fall	34858	PSCI	1200	A03	TUT	M	1335	1425	27
Fall	34859	PSCI	1200	A04	TUT	M	1335	1425	18
Fall	34860	PSCI	1200	A05	TUT	M	1335	1425	20
Fall	34861	PSCI	1200	A06	TUT	M	1335	1425	23
Fall	34862	PSCI	1200	A07	TUT	M	1035	1125	30
Fall	34863	PSCI	1200	A08	TUT	M	1035	1125	20
Fall	34864	PSCI	1200	A09	TUT	M	1035	1125	28
Fall	34865	PSCI	1200	A10	TUT	M	1035	1125	23
Fall	34866	PSCI	1200	A11	TUT	M	1035	1125	40
Fall	34867	PSCI	1200	A12	TUT	M	1035	1125	40
Fall	34868	PSCI	1200	A13	TUT	M	1035	1125	51
Winter	14555	PSCI	1200	B	LEC	W	1235	1425	9000
Winter	14556	PSCI	1200	B01	TUT	W	1435	1525	9000
Winter	14557	PSCI	1200	B02	TUT	W	1435	1525	9000
Winter	14558	PSCI	1200	B03	TUT	W	1435	1525	9000
Winter	14559	PSCI	1200	B04	TUT	W	1435	1525	9000
Winter	14560	PSCI	1200	B05	TUT	W	1435	1525	9000
Winter	14561	PSCI	1200	B06	TUT	W	1435	1525	9000
Winter	14562	PSCI	1200	B07	TUT	W	1535	1625	9000
Winter	14563	PSCI	1200	B08	TUT	W	1535	1625	9000
Winter	14564	PSCI	1200	B09	TUT	W	1535	1625	9000
Winter	14565	PSCI	1200	B10	TUT	W	1535	1625	9000
Winter	14566	PSCI	1200	B11	TUT	W	1535	1625	9000
Winter	14567	PSCI	1200	B12	TUT	W	1535	1625	9000
Winter	14568	PSCI	1200	B13	TUT	W	1535	1625	9000
Winter	14569	PSCI	1500	B	LEC	R	1535	1725	120
Winter	14570	PSCI	1500	B01	TUT	T	1035	1125	23
Winter	14571	PSCI	1500	B02	TUT	T	1035	1125	20
Winter	14572	PSCI	1500	B03	TUT	T	1035	1125	39
Winter	14573	PSCI	1500	B04	TUT	T	1135	1225	23
Winter	14574	PSCI	1500	B05	TUT	T	1135	1225	42
Winter	14575	PSCI	1500	B06	TUT	T	1135	1225	40
Fall	34869	PSCI	2002	A	LEC	T	1435	1625	108
Fall	34870	PSCI	2002	A01	GRP	T	1335	1425	26
Fall	34871	PSCI	2002	A02	GRP	T	1335	1425	47
Fall	34872	PSCI	2002	A03	GRP				
Fall	34873	PSCI	2002	A04	GRP	T	1635	1725	56
Fall	34874	PSCI	2002	A05	GRP	T	1635	1725	56
Winter	14576	PSCI	2002	B	LEC	M	1435	1625	192
Winter	14577	PSCI	2002	B01	GRP	M	1335	1425	31
Winter	14578	PSCI	2002	B02	GRP	M	1335	1425	32
Winter	14579	PSCI	2002	B03	GRP	M	1335	1425	27
Winter	14580	PSCI	2002	B04	GRP	M	1635	1725	40
Winter	14581	PSCI	2002	B05	GRP	M	1635	1725	25
Fall	34875	PSCI	2003	A	LEC	T	1235	1425	9000
Fall	34876	PSCI	2003	A01	GRP	T	1135	1225	9000
Fall	34877	PSCI	2003	A02	GRP	T	1135	1225	9000
Fall	34878	PSCI	2003	A03	GRP	T	1135	1225	9000
Fall	34879	PSCI	2003	A04	GRP	T	1435	1525	9000
Fall	34880	PSCI	2003	A05	GRP	T	1435	1525	9000
Fall	34881	PSCI	2003	B	LEC	T	1235	1425	9000
Fall	34882	PSCI	2003	B01	GRP	F	1335	1425	9000
Fall	34883	PSCI	2003	B02	GRP	F	1335	1425	9000
Fall	34884	PSCI	2003	B03	GRP	F	1335	1425	9000
Fall	34885	PSCI	2003	B04	GRP	F	1335	1425	9000
Fall	34886	PSCI	2003	B05	GRP				
Winter	14582	PSCI	2003	C	LEC	T	1135	1325	120
Winter	14583	PSCI	2003	C01	GRP	T	1335	1425	48
Winter	14584	PSCI	2003	C02	GRP	T	1335	1425	78
Winter	14585	PSCI	2003	C03	GRP	T	1335	1425	120
Winter	14586	PSCI	2003	C04	GRP	T	1435	1525	25
Winter	14587	PSCI	2003	C05	GRP	T	1435	1525	52
Winter	14588	PSCI	2003	D	LEC	T	1135	1325	120
Winter	14589	PSCI	2003	D01	GRP	T	1335	1425	54
Winter	14590	PSCI	2003	D02	GRP	T	1335	1425	32
Winter	14591	PSCI	2003	D03	GRP	T	1335	1425	39
Winter	14592	PSCI	2003	D04	GRP	T	1435	1525	52
Winter	14593	PSCI	2003	D05	GRP	T	1435	1525	27
Fall	34887	PSCI	2102	A	LEC	W	1235	1425	96
Fall	34888	PSCI	2102	A01	GRP	W	1135	1225	25
Fall	34889	PSCI	2102	A02	GRP	W	1135	1225	25
Fall	34890	PSCI	2102	A03	GRP	W	1135	1225	27
Fall	34891	PSCI	2102	A04	GRP	W	1435	1525	42
Fall	34892	PSCI	2102	A05	GRP	W	1435	1525	6
Fall	34893	PSCI	2102	A06	GRP	W	1435	1525	30
Winter	14594	PSCI	2200	A	LEC	W	1135	1325	9000
Winter	14595	PSCI	2200	A01	GRP	W	1035	1125	9000
Winter	14596	PSCI	2200	A02	GRP	W	1035	1125	9000
Winter	14597	PSCI	2200	A03	GRP	W	1035	1125	9000
Winter	14598	PSCI	2200	A04	GRP	W	1335	1425	9000
Winter	14599	PSCI	2200	A05	GRP	W	1335	1425	9000
Fall	34894	PSCI	2301	A	LEC	F	1135	1325	154
Fall	34895	PSCI	2301	A01	TUT	F	1035	1125	42
Fall	34896	PSCI	2301	A02	TUT	F	1035	1125	42
Fall	34897	PSCI	2301	A03	TUT				
Fall	34898	PSCI	2301	A04	TUT	F	1335	1425	42
Fall	34899	PSCI	2301	A05	TUT	F	1335	1425	42
Winter	14600	PSCI	2301	B	LEC	T	1135	1325	54
Winter	14601	PSCI	2301	B01	TUT	T	1035	1125	27
Winter	14602	PSCI	2301	B02	TUT	T	1035	1125	30
Winter	14603	PSCI	2301	B03	TUT	T	1035	1125	67
Winter	14604	PSCI	2301	B04	TUT	T	1335	1425	40
Winter	14605	PSCI	2301	B05	TUT	T	1335	1425	52
Fall	34900	PSCI	2302	A	LEC	W	1135	1325	9000
Fall	34901	PSCI	2302	A01	TUT	W	1035	1125	9000
Fall	34902	PSCI	2302	A02	TUT	W	1035	1125	9000
Fall	34903	PSCI	2302	A03	TUT	W	1035	1125	9000
Fall	34904	PSCI	2302	A04	TUT	W	1335	1425	9000
Fall	34905	PSCI	2302	A05	TUT	W	1335	1425	9000
Winter	14606	PSCI	2302	B	LEC	R	1435	1625	94
Winter	14607	PSCI	2302	B01	TUT	R	1335	1425	52
Winter	14608	PSCI	2302	B02	TUT	R	1335	1425	42
Winter	14609	PSCI	2302	B03	TUT	R	1335	1425	27
Winter	14610	PSCI	2302	B04	TUT	R	1635	1725	40
Winter	14611	PSCI	2302	B05	TUT	R	1635	1725	28
Fall	34906	PSCI	2500	A	LEC	R	1435	1625	80
Fall	34907	PSCI	2500	A01	GRP	R	1335	1425	42
Fall	34908	PSCI	2500	A02	GRP	R	1335	1425	42
Fall	34909	PSCI	2500	A03	GRP	R	1635	1725	31
Fall	34910	PSCI	2500	A04	GRP	R	1635	1725	42
Fall	34911	PSCI	2601	A	LEC	T	1805	1955	108
Fall	34912	PSCI	2601	A01	GRP	T	1705	1755	55
Fall	34913	PSCI	2601	A02	GRP	T	1705	1755	25
Fall	34914	PSCI	2601	A03	GRP	T	1705	1755	97
Fall	34915	PSCI	2601	A04	GRP	T	2005	2055	97
Fall	34916	PSCI	2601	A05	GRP	T	2005	2055	48
Winter	14612	PSCI	2601	B	LEC	R	1535	1725	108
Winter	14613	PSCI	2601	B01	GRP	R	1435	1525	25
Winter	14614	PSCI	2601	B02	GRP	R	1435	1525	25
Winter	14615	PSCI	2601	B03	GRP	R	1435	1525	27
Winter	14616	PSCI	2601	B04	GRP	R	1735	1825	30
Winter	14617	PSCI	2601	B05	GRP	R	1735	1825	31
Fall	34917	PSCI	2602	A	LEC	M	935	1125	108
Fall	34918	PSCI	2602	A01	GRP	M	835	925	25
Fall	34919	PSCI	2602	A02	GRP	M	835	925	27
Fall	34920	PSCI	2602	A03	GRP	M	835	925	27
Fall	34921	PSCI	2602	A04	GRP	M	1135	1225	34
Fall	34922	PSCI	2602	A05	GRP	M	1135	1225	32
Winter	14618	PSCI	2602	B	LEC	M	935	1125	189
Winter	14619	PSCI	2602	B01	GRP	M	1235	1325	25
Winter	14620	PSCI	2602	B02	GRP	M	1235	1325	31
Winter	14621	PSCI	2602	B03	GRP	M	1235	1325	27
Winter	14622	PSCI	2602	B04	GRP	M	1135	1225	52
Winter	14623	PSCI	2602	B05	GRP	M	1135	1225	48
Fall	34923	PSCI	2701	A	LEC	R	835	1125	134
Winter	14624	PSCI	2701	B	LEC	T	1435	1725	9000
Winter	14625	PSCI	2701	B01	GRP				
Winter	14626	PSCI	2701	B02	GRP				
Winter	14627	PSCI	2701	B03	GRP				
Winter	14628	PSCI	2701	B04	GRP				
Winter	14629	PSCI	2701	B05	GRP				
Fall	34924	PSCI	2702	A	LEC	R	935	1125	98
Fall	34925	PSCI	2702	A01	GRP	R	835	925	48
Fall	34926	PSCI	2702	A02	GRP				
Fall	34927	PSCI	2702	A03	GRP	R	1135	1225	26
Fall	34928	PSCI	2702	A04	GRP	R	1135	1225	48
Fall	34929	PSCI	2702	A05	GRP				
Winter	14630	PSCI	2702	B	LEC	W	1135	1425	134
Winter	14631	PSCI	3006	A	LEC	F	1135	1425	154
Fall	34930	PSCI	3007	A	LEC	R	835	1125	78
Winter	14632	PSCI	3100	A	LEC	W	1135	1425	50
Winter	14633	PSCI	3105	A	LEC	M	1135	1425	78
Winter	14634	PSCI	3107	A	LEC	M	1135	1425	66
Fall	34931	PSCI	3108	A	LEC				
Winter	15616	PSCI	3108	A	LEC	W	835	1125	52
Fall	34932	PSCI	3204	A	LEC	T	1135	1425	66
Fall	34933	PSCI	3207	A	LEC	MW	1005	1125	9000
Winter	14635	PSCI	3208	A	LEC	W	835	1125	66
Fall	34934	PSCI	3300	A	LEC	T	835	1125	66
Winter	14636	PSCI	3311	B	LEC	M	1435	1725	66
Fall	34935	PSCI	3312	A	LEC	R	1135	1425	47
Fall	34936	PSCI	3406	A	LEC				
Fall	34937	PSCI	3410	A	LEC	T	1435	1725	66
Winter	15523	PSCI	3600	A	LEC	R	835	1125	56
Fall	34938	PSCI	3606	A	LEC	F	1135	1425	66
Winter	14637	PSCI	3607	A	LEC	R	835	1125	78
Fall	34939	PSCI	3608	A	LEC	R	835	1125	66
Fall	34940	PSCI	3702	A	LEC	R	1435	1725	9000
Winter	14638	PSCI	3801	A	LEC	T	1435	1725	96
Fall	34941	PSCI	3802	A	LEC	M	1805	2055	66
Winter	14639	PSCI	3802	B	LEC	W	1135	1425	108
Fall	34942	PSCI	3805	A	LEC	M	1435	1725	98
Fall	34943	PSCI	3809	A	LEC	R	1135	1425	58
Winter	14640	PSCI	3809	B	LEC	T	835	1125	58
Fall	34944	PSCI	3900	A	DIR				
Winter	14641	PSCI	3900	A	DIR				
Fall	34945	PSCI	3905	A	OTH				
Winter	14642	PSCI	3905	B	OTH				
Fall	34946	PSCI	3906	A	OTH				
Winter	14643	PSCI	3906	A	OTH				
Fall	34947	PSCI	3907	A	OTH				
Winter	14644	PSCI	3907	B	OTH				
Fall	34948	PSCI	3999	A	WRK				
Winter	14645	PSCI	3999	A	WRK				
Fall	34949	PSCI	4003	A	SEM				
Winter	14646	PSCI	4006	A	SEM	F	835	1125	30
Fall	34950	PSCI	4008	A	SEM	W	1435	1725	27
Winter	14647	PSCI	4009	A	SEM	R	835	1125	51
Winter	14648	PSCI	4104	A	SEM	T	1135	1425	27
Fall	34951	PSCI	4105	A	SEM	W	1135	1425	30
Fall	34952	PSCI	4109	A	SEM	R	1435	1725	9000
Fall	34953	PSCI	4206	A	SEM	W	1135	1425	51
Fall	34954	PSCI	4311	A	SEM	M	1435	1725	18
Winter	14649	PSCI	4318	A	SEM	T	1435	1725	18
Winter	14650	PSCI	4407	B	SEM	W	1435	1725	9000
Winter	14651	PSCI	4500	A	SEM	R	1435	1725	41
Fall	35770	PSCI	4503	A	SEM	T	1135	1425	28
Winter	14652	PSCI	4505	B	SEM	T	1435	1725	29
Fall	34955	PSCI	4506	A	SEM	R	1135	1425	27
Fall	34956	PSCI	4603	A	SEM	R	1435	1725	9000
Fall	34957	PSCI	4605	A	SEM	T	1435	1725	27
Fall	34958	PSCI	4606	A	SEM				
Winter	15617	PSCI	4606	A	SEM	R	835	1125	31
Fall	34959	PSCI	4801	A	SEM	W	835	1125	28
Fall	34960	PSCI	4801	B	SEM	W	1135	1425	42
Winter	14653	PSCI	4803	A	SEM	W	1135	1425	40
Winter	14654	PSCI	4805	A	SEM	R	1435	1725	23
Winter	14655	PSCI	4806	A	SEM	M	1135	1425	9000
Winter	14656	PSCI	4807	A	SEM	F	835	1125	52
Winter	14657	PSCI	4808	A	SEM	R	1135	1425	27
Fall	34961	PSCI	4809	A	SEM	M	1135	1425	9000
Fall	34962	PSCI	4809	B	SEM	R	835	1125	27
Fall	34963	PSCI	4901	A	TUT				
Winter	14658	PSCI	4902	B	TUT				
Fall	34964	PSCI	4905	A	SEM				
Winter	14659	PSCI	4905	B	SEM				
Fall	34965	PSCI	4906	A	SEM				
Winter	14660	PSCI	4906	B	SEM				
Fall	34966	PSCI	4908	A	RES				
Winter	14661	PSCI	4908	A	RES				
Fall	34967	PSCI	4908	B	RES				
Fall	34968	PSCI	4908	C	RES				
Fall	34969	PSCI	4909	A	HON				
Winter	14662	PSCI	4909	A	HON				
Fall	34970	PSCI	4909	B	HON				
Winter	14663	PSCI	4909	B	HON				
Fall	34971	PSCI	4909	C	HON				
Winter	14664	PSCI	4909	C	HON				
Fall	34996	PSYC	1001	A	LEC	WF	1005	1125	154
Fall	34997	PSYC	1001	B	LEC	MW	1305	1425	120
Fall	34998	PSYC	1001	C	LEC	TR	1005	1125	393
Fall	34999	PSYC	1001	D	LEC	WF	835	955	444
Fall	35000	PSYC	1001	E	LEC	T	1805	2055	9000
Fall	35001	PSYC	1001	F	LEC	R	1805	2055	285
Fall	35002	PSYC	1001	G	LEC	M	1435	1725	444
Fall	35003	PSYC	1001	H	LEC				9000
Winter	14691	PSYC	1001	J	LEC	T	1805	2055	285
Fall	35004	PSYC	1001	K	LEC	W	1805	2055	204
Winter	14692	PSYC	1001	L	LEC	W	835	1125	9000
Fall	35005	PSYC	1001	M	LEC	R	1435	1725	393
Winter	14693	PSYC	1002	A	LEC	MW	1005	1125	204
Winter	14694	PSYC	1002	B	LEC	TR	1005	1125	151
Winter	14695	PSYC	1002	C	LEC	TR	1305	1425	236
Fall	35006	PSYC	1002	D	LEC	M	835	1125	331
Winter	14696	PSYC	1002	E	LEC	WF	1435	1555	236
Winter	14697	PSYC	1002	F	LEC	W	1805	2055	9000
Winter	14698	PSYC	1002	G	LEC	M	1805	2055	285
Winter	14699	PSYC	1002	H	LEC	T	1805	2055	331
Winter	14700	PSYC	1002	J	LEC	F	835	1125	236
Winter	14701	PSYC	1002	K	LEC	M	1435	1725	9000
Fall	35007	PSYC	1002	L	LEC	W	1435	1725	331
Fall	35008	PSYC	1002	M	LEC				9000
Fall	35009	PSYC	2001	A	LEC	TR	1305	1425	236
Fall	35010	PSYC	2001	B	LEC	R	835	1125	189
Fall	35011	PSYC	2001	C	LEC	M	1805	2055	189
Fall	35012	PSYC	2001	D	LEC				9000
Winter	14702	PSYC	2001	E	LEC	MW	1305	1425	192
Fall	35013	PSYC	2002	A	LEC	M	1805	2055	236
Winter	14703	PSYC	2002	B	LEC	TR	1005	1125	348
Winter	14704	PSYC	2002	C	LEC	TR	1305	1425	154
Winter	14705	PSYC	2002	D	LEC	MW	1135	1255	204
Winter	14706	PSYC	2002	E	LEC	M	1805	2055	9000
Fall	35014	PSYC	2100	A	LEC	WF	1435	1555	236
Winter	14707	PSYC	2100	B	LEC	TR	835	955	236
Fall	35015	PSYC	2301	A	LEC				9000
Winter	14708	PSYC	2301	B	LEC				9000
Winter	14709	PSYC	2301	C	LEC	F	1135	1425	331
Fall	35016	PSYC	2307	A	LEC	MW	1005	1125	96
Fall	35017	PSYC	2307	B	LEC	T	1135	1425	108
Winter	14710	PSYC	2307	C	LEC	T	1135	1425	108
Fall	35018	PSYC	2400	A	LEC	W	1805	2055	393
Fall	35019	PSYC	2400	B	LEC				9000
Winter	14711	PSYC	2400	C	LEC	M	1435	1725	204
Winter	14712	PSYC	2400	D	LEC	W	1435	1725	236
Fall	35020	PSYC	2500	A	LEC	T	1805	2055	204
Fall	35021	PSYC	2500	B	LEC				9000
Winter	14713	PSYC	2500	C	LEC				9000
Fall	35022	PSYC	2600	A	LEC	WF	1305	1425	236
Winter	14714	PSYC	2600	B	LEC				9000
Fall	35023	PSYC	2700	A	LEC				9000
Fall	35024	PSYC	2700	B	LEC				9000
Winter	14715	PSYC	2700	C	LEC	M	1435	1725	236
Fall	35025	PSYC	2801	A	LEC	R	1805	2055	204
Winter	14716	PSYC	2801	B	LEC	W	1805	2055	9000
Fall	35026	PSYC	3000	A	LEC	TR	1305	1425	78
Winter	14717	PSYC	3000	A	LEC	TR	1305	1425	78
Fall	35027	PSYC	3000	A1	TUT	F	1135	1225	76
Winter	14718	PSYC	3000	A1	TUT	F	1135	1225	78
Fall	35028	PSYC	3000	B	LEC	TR	1605	1725	78
Winter	14719	PSYC	3000	B	LEC	TR	1605	1725	78
Fall	35029	PSYC	3000	B1	TUT	F	835	925	79
Winter	14720	PSYC	3000	B1	TUT	F	835	925	80
Fall	35030	PSYC	3000	C	LEC	W	1435	1725	78
Winter	14721	PSYC	3000	C	LEC	W	1435	1725	78
Fall	35031	PSYC	3000	C1	TUT	T	1035	1125	52
Winter	14722	PSYC	3000	C1	TUT	T	1035	1125	76
Fall	35032	PSYC	3000	D	LEC	MW	1005	1125	78
Winter	14723	PSYC	3000	D	LEC	MW	1005	1125	78
Fall	35033	PSYC	3000	D1	TUT	T	935	1025	9000
Winter	14724	PSYC	3000	D1	TUT	T	935	1025	9000
Fall	35034	PSYC	3000	E	LEC	M	1805	2055	9000
Winter	14725	PSYC	3000	E	LEC	M	1805	2055	9000
Fall	35035	PSYC	3000	E1	TUT	T	1905	1955	9000
Winter	14726	PSYC	3000	E1	TUT	T	1905	1955	9000
Fall	35036	PSYC	3000	F	LEC	T	1805	2055	9000
Winter	14727	PSYC	3000	F	LEC	T	1805	2055	9000
Fall	35037	PSYC	3000	F1	TUT	W	1805	1855	9000
Winter	14728	PSYC	3000	F1	TUT	W	1805	1855	9000
Winter	14729	PSYC	3001	B	LEC				
Fall	35038	PSYC	3100	A	SEM	W	1135	1425	27
Winter	14730	PSYC	3100	A	SEM	W	1135	1425	54
Fall	35039	PSYC	3100	A1	LAB	F	835	1125	25
Winter	14731	PSYC	3100	A1	LAB	F	835	1125	25
Winter	14732	PSYC	3106	A	LEC	T	1435	1725	96
Fall	35040	PSYC	3300	A	SEM	M	1135	1425	27
Winter	14733	PSYC	3300	A	SEM	M	1135	1425	31
Fall	35041	PSYC	3300	A1	LAB	F	835	1125	48
Winter	14734	PSYC	3300	A1	LAB	F	835	1125	30
Fall	35042	PSYC	3300	B	SEM	T	835	1125	27
Winter	14735	PSYC	3300	B	SEM	T	835	1125	27
Fall	35043	PSYC	3300	B1	LAB	R	835	1125	25
Winter	14736	PSYC	3300	B1	LAB	R	835	1125	25
Fall	35044	PSYC	3301	A	LEC				9000
Winter	14737	PSYC	3301	B	LEC	F	835	1125	204
Fall	35045	PSYC	3302	A	LEC	MW	1605	1725	148
Winter	14738	PSYC	3302	B	LEC	M	1135	1425	9000
Winter	14739	PSYC	3307	B	LEC	W	1135	1425	48
Fall	35046	PSYC	3400	A	SEM	M	835	1125	25
Winter	14740	PSYC	3400	A	SEM	M	835	1125	35
Fall	35047	PSYC	3400	A1	LAB	W	835	1125	25
Winter	14741	PSYC	3400	A1	LAB	W	835	1125	25
Fall	35048	PSYC	3400	B	SEM	W	1435	1725	42
Winter	14742	PSYC	3400	B	SEM	W	1435	1725	25
Fall	35049	PSYC	3400	B1	LAB	F	1435	1725	25
Winter	14743	PSYC	3400	B1	LAB	F	1435	1725	30
Fall	35050	PSYC	3400	C	SEM	T	1435	1725	9000
Winter	14744	PSYC	3400	C	SEM	T	1435	1725	9000
Fall	35051	PSYC	3400	C1	LAB	R	835	1125	9000
Winter	14745	PSYC	3400	C1	LAB	R	835	1125	9000
Fall	35052	PSYC	3402	A	LEC				9000
Fall	35053	PSYC	3402	B	LEC	M	1435	1725	151
Winter	14746	PSYC	3402	C	LEC				9000
Fall	35054	PSYC	3403	A	LEC				9000
Fall	35055	PSYC	3403	B	LEC	F	835	1125	151
Winter	14747	PSYC	3403	C	LEC	M	1135	1425	9000
Fall	35056	PSYC	3404	A	LEC	F	1135	1425	96
Winter	14748	PSYC	3404	B	LEC	R	1135	1425	78
Fall	35057	PSYC	3405	A	LEC	WF	1135	1255	189
Fall	35058	PSYC	3500	A	SEM	M	1435	1725	35
Winter	14749	PSYC	3500	A	SEM	M	1435	1725	35
Fall	35059	PSYC	3500	A1	LAB	F	1135	1425	25
Winter	14750	PSYC	3500	A1	LAB	F	1135	1425	25
Fall	35060	PSYC	3505	A	LEC	TR	835	955	151
Winter	14751	PSYC	3505	B	LEC				9000
Fall	35061	PSYC	3506	A	LEC				9000
Winter	14752	PSYC	3506	B	LEC				9000
Winter	14753	PSYC	3507	B	LEC	MW	1135	1255	236
Fall	35062	PSYC	3508	A	LEC	T	1135	1425	120
Winter	14754	PSYC	3509	B	LEC	WF	835	955	151
Winter	14755	PSYC	3511	B	LEC	T	1435	1725	151
Fall	35063	PSYC	3600	A	SEM	T	1135	1425	35
Winter	14756	PSYC	3600	A	SEM	T	1135	1425	35
Fall	35064	PSYC	3600	A1	LAB	R	1135	1425	35
Winter	14757	PSYC	3600	A1	LAB	R	1135	1425	25
Fall	35065	PSYC	3603	A	LEC	M	1805	2055	97
Winter	14758	PSYC	3603	B	LEC	W	1805	2055	9000
Fall	35066	PSYC	3604	A	LEC	M	1135	1425	9000
Winter	14759	PSYC	3604	B	LEC				9000
Winter	14760	PSYC	3604	C	LEC	F	835	1125	97
Fall	35067	PSYC	3700	A	SEM	M	1435	1725	27
Winter	14761	PSYC	3700	A	SEM	M	1435	1725	27
Fall	35068	PSYC	3700	A1	LAB	W	1135	1425	25
Winter	14762	PSYC	3700	A1	LAB	W	1135	1425	25
Fall	35069	PSYC	3702	A	LEC	W	1435	1725	134
Winter	14763	PSYC	3709	A	LEC	M	1135	1425	134
Winter	14764	PSYC	3801	B	LEC	M	1805	2055	9000
Fall	35070	PSYC	3802	A	LEC	R	1135	1425	96
Winter	14765	PSYC	3802	B	LEC	T	1135	1425	97
Fall	35071	PSYC	3901	A	PRC	F	1135	1425	9000
Winter	14766	PSYC	3902	B	PRC	F	1135	1425	9000
Winter	14767	PSYC	3902	C	PRC	M	1435	1725	50
Fall	35072	PSYC	3905	A	PRC	F	1135	1425	9000
Winter	14768	PSYC	3905	A	PRC	F	1135	1425	9000
Fall	35073	PSYC	3999	A	WRK				
Winter	14769	PSYC	3999	A	WRK				
Fall	35074	PSYC	4001	A	SEM	T	1135	1425	30
Fall	35075	PSYC	4001	B	SEM	M	1435	1725	52
Fall	35748	PSYC	4001	C	SEM				
Winter	14770	PSYC	4001	C	SEM	T	1135	1425	30
Winter	14771	PSYC	4001	D	SEM	TR	835	955	35
Winter	15573	PSYC	4001	E	SEM	F	1435	1725	30
Fall	35076	PSYC	4003	A	SEM	F	835	1125	51
Fall	35077	PSYC	4100	A	SEM	T	1435	1725	9000
Winter	14772	PSYC	4100	B	SEM				
Fall	35078	PSYC	4235	A	SEM	W	835	1125	9000
Fall	35079	PSYC	4301	A	SEM	W	1135	1425	48
Fall	35080	PSYC	4301	B	SEM	M	1435	1725	40
Fall	35749	PSYC	4301	C	SEM	M	1435	1725	42
Winter	14773	PSYC	4301	C	SEM				
Fall	35081	PSYC	4330	A	SEM	M	1435	1725	25
Winter	14774	PSYC	4330	A	SEM	M	1435	1725	25
Winter	14775	PSYC	4333	B	SEM	R	835	1125	52
Fall	35082	PSYC	4400	A	SEM	M	1805	2055	52
Winter	14776	PSYC	4400	B	SEM	T	1805	2055	30
Winter	14777	PSYC	4400	C	SEM	R	1135	1425	29
Winter	15455	PSYC	4400	D	SEM				
Winter	14778	PSYC	4403	B	SEM	R	835	1125	42
Fall	35083	PSYC	4500	A	SEM	M	1135	1425	42
Fall	35084	PSYC	4500	B	SEM	T	1435	1725	50
Fall	35085	PSYC	4500	C	SEM	W	1435	1725	30
Winter	14779	PSYC	4500	D	SEM	M	1135	1425	39
Winter	14780	PSYC	4600	B	SEM	TR	1135	1255	56
Fall	35086	PSYC	4700	A	LEC	T	1135	1425	31
Fall	35087	PSYC	4900	A	IND				
Winter	14781	PSYC	4900	B	IND				
Fall	35088	PSYC	4902	A	IND				
Winter	14782	PSYC	4902	B	IND				
Fall	35089	PSYC	4907	A	RES	T	835	1125	97
Winter	14783	PSYC	4907	A	RES				
Fall	35090	PSYC	4907	B	RES	T	835	1125	97
Winter	14784	PSYC	4907	B	RES				
Fall	35091	PSYC	4907	C	RES	T	835	1125	97
Winter	14785	PSYC	4907	C	RES				
Fall	35092	PSYC	4907	D	RES	T	835	1125	97
Fall	35093	PSYC	4908	A	RES	T	835	1125	97
Winter	14786	PSYC	4908	A	RES				
Fall	35094	PSYC	4908	B	RES	T	835	1125	97
Winter	14787	PSYC	4908	B	RES				
Fall	35095	PSYC	4908	C	RES	T	835	1125	97
Winter	14788	PSYC	4908	C	RES				
Fall	35096	PSYC	4908	D	RES	T	835	1125	97
Fall	35097	PSYC	4909	A	SEM	F	835	1125	42
Winter	14789	PSYC	4909	A	SEM	F	835	1125	51
Fall	35098	PSYC	4909	B	SEM	W	1805	2055	40
Winter	14790	PSYC	4909	B	SEM	W	1805	2055	40
Fall	35099	PSYC	4909	C	SEM	R	1805	2055	9000
Winter	14791	PSYC	4909	C	SEM	R	1805	2055	9000
Fall	35100	PSYC	4909	D	SEM	M	1435	1725	54
Winter	14792	PSYC	4909	D	SEM	M	1435	1725	54
Fall	35101	PSYC	4909	E	SEM	W	1435	1725	51
Winter	14793	PSYC	4909	E	SEM	W	1435	1725	39
Fall	35102	PSYC	4909	F	SEM	M	1805	2055	40
Winter	14794	PSYC	4909	F	SEM	M	1805	2055	40
Fall	35103	PSYC	4909	G	SEM	T	1805	2055	9000
Winter	14795	PSYC	4909	G	SEM	T	1805	2055	9000
Fall	35937	PSYC	4909	H	SEM	T	1805	2055	9000
Winter	15595	PSYC	4909	H	SEM	T	1805	2055	9000
Fall	35104	PSYC	4910	A	SEM	F	835	1125	42
Winter	14796	PSYC	4910	A	SEM	F	835	1125	51
Fall	35105	PSYC	4910	B	SEM	W	1805	2055	40
Winter	14797	PSYC	4910	B	SEM	W	1805	2055	40
Fall	35106	PSYC	4910	C	SEM	R	1805	2055	9000
Winter	14798	PSYC	4910	C	SEM	R	1805	2055	9000
Fall	35107	PSYC	4910	D	SEM	M	1435	1725	54
Winter	14799	PSYC	4910	D	SEM	M	1435	1725	54
Fall	35108	PSYC	4910	E	SEM	W	1435	1725	51
Winter	14800	PSYC	4910	E	SEM	W	1435	1725	39
Fall	35109	PSYC	4910	F	SEM	M	1805	2055	40
Winter	14801	PSYC	4910	F	SEM	M	1805	2055	40
Fall	35110	PSYC	4910	G	SEM	T	1805	2055	9000
Winter	14802	PSYC	4910	G	SEM	T	1805	2055	9000
Fall	35938	PSYC	4910	H	SEM	T	1805	2055	9000
Winter	15596	PSYC	4910	H	SEM	T	1805	2055	9000
Fall	35133	RELI	1010	A	TUT				
Winter	14826	RELI	1010	A	TUT				
Fall	35134	RELI	1710	A	LEC				9000
Winter	14827	RELI	1712	B	LEC	MW	1005	1125	9000
Winter	14828	RELI	1731	B	LEC	MW	835	955	93
Winter	14829	RELI	1741	B	LEC	T	1135	1255	59
Fall	35135	RELI	2010	A	TUT				
Winter	14830	RELI	2010	A	TUT				
Fall	35136	RELI	2110	A	LEC				9000
Fall	35137	RELI	2200	A	LEC	WF	835	955	58
Winter	14831	RELI	2230	A	LEC	TR	1605	1725	63
Fall	35138	RELI	2310	A	LEC	T	835	1125	96
Winter	14832	RELI	2410	A	LEC	MW	1435	1555	9000
Fall	35139	RELI	2510	A	LEC	M	1135	1425	58
Fall	35140	RELI	2710	A	LEC	TR	1135	1255	93
Winter	14833	RELI	2710	A	LEC	TR	1135	1255	93
Fall	35141	RELI	2713	A	LEC	T	1435	1725	96
Winter	14834	RELI	2720	B	LEC	MW	1135	1255	9000
Fall	35142	RELI	2732	A	LEC				9000
Fall	35143	RELI	2736	A	LEC	R	1435	1725	66
Winter	14835	RELI	2736	B	LEC	T	1435	1555	59
Winter	14836	RELI	2741	B	SEM				
Fall	35144	RELI	2800	A	LEC	WF	1005	1125	9000
Winter	15468	RELI	2840	A	LEC				9000
Fall	35145	RELI	3010	A	TUT				
Winter	14837	RELI	3010	A	TUT				
Winter	14838	RELI	3101	A	LEC				9000
Fall	35146	RELI	3140	A	LEC	W	1135	1425	9000
Fall	35147	RELI	3142	A	LEC	MW	1605	1725	
Fall	35148	RELI	3220	A	LEC	R	1435	1725	78
Winter	14839	RELI	3333	A	LEC	M	1135	1425	80
Fall	35149	RELI	3732	A	LEC	TR	1135	1255	9000
Winter	14840	RELI	3733	A	LEC	T	1135	1425	94
Winter	14841	RELI	3741	B	LEC	TR	835	955	9000
Fall	35150	RELI	3840	A	LEC	MW	835	955	56
Fall	35151	RELI	4602	A	SEM				
Fall	35152	RELI	4741	A	SEM	T	1435	1725	19
Fall	35153	RELI	4840	A	TUT				
Winter	14842	RELI	4840	B	TUT				
Winter	14843	RELI	4850	B	SEM	R	1135	1425	19
Winter	14844	RELI	4850	C	SEM	W	835	1125	19
Fall	35154	RELI	4990	A	HON				
Winter	14845	RELI	4990	A	HON				
Fall	35161	RUSS	1010	A	SEM	TR	935	1125	42
Fall	35162	RUSS	1010	B	SEM				
Winter	14854	RUSS	1020	A	SEM	TR	935	1125	9000
Fall	35163	RUSS	2010	A	SEM	TR	1435	1625	31
Winter	14855	RUSS	2020	A	SEM	TR	1135	1325	9000
Winter	14856	RUSS	3020	A	SEM	TR	1435	1555	9000
Fall	35169	SOCI	1001	A	LEC	M	835	1025	444
Fall	35170	SOCI	1001	A01	GRP	M	1035	1125	31
Fall	35171	SOCI	1001	A02	GRP	M	1035	1125	31
Fall	35172	SOCI	1001	A03	GRP	M	1035	1125	31
Fall	35173	SOCI	1001	A04	GRP	M	1035	1125	32
Fall	35174	SOCI	1001	A05	GRP	M	1035	1125	32
Fall	35175	SOCI	1001	A06	GRP	M	1035	1125	29
Fall	35176	SOCI	1001	A07	GRP	M	1035	1125	35
Fall	35177	SOCI	1001	A08	GRP				
Fall	35178	SOCI	1001	A09	GRP	M	1135	1225	40
Fall	35179	SOCI	1001	A10	GRP	M	1135	1225	27
Fall	35180	SOCI	1001	A11	GRP	M	1135	1225	41
Fall	35181	SOCI	1001	A12	GRP	M	1135	1225	40
Fall	35182	SOCI	1001	A13	GRP	M	1135	1225	42
Fall	35183	SOCI	1001	A14	GRP	M	1135	1225	52
Fall	35184	SOCI	1001	A15	GRP	M	1135	1225	16
Fall	35185	SOCI	1001	A16	GRP				
Fall	35186	SOCI	1001	B	LEC	T	935	1125	444
Fall	35187	SOCI	1001	B01	GRP	T	1135	1225	57
Fall	35188	SOCI	1001	B02	GRP	T	1135	1225	52
Fall	35189	SOCI	1001	B03	GRP	T	1135	1225	40
Fall	35190	SOCI	1001	B04	GRP	T	1135	1225	48
Fall	35191	SOCI	1001	B05	GRP	T	1135	1225	47
Fall	35192	SOCI	1001	B06	GRP	T	1135	1225	25
Fall	35193	SOCI	1001	B07	GRP				
Fall	35194	SOCI	1001	B08	GRP				
Fall	35195	SOCI	1001	B09	GRP	T	1235	1325	40
Fall	35196	SOCI	1001	B10	GRP	T	1235	1325	48
Fall	35197	SOCI	1001	B11	GRP	T	1235	1325	27
Fall	35198	SOCI	1001	B12	GRP	T	1235	1325	66
Fall	35199	SOCI	1001	B13	GRP	T	1235	1325	26
Fall	35200	SOCI	1001	B14	GRP	T	1235	1325	47
Fall	35201	SOCI	1001	B15	GRP				
Fall	35202	SOCI	1001	B16	GRP				
Fall	35203	SOCI	1001	C	LEC	R	1805	1955	393
Fall	35204	SOCI	1001	C01	GRP	R	2005	2055	58
Fall	35205	SOCI	1001	C02	GRP	R	2005	2055	67
Fall	35206	SOCI	1001	C03	GRP	R	2005	2055	59
Fall	35207	SOCI	1001	C04	GRP	R	2005	2055	63
Fall	35208	SOCI	1001	C05	GRP	R	2005	2055	66
Fall	35209	SOCI	1001	C06	GRP				
Fall	35210	SOCI	1001	C07	GRP				
Winter	14862	SOCI	1001	E	LEC	T	1435	1625	444
Winter	14863	SOCI	1001	E01	GRP	T	1635	1725	40
Winter	14864	SOCI	1001	E02	GRP	T	1635	1725	35
Winter	14865	SOCI	1001	E03	GRP	T	1635	1725	52
Winter	14866	SOCI	1001	E04	GRP	T	1735	1825	40
Winter	14867	SOCI	1001	E05	GRP	T	1735	1825	35
Winter	14868	SOCI	1001	E06	GRP	T	1735	1825	56
Fall	35211	SOCI	1002	A	LEC	W	1435	1625	444
Fall	35212	SOCI	1002	A01	GRP	W	1635	1725	67
Fall	35213	SOCI	1002	A02	GRP	W	1635	1725	52
Fall	35214	SOCI	1002	A03	GRP				
Fall	35215	SOCI	1002	A04	GRP	W	1735	1825	30
Fall	35216	SOCI	1002	A05	GRP	W	1735	1825	32
Fall	35217	SOCI	1002	A06	GRP				
Winter	14869	SOCI	1002	B	LEC	M	935	1125	444
Winter	14870	SOCI	1002	B01	GRP	M	1135	1225	31
Winter	14871	SOCI	1002	B02	GRP	M	1135	1225	30
Winter	14872	SOCI	1002	B03	GRP	M	1135	1225	56
Winter	14873	SOCI	1002	B04	GRP	M	1135	1225	42
Winter	14874	SOCI	1002	B05	GRP	M	1135	1225	28
Winter	14875	SOCI	1002	B06	GRP	M	1135	1225	54
Winter	14876	SOCI	1002	B07	GRP	M	1135	1225	35
Winter	14877	SOCI	1002	B08	GRP	M	1135	1225	35
Winter	14878	SOCI	1002	B09	GRP	M	1235	1325	42
Winter	14879	SOCI	1002	B10	GRP	M	1235	1325	28
Winter	14880	SOCI	1002	B11	GRP	M	1235	1325	31
Winter	14881	SOCI	1002	B12	GRP	M	1235	1325	30
Winter	14882	SOCI	1002	B13	GRP	M	1235	1325	16
Winter	14883	SOCI	1002	B14	GRP	M	1235	1325	54
Winter	14884	SOCI	1002	B15	GRP	M	1235	1325	35
Winter	14885	SOCI	1002	B16	GRP	M	1235	1325	35
Winter	14886	SOCI	1002	C	LEC	F	1235	1425	236
Winter	14887	SOCI	1002	C01	GRP	F	1435	1525	42
Winter	14888	SOCI	1002	C02	GRP	F	1435	1525	42
Winter	14889	SOCI	1002	C03	GRP	F	1435	1525	39
Winter	14890	SOCI	1002	C04	GRP	F	1435	1525	39
Winter	14891	SOCI	1002	C05	GRP	F	1435	1525	30
Winter	14892	SOCI	1002	C06	GRP	F	1435	1525	30
Winter	14893	SOCI	1002	C07	GRP	F	1435	1525	42
Winter	14894	SOCI	1002	C08	GRP	F	1435	1525	35
Winter	14895	SOCI	1002	C09	GRP	F	1535	1625	27
Winter	14896	SOCI	1002	C10	GRP	F	1535	1625	27
Winter	14897	SOCI	1002	C11	GRP	F	1535	1625	27
Winter	14898	SOCI	1002	C12	GRP	F	1535	1625	28
Winter	14899	SOCI	1002	C13	GRP	F	1535	1625	28
Winter	14900	SOCI	1002	C14	GRP	F	1535	1625	32
Winter	14901	SOCI	1002	C15	GRP	F	1535	1625	32
Winter	14902	SOCI	1002	C16	GRP	F	1535	1625	35
Winter	14903	SOCI	1002	D	LEC	M	1805	1955	444
Winter	14904	SOCI	1002	D01	GRP	M	2005	2055	79
Winter	14905	SOCI	1002	D02	GRP	M	2005	2055	80
Winter	14906	SOCI	1002	D03	GRP	M	2005	2055	79
Winter	14907	SOCI	1002	D04	GRP	M	2005	2055	56
Winter	14908	SOCI	1002	D05	GRP	M	2005	2055	52
Winter	14909	SOCI	1002	D06	GRP	M	2005	2055	56
Winter	14910	SOCI	1002	D07	GRP	M	2005	2055	52
Winter	14911	SOCI	1002	D08	GRP	M	2005	2055	52
Fall	35218	SOCI	1005	A	LEC	F	835	1125	348
Winter	14912	SOCI	1005	B	LEC	T	1805	2055	9000
Fall	35219	SOCI	2000	A	LEC	R	835	1025	386
Fall	35220	SOCI	2000	A01	GRP	R	1035	1125	30
Fall	35221	SOCI	2000	A02	GRP	R	1035	1125	31
Fall	35222	SOCI	2000	A03	GRP				
Fall	35223	SOCI	2000	A04	GRP	R	1135	1225	42
Fall	35224	SOCI	2000	A05	GRP	R	1135	1225	36
Fall	35225	SOCI	2000	A06	GRP				
Fall	35226	SOCI	2000	B	LEC	F	835	1025	56
Fall	35227	SOCI	2000	B01	GRP	F	1035	1125	56
Fall	35228	SOCI	2000	B02	GRP				
Fall	35229	SOCI	2000	B03	GRP				
Fall	35230	SOCI	2000	B04	GRP				
Fall	35231	SOCI	2000	B05	GRP				
Fall	35232	SOCI	2000	B06	GRP				
Fall	35233	SOCI	2001	A	LEC	M	1135	1425	31
Winter	14913	SOCI	2001	B	LEC	R	835	1025	9000
Winter	14914	SOCI	2001	B01	GRP				9000
Winter	14915	SOCI	2001	B02	GRP				9000
Fall	35234	SOCI	2005	A	LEC	R	1235	1425	66
Winter	14916	SOCI	2005	A	LEC	R	1235	1425	120
Fall	35235	SOCI	2005	A1	GRP	R	1435	1525	34
Winter	14917	SOCI	2005	A1	GRP	R	1435	1525	40
Fall	35236	SOCI	2005	A2	GRP	R	1535	1625	34
Winter	14918	SOCI	2005	A2	GRP	R	1535	1625	30
Fall	35237	SOCI	2005	A3	GRP				
Winter	14919	SOCI	2005	A3	GRP				
Fall	35238	SOCI	2005	B	LEC	M	1805	1955	52
Winter	14920	SOCI	2005	B	LEC	M	1805	1955	52
Fall	35239	SOCI	2005	B1	GRP	M	2005	2055	54
Winter	14921	SOCI	2005	B1	GRP	M	2005	2055	57
Fall	35240	SOCI	2020	A	LEC	T	1135	1425	96
Winter	14922	SOCI	2035	B	LEC	T	1135	1425	35
Winter	14923	SOCI	2043	B	LEC	T	1135	1425	96
Winter	14924	SOCI	2045	B	LEC	W	835	1125	102
Winter	14925	SOCI	2050	B	LEC	W	1135	1425	9000
Fall	35241	SOCI	2060	A	LEC	W	1135	1325	96
Fall	35242	SOCI	2060	A1	TUT	W	1335	1425	96
Fall	35243	SOCI	2060	A2	TUT	W	1435	1525	42
Fall	35244	SOCI	2150	A	LEC	T	1435	1625	9000
Fall	35245	SOCI	2150	A01	GRP	T	1635	1725	9000
Fall	35246	SOCI	2150	A02	GRP	T	1735	1825	9000
Winter	14926	SOCI	2160	B	LEC	M	1135	1425	78
Fall	35247	SOCI	2170	A	LEC	T	1135	1425	98
Fall	35248	SOCI	2180	A	LEC	F	1135	1425	151
Winter	14927	SOCI	2445	B	LEC	W	1805	2055	285
Fall	35249	SOCI	2450	A	LEC	F	835	1125	386
Winter	14928	SOCI	2450	B	LEC	T	1805	2055	9000
Winter	14929	SOCI	2705	B	LEC	M	1135	1425	9000
Fall	35250	SOCI	2810	A	LEC	W	1435	1625	108
Fall	35251	SOCI	2810	A1	GRP	W	1635	1725	78
Fall	35252	SOCI	2810	A2	GRP	W	1735	1825	98
Fall	35253	SOCI	2810	A3	GRP	W	1635	1725	78
Fall	35254	SOCI	2810	A4	GRP	W	1735	1825	98
Winter	14930	SOCI	2810	B	LEC	F	835	1025	120
Winter	14931	SOCI	2810	B01	GRP	F	1035	1125	58
Winter	14932	SOCI	2810	B02	GRP	F	1135	1225	78
Winter	14933	SOCI	2810	B03	GRP	F	1035	1125	42
Winter	14934	SOCI	2810	B04	GRP	F	1135	1225	58
Fall	35255	SOCI	2820	A	LEC	M	1805	2055	133
Winter	14935	SOCI	2820	B	LEC				
Fall	35256	SOCI	2910	A	TUT				
Winter	14936	SOCI	2920	A	TUT				
Fall	35257	SOCI	3000	A	LEC	R	1135	1325	30
Fall	35258	SOCI	3000	A1	LAB	R	1335	1425	30
Fall	35259	SOCI	3000	A2	LAB				
Fall	35260	SOCI	3000	A3	LAB				
Winter	14937	SOCI	3002	B	LEC	T	835	1125	26
Winter	14938	SOCI	3004	B	LEC	F	1135	1425	58
Fall	35261	SOCI	3006	A	LEC	F	835	1125	66
Winter	14939	SOCI	3006	B	LEC	T	1435	1725	57
Winter	14940	SOCI	3020	B	LEC	M	1435	1725	78
Fall	35262	SOCI	3027	A	LEC	M	1805	2055	66
Winter	14941	SOCI	3027	B	LEC	W	1135	1425	108
Fall	35263	SOCI	3044	A	LEC	M	1805	2055	56
Winter	14942	SOCI	3045	B	LEC	R	1135	1425	96
Winter	14943	SOCI	3050	B	LEC	W	835	1125	9000
Fall	35264	SOCI	3055	A	LEC	M	1435	1725	102
Fall	35265	SOCI	3056	A	SEM	T	835	1125	31
Fall	35266	SOCI	3060	A	LEC				
Winter	15457	SOCI	3060	A	LEC	W	1435	1725	66
Fall	35267	SOCI	3170	A	LEC	T	835	1125	58
Winter	14944	SOCI	3210	B	LEC	W	1435	1725	348
Fall	35268	SOCI	3210	C	LEC	W	835	1125	40
Winter	14945	SOCI	3210	D	LEC	R	1435	1725	27
Winter	14946	SOCI	3210	E	LEC	R	1435	1725	54
Winter	14947	SOCI	3220	A	LEC				
Winter	14948	SOCI	3220	B	LEC	W	1135	1425	57
Winter	14949	SOCI	3220	C	LEC				
Winter	14950	SOCI	3220	E	LEC	F	1435	1725	66
Fall	35269	SOCI	3300	A	LEC	M	1435	1725	66
Fall	35270	SOCI	3410	A	LEC	W	1805	2055	189
Winter	14951	SOCI	3410	B	LEC	R	1435	1725	189
Winter	14952	SOCI	3430	B	LEC	M	1435	1725	9000
Fall	35271	SOCI	3480	A	LEC	W	1435	1725	55
Fall	35272	SOCI	3570	A	LEC	W	1435	1725	56
Fall	35273	SOCI	3805	A	LEC	M	1135	1425	31
Fall	35274	SOCI	3910	A	TUT				
Winter	14953	SOCI	3920	A	TUT				
Winter	14954	SOCI	3950	B	PRC				
Fall	35275	SOCI	3999	A	WRK				
Winter	14955	SOCI	3999	A	WRK				
Fall	35276	SOCI	4020	A	SEM	W	835	1125	27
Fall	35277	SOCI	4039	A	SEM	F	1135	1425	31
Winter	14956	SOCI	4040	B	SEM	T	1135	1425	66
Fall	35278	SOCI	4050	A	SEM	M	835	1125	27
Fall	35279	SOCI	4170	A	LEC	M	1435	1725	40
Winter	14957	SOCI	4170	B	LEC				
Winter	14958	SOCI	4171	A	CAP	R	1135	1425	31
Fall	35280	SOCI	4410	A	SEM				
Winter	14959	SOCI	4410	B	SEM	T	1805	2055	58
Fall	35281	SOCI	4410	C	SEM	R	835	1125	35
Fall	35282	SOCI	4410	D	SEM	W	835	1125	9000
Winter	14960	SOCI	4480	B	SEM	M	1135	1425	9000
Winter	14961	SOCI	4700	B	SEM	T	1435	1725	34
Fall	35283	SOCI	4702	A	SEM	W	1435	1725	31
Fall	35284	SOCI	4730	A	SEM	T	1435	1725	40
Winter	14962	SOCI	4730	B	SEM	M	1135	1425	9000
Winter	14963	SOCI	4850	A	SEM	T	835	1125	28
Winter	14964	SOCI	4850	B	SEM	R	1435	1725	9000
Fall	35285	SOCI	4850	C	SEM				
Winter	14965	SOCI	4860	A	SEM				
Winter	14966	SOCI	4860	B	SEM	M	1435	1725	9000
Fall	35286	SOCI	4860	D	SEM				
Fall	35287	SOCI	4900	A	SEM	F	1135	1425	18
Winter	14967	SOCI	4900	A	SEM	F	1135	1425	15
Fall	35288	SOCI	4900	C	SEM				
Winter	14968	SOCI	4900	C	SEM				
Fall	35289	SOCI	4910	A	TUT				
Winter	14969	SOCI	4920	A	TUT				
Fall	35314	SOWK	1001	A	LEC	M	1435	1725	133
Fall	35315	SOWK	1001	W	LEC	R	835	1125	9000
Winter	14992	SOWK	1002	A	LEC	R	1135	1425	133
Winter	14993	SOWK	1002	W	LEC	T	835	1125	9000
Fall	35316	SOWK	2001	A	LEC	F	1135	1425	120
Fall	35317	SOWK	2005	A	LEC	T	1135	1425	51
Fall	35318	SOWK	2005	B	LEC	M	1805	2055	40
Winter	14994	SOWK	2005	C	LEC	W	1135	1425	42
Fall	35319	SOWK	2100	A	LEC	R	1135	1425	115
Fall	35320	SOWK	2202	A	LEC	T	835	1125	35
Fall	35321	SOWK	2202	B	LEC	R	1805	2055	35
Winter	14995	SOWK	2202	C	LEC	W	1435	1725	35
Winter	14996	SOWK	2202	D	LEC	R	835	1125	35
Fall	35322	SOWK	2203	A	LEC	M	1135	1425	35
Fall	35323	SOWK	2203	B	LEC	W	1805	2055	30
Winter	14997	SOWK	2203	C	LEC	T	1135	1425	35
Winter	14998	SOWK	2203	D	LEC	R	1135	1425	35
Winter	14999	SOWK	2301	W	LEC	W	1805	2055	9000
Fall	35324	SOWK	3001	W	LEC	T	1805	2055	9000
Winter	15000	SOWK	3002	W	LEC	M	1135	1425	9000
Fall	35325	SOWK	3100	A	LEC	M	1135	1425	40
Winter	15001	SOWK	3100	B	LEC	M	1805	2055	51
Winter	15002	SOWK	3100	C	LEC	F	1135	1425	52
Winter	15003	SOWK	3206	W	LEC	W	1435	1725	42
Fall	35326	SOWK	3600	A	FIE	F	835	1125	30
Winter	15004	SOWK	3600	A	FIE	F	835	1125	23
Fall	35327	SOWK	3600	B	FIE	F	835	1125	28
Winter	15005	SOWK	3600	B	FIE	F	835	1125	18
Fall	35328	SOWK	3600	C	FIE	F	835	1125	28
Winter	15006	SOWK	3600	C	FIE	F	835	1125	27
Fall	35329	SOWK	3600	D	FIE	F	835	1125	24
Winter	15007	SOWK	3600	D	FIE	F	835	1125	28
Fall	35330	SOWK	3600	E	FIE	F	835	1125	27
Winter	15008	SOWK	3600	E	FIE	F	835	1125	27
Winter	15009	SOWK	3601	A	FIE	F	835	1125	25
Winter	15010	SOWK	3601	B	FIE	F	835	1125	18
Winter	15681	SOWK	3601	C	FIE				
Fall	35331	SOWK	3602	A	PRC	F	835	1125	18
Winter	15011	SOWK	3804	A	LEC	M	1805	2055	9000
Fall	35332	SOWK	4000	A	LEC	W	1135	1425	134
Winter	15012	SOWK	4000	B	LEC	T	1805	2055	134
Fall	35333	SOWK	4001	A	SEM	R	1135	1425	35
Winter	15013	SOWK	4001	B	SEM	M	1135	1425	24
Winter	15014	SOWK	4001	C	SEM	T	1435	1725	35
Winter	15015	SOWK	4002	B	SEM	W	1805	2055	35
Fall	35334	SOWK	4003	A	SEM	M	1435	1725	35
Winter	15016	SOWK	4103	A	LEC	R	1435	1725	35
Fall	35335	SOWK	4209	A	LEC	W	1805	2055	35
Fall	35336	SOWK	4300	A	LEC	R	1435	1725	9000
Winter	15017	SOWK	4301	A	LEC	W	1135	1425	35
Winter	15018	SOWK	4302	A	LEC	M	835	1125	35
Winter	15019	SOWK	4303	A	LEC	R	1805	2055	35
Fall	35337	SOWK	4600	A	FIE	F	835	1125	9000
Fall	35338	SOWK	4600	B	FIE	F	835	1125	27
Fall	35339	SOWK	4600	C	FIE	F	835	1125	25
Fall	35340	SOWK	4600	D	FIE	F	835	1125	18
Fall	35341	SOWK	4600	E	FIE	F	835	1125	16
Fall	35342	SOWK	4601	A	PRC	F	835	1125	9000
Fall	35343	SOWK	4601	B	PRC	F	835	1125	27
Winter	15020	SOWK	4601	C	PRC	F	835	1125	25
Winter	15021	SOWK	4601	D	PRC	F	835	1125	18
Fall	35940	SOWK	4601	E	PRC	F	835	1125	16
Fall	35344	SOWK	4602	A	PRC	F	835	1125	9000
Winter	15022	SOWK	4602	B	PRC	F	835	1125	25
Winter	15662	SOWK	4602	C	PRC	F	835	1125	18
Winter	15663	SOWK	4602	D	PRC	F	835	1125	42
Fall	35345	SOWK	4602	F	PRC	F	835	1125	18
Fall	35346	SOWK	4702	F	SEM	W	1435	1725	31
Fall	35347	SOWK	4908	A	HON				
Winter	15023	SOWK	4908	A	HON				
Fall	35374	SPAN	1010	A	SEM	TR	1135	1325	48
Fall	35375	SPAN	1010	B	SEM	MW	935	1125	27
Fall	35376	SPAN	1010	C	SEM	TR	1435	1625	39
Fall	35377	SPAN	1010	D	SEM	WF	1135	1325	39
Fall	35378	SPAN	1010	E	SEM	MW	1805	1955	27
Fall	35379	SPAN	1010	F	SEM	TR	935	1125	39
Fall	35380	SPAN	1010	G	SEM	WF	1435	1625	32
Fall	35381	SPAN	1010	H	SEM	TR	1805	1955	69
Winter	15048	SPAN	1010	I	SEM	TR	935	1125	42
Winter	15049	SPAN	1010	J	SEM	MW	1905	2055	39
Winter	15050	SPAN	1010	K	SEM	TR	1435	1625	36
Winter	15051	SPAN	1020	A	SEM	TR	1435	1625	32
Winter	15052	SPAN	1020	B	SEM	TR	1135	1325	36
Winter	15053	SPAN	1020	C	SEM	WF	1135	1325	39
Winter	15054	SPAN	1020	D	SEM				
Winter	15055	SPAN	1020	E	SEM	TR	1905	2055	39
Fall	35382	SPAN	2010	A	SEM	MW	1435	1625	32
Winter	15056	SPAN	2020	A	SEM	WF	1135	1325	56
Fall	35383	SPAN	2110	A	SEM	MTRF	1135	1325	32
Winter	15057	SPAN	3110	A	SEM	MW	1435	1725	52
Fall	35384	SPAN	4010	A	SEM	MW	1435	1555	39
Winter	15058	SPAN	4020	A	SEM				
Fall	35385	SPAN	4900	A	IND				
Winter	15059	SPAN	4900	A	IND				
Winter	15060	SPAN	4901	A	IND				
Fall	35386	SREE	3001	A	LEC	WF	1435	1555	79
Fall	35387	SREE	3001	B	LEC	WF	1435	1555	79
Fall	35388	SREE	3001	L1	LAB	M	1135	1225	40
Winter	15061	SREE	3002	A	LEC	TR	835	955	40
Winter	15062	SREE	3002	A01	LAB	W	1335	1425	27
Winter	15063	SREE	3003	A	LEC	TR	1435	1555	40
Winter	15064	SREE	3003	A01	LAB	M	1435	1725	27
Fall	35389	SREE	4001	A	LEC	WF	1135	1255	52
Fall	35390	SREE	4001	L1	LAB	R	835	1125	40
Winter	15065	SREE	4002	A	LEC	WF	1605	1725	79
Fall	35391	SREE	4907	A	IND				
Winter	15066	SREE	4907	A	IND				
Winter	15067	STAT	1500	A	LEC	WF	1305	1425	96
Winter	15068	STAT	1500	A1	LAB	F	1135	1225	25
Winter	15069	STAT	1500	A2	LAB	F	1035	1125	25
Winter	15070	STAT	1500	A3	LAB	F	935	1025	25
Winter	15071	STAT	1500	A4	LAB	F	835	925	25
Fall	35392	STAT	2507	A	LEC	WF	1435	1555	204
Fall	35393	STAT	2507	A1	LAB	R	935	1025	25
Fall	35394	STAT	2507	A2	LAB	R	1035	1125	25
Fall	35395	STAT	2507	A3	LAB	T	1035	1125	25
Fall	35396	STAT	2507	A4	LAB	F	1635	1725	25
Fall	35397	STAT	2507	A5	LAB	T	1435	1525	25
Fall	35398	STAT	2507	A6	LAB	T	1135	1225	25
Fall	35399	STAT	2507	A7	LAB	W	1635	1725	25
Fall	35400	STAT	2507	A8	LAB	W	1135	1225	25
Fall	35401	STAT	2507	A9	LAB	M	1335	1425	25
Fall	35402	STAT	2507	B	LEC	TR	835	955	331
Fall	35403	STAT	2507	B1	LAB	W	1035	1125	25
Fall	35404	STAT	2507	B2	LAB	M	1535	1625	25
Fall	35405	STAT	2507	B3	LAB	F	835	925	25
Fall	35406	STAT	2507	B4	LAB	R	1535	1625	25
Fall	35407	STAT	2507	B5	LAB	M	1235	1325	25
Fall	35408	STAT	2507	B6	LAB	W	1235	1325	25
Fall	35409	STAT	2507	B7	LAB	F	1035	1125	25
Fall	35410	STAT	2507	B8	LAB	F	1235	1325	25
Fall	35411	STAT	2507	C	LEC	TR	1605	1725	9000
Fall	35412	STAT	2507	C1	LAB	M	1635	1725	25
Fall	35413	STAT	2507	C2	LAB	M	1135	1225	25
Fall	35414	STAT	2507	C3	LAB	F	935	1025	25
Fall	35415	STAT	2507	C4	LAB	R	1335	1425	25
Fall	35416	STAT	2507	C5	LAB	M	1035	1125	25
Fall	35417	STAT	2507	C6	LAB	T	1335	1425	25
Fall	35418	STAT	2507	C7	LAB	T	835	925	25
Fall	35419	STAT	2507	C8	LAB	W	1435	1525	25
Fall	35420	STAT	2507	D	LEC	MW	835	955	236
Fall	35421	STAT	2507	D1	LAB	R	1135	1225	25
Fall	35422	STAT	2507	D2	LAB	R	1435	1525	25
Fall	35423	STAT	2507	D3	LAB	M	1435	1525	25
Fall	35424	STAT	2507	D4	LAB	M	1335	1425	25
Fall	35425	STAT	2507	D5	LAB	F	1135	1225	25
Fall	35426	STAT	2507	D6	LAB	R	1235	1325	25
Fall	35427	STAT	2507	D7	LAB	W	1335	1425	25
Fall	35428	STAT	2507	D8	LAB	T	1235	1325	25
Winter	15072	STAT	2507	E	LEC				9000
Winter	15073	STAT	2507	E1	LAB	M	1935	2025	25
Winter	15074	STAT	2507	E2	LAB	M	2035	2125	25
Winter	15075	STAT	2507	E3	LAB	W	1935	2025	25
Winter	15076	STAT	2507	E4	LAB	W	2035	2125	25
Winter	15077	STAT	2507	E5	LAB	M	1635	1725	25
Winter	15078	STAT	2507	E6	LAB	M	1535	1625	25
Winter	15079	STAT	2507	E7	LAB	W	1435	1525	25
Winter	15080	STAT	2507	E8	LAB	W	1635	1725	25
Winter	15081	STAT	2507	F	LEC	TR	1635	1755	148
Winter	15082	STAT	2507	F1	LAB	R	1535	1625	25
Winter	15083	STAT	2507	F2	LAB	F	1035	1125	25
Winter	15084	STAT	2507	F3	LAB	F	935	1025	25
Winter	15085	STAT	2507	F4	LAB	W	1035	1125	25
Winter	15086	STAT	2507	F5	LAB	W	935	1025	25
Winter	15087	STAT	2507	F6	LAB	M	935	1025	25
Winter	15088	STAT	2507	F7	LAB	T	935	1025	25
Winter	15089	STAT	2507	F8	LAB	F	1535	1625	25
Winter	15090	STAT	2507	G	LEC	MW	835	955	204
Winter	15091	STAT	2507	G1	LAB	T	1035	1125	25
Winter	15092	STAT	2507	G2	LAB	M	1235	1325	25
Winter	15093	STAT	2507	G3	LAB	F	835	925	25
Winter	15094	STAT	2507	G4	LAB	R	1135	1225	25
Winter	15095	STAT	2507	G5	LAB	M	1735	1825	25
Winter	15096	STAT	2507	G6	LAB	M	1435	1525	25
Winter	15097	STAT	2507	G7	LAB	F	1335	1425	25
Winter	15098	STAT	2507	G8	LAB	M	1335	1425	25
Winter	15099	STAT	2507	H	LEC	WF	1435	1555	192
Winter	15100	STAT	2507	H1	LAB	T	835	925	25
Winter	15101	STAT	2507	H2	LAB	R	1435	1525	25
Winter	15102	STAT	2507	H3	LAB	R	1035	1125	25
Winter	15103	STAT	2507	H4	LAB	T	1135	1225	25
Winter	15104	STAT	2507	H5	LAB	F	1635	1725	25
Winter	15105	STAT	2507	H6	LAB	R	935	1025	25
Winter	15106	STAT	2507	H7	LAB	W	1135	1225	25
Winter	15107	STAT	2507	H8	LAB	F	1735	1825	25
Fall	35429	STAT	2509	A	LEC	TR	1435	1555	63
Fall	35430	STAT	2509	A1	LAB	R	1135	1225	25
Fall	35431	STAT	2509	A2	LAB	W	1035	1125	25
Fall	35432	STAT	2509	A3	LAB	W	935	1025	25
Fall	35433	STAT	2509	A4	LAB	M	1535	1625	25
Winter	15108	STAT	2509	B	LEC	WF	1605	1725	192
Winter	15109	STAT	2509	B1	LAB	R	1735	1825	25
Winter	15110	STAT	2509	B2	LAB	R	835	925	25
Winter	15111	STAT	2509	B3	LAB	W	1735	1825	25
Winter	15112	STAT	2509	B4	LAB	R	1635	1725	25
Winter	15113	STAT	2509	B5	LAB	M	835	925	25
Winter	15114	STAT	2509	B6	LAB	M	1035	1125	25
Winter	15115	STAT	2509	C	LEC	TR	835	955	148
Winter	15116	STAT	2509	C1	LAB	W	835	925	25
Winter	15117	STAT	2509	C2	LAB	T	1335	1425	25
Winter	15118	STAT	2509	C3	LAB	T	1735	1825	25
Winter	15119	STAT	2509	C4	LAB	T	1635	1725	25
Winter	15120	STAT	2509	C5	LAB	F	1435	1525	25
Winter	15121	STAT	2559	A	LEC	MW	835	955	78
Winter	15122	STAT	2559	A1	LAB	M	1035	1125	25
Winter	15123	STAT	2559	A2	LAB	M	1335	1425	25
Winter	15124	STAT	2559	A3	LAB	M	1235	1325	25
Fall	35434	STAT	2601	A	LEC	TR	1005	1125	192
Fall	35435	STAT	2601	A1	LAB	T	1435	1525	25
Fall	35436	STAT	2601	A2	LAB	T	1135	1225	25
Fall	35437	STAT	2601	A3	LAB	R	1635	1725	25
Fall	35438	STAT	2601	A4	LAB	T	835	925	25
Fall	35439	STAT	2601	A5	LAB	M	935	1025	25
Fall	35440	STAT	2601	A6	LAB	T	1735	1825	25
Fall	35441	STAT	2601	A7	LAB	M	835	925	25
Fall	35442	STAT	2601	A8	LAB	T	1535	1625	25
Fall	35443	STAT	2601	B	LEC	TR	1435	1555	331
Fall	35444	STAT	2601	B1	LAB	F	1435	1525	25
Fall	35445	STAT	2601	B2	LAB	F	1335	1425	25
Fall	35446	STAT	2601	B3	LAB	W	935	1025	25
Fall	35447	STAT	2601	B4	LAB	W	1535	1625	25
Fall	35448	STAT	2601	B5	LAB	W	835	925	25
Fall	35449	STAT	2601	B6	LAB	T	1635	1725	25
Fall	35450	STAT	2601	B7	LAB	T	935	1025	25
Fall	35451	STAT	2601	B8	LAB	R	835	925	25
Fall	35452	STAT	2601	C	LEC	TR	1605	1725	331
Fall	35453	STAT	2601	C1	LAB	M	1235	1325	25
Fall	35454	STAT	2601	C2	LAB	M	1135	1225	25
Fall	35455	STAT	2601	C3	LAB	W	1135	1225	25
Fall	35456	STAT	2601	C4	LAB	W	835	925	25
Fall	35457	STAT	2601	C5	LAB	R	835	925	25
Fall	35458	STAT	2601	C6	LAB	M	1435	1525	25
Fall	35459	STAT	2601	C7	LAB	W	1635	1725	25
Fall	35460	STAT	2601	C8	LAB	T	935	1025	25
Winter	15125	STAT	2601	D	LEC				9000
Winter	15126	STAT	2601	D1	LAB	T	1235	1325	25
Winter	15127	STAT	2601	D2	LAB	M	935	1025	25
Winter	15128	STAT	2601	D3	LAB	R	1135	1225	25
Winter	15129	STAT	2601	D4	LAB	T	935	1025	25
Winter	15130	STAT	2601	D5	LAB	T	835	925	25
Winter	15131	STAT	2601	D6	LAB	W	1135	1225	25
Winter	15132	STAT	2601	D7	LAB	M	1635	1725	25
Winter	15133	STAT	2601	D8	LAB	W	1035	1125	25
Winter	15134	STAT	2601	E	LEC	TR	1435	1555	204
Winter	15135	STAT	2601	E1	LAB	W	1335	1425	25
Winter	15136	STAT	2601	E2	LAB	T	1035	1125	25
Winter	15137	STAT	2601	E3	LAB	M	1435	1525	25
Winter	15138	STAT	2601	E4	LAB	T	1135	1225	25
Winter	15139	STAT	2601	E5	LAB	W	935	1025	25
Winter	15140	STAT	2601	E6	LAB	W	835	925	25
Winter	15141	STAT	2601	E7	LAB	M	1535	1625	25
Winter	15142	STAT	2601	E8	LAB	W	1635	1725	25
Fall	35461	STAT	2602	A	LEC	W	1435	1725	78
Fall	35462	STAT	2602	A1	LAB	M	1035	1125	25
Fall	35463	STAT	2602	A2	LAB	M	1635	1725	25
Fall	35464	STAT	2602	A3	LAB	M	935	1025	25
Winter	15143	STAT	2602	B	LEC	W	835	1125	78
Winter	15144	STAT	2602	B1	LAB	T	1535	1625	25
Winter	15145	STAT	2602	B2	LAB	M	1135	1225	25
Winter	15146	STAT	2602	B3	LAB	W	1535	1625	25
Fall	35465	STAT	2605	A	LEC	TR	835	955	66
Fall	35466	STAT	2605	A1	TUT	R	1435	1525	58
Fall	35467	STAT	2655	A	LEC	MW	1305	1425	63
Fall	35468	STAT	2655	A1	TUT	M	1735	1825	40
Fall	35469	STAT	2655	A2	TUT	M	1735	1825	39
Winter	15147	STAT	2660	A	LEC	WF	1005	1125	52
Winter	15148	STAT	2660	A1	TUT	F	1635	1725	58
Winter	15149	STAT	3502	B	LEC	MW	835	955	236
Winter	15150	STAT	3502	B1	TUT	M	1435	1525	40
Winter	15151	STAT	3502	B2	TUT	M	1435	1525	40
Winter	15152	STAT	3502	B3	TUT	M	1435	1525	48
Winter	15153	STAT	3502	B4	TUT	M	1435	1525	52
Winter	15154	STAT	3502	BT	TUT	M	1435	1525	
Fall	35470	STAT	3503	A	LEC	MW	1635	1755	83
Fall	35471	STAT	3503	A1	LAB	W	1335	1425	25
Fall	35472	STAT	3503	A2	LAB	W	1535	1625	25
Fall	35473	STAT	3503	A3	LAB	W	1435	1525	25
Fall	35474	STAT	3503	A4	LAB	W	1235	1325	25
Winter	15155	STAT	3504	A	LEC	WF	1135	1255	84
Winter	15156	STAT	3504	A1	LAB	F	1435	1525	25
Winter	15157	STAT	3504	A2	LAB	F	1535	1625	25
Winter	15158	STAT	3504	A3	LAB	F	1635	1725	25
Winter	15159	STAT	3506	A	LEC	MW	1305	1425	52
Winter	15160	STAT	3506	A1	TUT	M	1635	1725	36
Fall	35475	STAT	3507	A	LEC	TR	1305	1425	102
Fall	35476	STAT	3507	A1	LAB	R	1635	1725	25
Fall	35477	STAT	3507	A2	LAB	R	1535	1625	25
Fall	35478	STAT	3507	A3	LAB	R	1435	1525	25
Fall	35479	STAT	3507	A4	LAB	R	1735	1825	25
Fall	35480	STAT	3508	A	LEC	TR	1135	1255	36
Fall	35481	STAT	3508	A1	TUT	M	835	925	29
Winter	15161	STAT	3509	A	LEC	MW	1005	1125	42
Winter	15162	STAT	3509	A1	TUT	W	1335	1425	56
Fall	35482	STAT	3553	A	LEC	TR	835	955	48
Fall	35483	STAT	3553	A1	LAB	M	1735	1825	25
Fall	35484	STAT	3553	A2	LAB	M	1835	1925	25
Fall	35485	STAT	3558	A	LEC	TR	1435	1555	42
Fall	35486	STAT	3558	A1	TUT	T	1135	1225	23
Winter	15163	STAT	3559	A	LEC	TR	1305	1425	42
Winter	15164	STAT	3559	A1	TUT	T	1205	1255	35
Fall	35487	STAT	3660	A	LEC	WF	1005	1125	31
Fall	35488	STAT	3660	A1	TUT	F	1135	1225	27
Winter	15165	STAT	3661	B	LEC	WF	1135	1255	35
Winter	15166	STAT	3661	B1	TUT	F	1335	1425	42
Fall	35489	STAT	3999	A	WRK				
Winter	15167	STAT	3999	A	WRK				
Fall	35490	STAT	4500	A	LEC	TR	1135	1255	34
Fall	35491	STAT	4502	A	LEC				9000
Fall	35492	STAT	4503	A	LEC	TR	835	955	29
Winter	15168	STAT	4506	A	LEC	TR	1435	1555	35
Winter	15169	STAT	4508	A	LEC	TR	1005	1125	32
Winter	15170	STAT	4601	A	LEC	R	1805	2055	42
Winter	15171	STAT	4601	A1	LAB	R	2105	2155	25
Winter	15172	STAT	4601	A2	LAB	R	2105	2155	25
Fall	35493	STAT	4603	A	LEC	TR	1305	1425	27
Fall	35494	STAT	4604	A	LEC	MW	1305	1425	35
Fall	35495	STAT	4604	A1	LAB	W	1635	1725	42
Fall	35496	STAT	4660	A	LEC	WF	1435	1555	23
Fall	35497	STAT	4660	A1	TUT	F	1635	1725	20
Winter	15173	STAT	4661	A	LEC	MW	1005	1125	27
Winter	15174	STAT	4661	A1	TUT	W	1335	1425	42
Fall	35498	STAT	4905	A	HON				
Winter	15175	STAT	4905	A	HON				
Fall	35499	STAT	4905	B	HON				
Winter	15176	STAT	4905	B	HON				
Fall	35500	STAT	4905	C	HON				
Winter	15177	STAT	4905	C	HON				
Winter	15193	SXST	2101	A	LEC				9000
Winter	15194	SXST	2101	A01	GRP	M	1135	1225	31
Winter	15195	SXST	2101	A02	GRP	T	1135	1225	9000
Winter	15196	SXST	2101	A03	GRP	T	1335	1425	9000
Winter	15197	SXST	2101	A04	GRP	M	1635	1725	58
Fall	35518	SXST	2102	A	LEC	M	935	1125	58
Fall	35519	SXST	2102	A01	GRP	R	1635	1725	39
Fall	35520	SXST	2102	A02	GRP	M	1335	1425	34
Fall	35521	SXST	3103	A	LEC	M	1135	1425	9000
Winter	15198	SXST	3103	A	LEC	W	1135	1425	9000
Winter	15199	SXST	4103	W	SEM	T	835	1125	27
Winter	15200	SYSC	2004	D	LEC	TR	1435	1555	192
Winter	15201	SYSC	2004	E	LEC	TR	1605	1725	192
Winter	15202	SYSC	2004	L1	LAB	F	1605	1755	70
Winter	15203	SYSC	2004	L2	LAB	F	1605	1755	30
Winter	15204	SYSC	2004	L3	LAB	T	1135	1325	70
Winter	15205	SYSC	2004	L4	LAB	T	1135	1325	30
Winter	15206	SYSC	2004	L5	LAB	M	1635	1825	70
Winter	15207	SYSC	2004	L6	LAB	M	1635	1825	30
Winter	15208	SYSC	2004	L7	LAB	W	935	1125	70
Winter	15209	SYSC	2004	L8	LAB	W	935	1125	30
Fall	35522	SYSC	2006	A	LEC	TR	1605	1725	236
Fall	35523	SYSC	2006	B	LEC	TR	1735	1855	236
Winter	15210	SYSC	2006	D	LEC	TR	1005	1125	189
Fall	35524	SYSC	2006	L1	LAB	F	835	1025	70
Winter	15211	SYSC	2006	L1	LAB	M	1435	1625	70
Fall	35525	SYSC	2006	L10	LAB	W	935	1125	55
Fall	35526	SYSC	2006	L2	LAB	F	835	1025	70
Winter	15212	SYSC	2006	L2	LAB	T	1235	1425	47
Fall	35527	SYSC	2006	L3	LAB	M	1135	1325	70
Winter	15213	SYSC	2006	L3	LAB	R	1235	1425	70
Fall	35528	SYSC	2006	L4	LAB	M	1135	1325	70
Winter	15214	SYSC	2006	L4	LAB	W	1435	1625	70
Fall	35529	SYSC	2006	L5	LAB	W	1605	1755	70
Fall	35530	SYSC	2006	L6	LAB	W	1605	1755	55
Fall	35531	SYSC	2006	L7	LAB	M	835	1025	70
Fall	35532	SYSC	2006	L8	LAB	M	1805	1955	70
Fall	35533	SYSC	2006	L9	LAB	W	935	1125	70
Winter	15215	SYSC	2010	A	LEC	TR	1135	1255	52
Winter	15216	SYSC	2010	L1	LAB	M	835	1125	50
Winter	15217	SYSC	2100	A	LEC	WF	1135	1255	204
Winter	15218	SYSC	2100	B	LEC	TR	1305	1425	192
Winter	15219	SYSC	2100	L1	LAB	M	1135	1325	55
Winter	15220	SYSC	2100	L2	LAB	R	935	1125	55
Winter	15221	SYSC	2100	L3	LAB	M	935	1125	55
Winter	15222	SYSC	2100	L4	LAB	M	1435	1625	55
Winter	15223	SYSC	2100	L5	LAB	F	935	1125	55
Fall	35534	SYSC	2310	A	LEC	MW	835	955	96
Fall	35535	SYSC	2310	B	LEC	MW	1305	1425	393
Winter	15224	SYSC	2310	C	LEC	TR	835	955	58
Fall	35536	SYSC	2310	L1E	LAB	M	1435	1725	55
Fall	35537	SYSC	2310	L1O	LAB	M	1435	1725	55
Winter	15225	SYSC	2310	L1O	LAB	M	1135	1425	58
Fall	35538	SYSC	2310	L2E	LAB	F	1435	1725	55
Fall	35539	SYSC	2310	L2O	LAB	F	1435	1725	55
Fall	35540	SYSC	2310	L3E	LAB	F	1135	1425	55
Fall	35541	SYSC	2310	L3O	LAB	F	1135	1425	55
Winter	15226	SYSC	2320	A	LEC	TR	1605	1725	204
Winter	15227	SYSC	2320	B	LEC	TR	835	955	154
Winter	15228	SYSC	2320	L1	LAB	T	835	1125	58
Winter	15229	SYSC	2320	L2	LAB	W	1435	1725	55
Winter	15230	SYSC	2320	L3	LAB	R	1135	1425	55
Winter	15231	SYSC	2320	L4	LAB	M	835	1125	55
Winter	15232	SYSC	2320	L5	LAB	F	835	1125	50
Winter	15233	SYSC	2320	L6	LAB	M	835	1125	58
Winter	15234	SYSC	2510	A	LEC	WF	1305	1425	151
Winter	15235	SYSC	2510	L1O	LAB	T	1135	1425	55
Winter	15236	SYSC	2510	L2O	LAB	W	835	1125	55
Winter	15237	SYSC	2510	L3O	LAB	F	835	1125	55
Fall	35542	SYSC	3006	A	LEC	TR	1005	1125	154
Fall	35543	SYSC	3006	L1	LAB	W	1135	1325	40
Fall	35544	SYSC	3006	L2	LAB	T	1235	1425	58
Fall	35545	SYSC	3006	L3	LAB	M	1535	1725	40
Fall	35546	SYSC	3006	L4	LAB	F	1435	1625	40
Fall	35547	SYSC	3006	L5	LAB	T	1535	1725	58
Fall	35548	SYSC	3006	L6	LAB	W	835	1025	40
Fall	35549	SYSC	3006	L7	LAB	R	1535	1725	58
Fall	35550	SYSC	3006	L8	LAB	R	1135	1325	58
Winter	15238	SYSC	3010	A	LEC	M	935	1125	151
Winter	15239	SYSC	3010	L1	LAB	F	835	1125	58
Winter	15240	SYSC	3010	L2	LAB	F	1135	1425	58
Winter	15241	SYSC	3010	L3	LAB	W	1435	1725	58
Fall	35551	SYSC	3020	A	LEC	TR	1435	1555	134
Fall	35552	SYSC	3020	L1E	LAB	M	1135	1425	55
Fall	35553	SYSC	3020	L2E	LAB	F	1135	1425	30
Fall	35554	SYSC	3020	L3E	LAB	M	835	1125	55
Fall	35555	SYSC	3020	L4E	LAB	F	835	1125	55
Winter	15242	SYSC	3101	A	LEC	MW	1305	1425	236
Winter	15243	SYSC	3101	L1O	LAB	R	1435	1725	55
Winter	15244	SYSC	3101	L2O	LAB	T	1435	1725	55
Winter	15245	SYSC	3101	L3O	LAB	F	1135	1425	55
Winter	15246	SYSC	3101	L4O	LAB	W	1435	1725	55
Fall	35556	SYSC	3110	A	LEC	TR	1135	1255	204
Fall	35557	SYSC	3110	L1	LAB	M	1135	1425	55
Fall	35558	SYSC	3110	L2	LAB	T	1435	1725	55
Fall	35559	SYSC	3110	L3	LAB	T	1805	2055	55
Fall	35560	SYSC	3110	L4	LAB	F	1435	1725	55
Fall	35561	SYSC	3110	L5	LAB	R	1435	1725	30
Fall	35562	SYSC	3120	A	LEC	MW	1005	1125	204
Fall	35563	SYSC	3120	L1E	LAB	W	1435	1725	55
Fall	35564	SYSC	3120	L2E	LAB	R	1435	1725	55
Fall	35565	SYSC	3120	L3E	LAB	F	1135	1425	55
Fall	35566	SYSC	3120	L4E	LAB	T	1135	1425	55
Winter	15247	SYSC	3200	A	LEC	WF	1135	1255	96
Winter	15248	SYSC	3200	L1	LAB	F	1435	1555	154
Fall	35567	SYSC	3203	A	LEC	MW	1305	1425	58
Fall	35568	SYSC	3203	L1	LAB	R	1435	1725	36
Fall	35569	SYSC	3203	L2	LAB	F	1135	1425	36
Winter	15249	SYSC	3303	A	LEC	WF	1135	1255	444
Winter	15250	SYSC	3303	A1	LAB	F	1335	1525	55
Winter	15251	SYSC	3303	A2	LAB	T	1605	1755	55
Winter	15252	SYSC	3303	A3	LAB	M	1435	1625	55
Winter	15253	SYSC	3303	A4	LAB	F	1535	1725	55
Winter	15254	SYSC	3303	B	LEC	MW	1635	1755	148
Winter	15255	SYSC	3303	B1	LAB	T	1605	1755	58
Winter	15256	SYSC	3303	B2	LAB	W	1135	1325	58
Winter	15257	SYSC	3303	B3	LAB	R	1605	1755	58
Fall	35570	SYSC	3310	A	LEC	MW	1805	1925	348
Fall	35571	SYSC	3310	A1	LAB	M	1335	1525	58
Fall	35572	SYSC	3310	A2	LAB	F	1435	1625	58
Fall	35573	SYSC	3310	A3	LAB	F	1635	1825	58
Fall	35574	SYSC	3310	B	LEC	TR	1005	1125	102
Fall	35575	SYSC	3310	B1	LAB	M	1535	1725	58
Fall	35576	SYSC	3310	B2	LAB	M	1135	1325	58
Fall	35577	SYSC	3310	B3	LAB	W	1135	1325	58
Winter	15258	SYSC	3320	A	LEC	TR	1005	1125	108
Winter	15259	SYSC	3320	L1E	LAB	W	835	1125	58
Winter	15260	SYSC	3320	L2E	LAB	M	1135	1425	58
Fall	35578	SYSC	3500	A	LEC	MW	1005	1125	48
Fall	35579	SYSC	3500	L1E	PAN	M	1435	1725	36
Winter	15261	SYSC	3501	A	LEC	TR	1605	1725	115
Winter	15262	SYSC	3501	B	LEC	TR	835	955	108
Winter	15263	SYSC	3501	L1O	LAB	F	1435	1725	58
Winter	15264	SYSC	3501	L2O	LAB	M	1435	1725	58
Winter	15265	SYSC	3501	L3O	LAB	W	835	1125	58
Winter	15266	SYSC	3501	L4O	LAB	R	1135	1425	58
Winter	15267	SYSC	3501	L5O	LAB	T	1135	1425	58
Winter	15268	SYSC	3503	A	LEC	MW	1605	1725	98
Winter	15269	SYSC	3503	L1E	LAB	F	1435	1725	24
Fall	35580	SYSC	3600	A	LEC	WF	1435	1555	204
Fall	35581	SYSC	3600	B	LEC	MW	1605	1725	154
Fall	35582	SYSC	3600	C	LEC	TR	1605	1725	204
Winter	15270	SYSC	3600	E	LEC	TR	1005	1125	133
Fall	35583	SYSC	3600	L1	LAB	M	835	1125	47
Winter	15271	SYSC	3600	L1	LAB	F	835	1125	47
Fall	35584	SYSC	3600	L10	LAB	F	835	1125	47
Fall	35585	SYSC	3600	L11	LAB	F	1135	1425	47
Fall	35586	SYSC	3600	L12	LAB	T	835	1125	47
Fall	35587	SYSC	3600	L2	LAB	T	1435	1725	47
Winter	15272	SYSC	3600	L2	LAB	W	1135	1425	47
Fall	35588	SYSC	3600	L3	LAB	R	1135	1425	47
Winter	15273	SYSC	3600	L3	LAB	M	1135	1425	47
Fall	35589	SYSC	3600	L4	LAB	W	1135	1425	47
Fall	35590	SYSC	3600	L5	LAB	R	835	1125	47
Fall	35591	SYSC	3600	L6	LAB	M	1135	1425	47
Fall	35592	SYSC	3600	L7	LAB	W	835	1125	47
Fall	35593	SYSC	3600	L8	LAB	T	1135	1425	47
Fall	35594	SYSC	3600	L9	LAB	M	1435	1725	47
Fall	35595	SYSC	3610	A	LEC	MW	835	955	66
Fall	35596	SYSC	3610	L1	LAB	F	1435	1725	47
Fall	35597	SYSC	3610	L2	LAB	R	1435	1725	47
Fall	35598	SYSC	3999	A	WRK				
Winter	15274	SYSC	3999	A	WRK				
Fall	35599	SYSC	4001	A	LEC	TR	1305	1425	331
Fall	35600	SYSC	4001	L1	LAB	W	1135	1425	55
Fall	35601	SYSC	4001	L2	LAB	T	1435	1725	55
Fall	35602	SYSC	4001	L3	LAB	F	835	1125	55
Fall	35603	SYSC	4001	L4	LAB	M	835	1125	55
Fall	35604	SYSC	4001	L5	LAB	R	1435	1725	55
Fall	35605	SYSC	4001	L6	LAB	M	1435	1725	55
Winter	15275	SYSC	4005	A	LEC	WF	1605	1725	133
Winter	15276	SYSC	4005	L1	LAB	M	1135	1225	24
Winter	15277	SYSC	4005	L2	LAB	M	935	1025	24
Winter	15278	SYSC	4005	L3	LAB	M	1035	1125	24
Winter	15279	SYSC	4005	L4	LAB	M	1635	1725	24
Fall	35606	SYSC	4101	A	LEC	TR	1135	1255	189
Fall	35607	SYSC	4101	L1	LAB	W	1135	1425	9000
Fall	35608	SYSC	4101	L2	LAB	W	1135	1425	55
Winter	15280	SYSC	4102	A	LEC	TR	1005	1125	66
Winter	15281	SYSC	4102	L1E	LAB	F	1135	1425	55
Winter	15282	SYSC	4106	A	LEC	TR	1135	1255	236
Winter	15283	SYSC	4111	A	LEC	TR	1135	1255	51
Winter	15284	SYSC	4120	A	LEC	TR	1005	1125	192
Winter	15285	SYSC	4120	L1O	LAB	W	1435	1725	50
Winter	15286	SYSC	4120	L2E	LAB	T	1435	1725	50
Winter	15287	SYSC	4120	L2O	LAB	T	1435	1725	50
Winter	15288	SYSC	4120	L3E	LAB	R	1435	1725	50
Winter	15289	SYSC	4120	L3O	LAB	R	1435	1725	55
Winter	15290	SYSC	4130	A	LEC	WF	1435	1555	54
Winter	15291	SYSC	4130	L1	PAN	R	1135	1425	50
Winter	15292	SYSC	4201	A	LEC	MW	1135	1255	66
Winter	15293	SYSC	4201	L1	LAB	F	1605	1725	120
Winter	15294	SYSC	4202	A	LEC	T	1805	2055	66
Winter	15295	SYSC	4202	L1O	LAB	T	1435	1725	54
Fall	35609	SYSC	4203	A	LEC	MW	1435	1555	51
Fall	35610	SYSC	4203	L1	LAB	F	835	1125	36
Fall	35611	SYSC	4203	L2	LAB	F	1435	1725	36
Winter	15296	SYSC	4205	A	LEC	TR	835	955	76
Winter	15297	SYSC	4205	L1	LAB	R	1135	1425	36
Winter	15298	SYSC	4205	L2	LAB	W	835	1125	36
Winter	15299	SYSC	4206	A	LEC	TR	1005	1125	35
Winter	15300	SYSC	4206	L1	LAB	W	1135	1425	50
Winter	15301	SYSC	4206	L2	LAB	F	1135	1425	50
Fall	35612	SYSC	4310	A	LEC	TR	1005	1125	96
Fall	35613	SYSC	4310	L1O	LAB	F	835	1125	58
Fall	35614	SYSC	4310	L2O	LAB	W	1435	1725	58
Fall	35615	SYSC	4405	A	LEC	TR	1135	1255	78
Fall	35616	SYSC	4405	L1E	LAB	W	835	1125	58
Fall	35617	SYSC	4405	L2E	LAB	F	1135	1425	58
Fall	35618	SYSC	4405	L3O	LAB	W	835	1125	58
Fall	35619	SYSC	4405	L4O	LAB	F	1135	1425	58
Winter	15302	SYSC	4415	A	LEC	MW	1605	1725	108
Winter	15303	SYSC	4415	L2	PAN	R	1435	1525	108
Winter	15304	SYSC	4502	A	LEC	MW	1435	1555	9000
Winter	15305	SYSC	4502	L1O	PAN	F	1135	1425	36
Winter	15306	SYSC	4502	L2O	PAN	M	835	1125	36
Winter	15307	SYSC	4502	L3O	PAN	F	1435	1725	36
Winter	15308	SYSC	4504	A	LEC	TR	1435	1555	148
Winter	15309	SYSC	4504	L1E	LAB	F	835	1125	55
Winter	15310	SYSC	4504	L2E	LAB	W	835	1125	55
Winter	15311	SYSC	4504	L3E	LAB	M	1135	1425	55
Fall	35620	SYSC	4505	A	LEC	TR	1435	1555	79
Winter	15312	SYSC	4505	B	LEC	MW	1305	1425	42
Fall	35621	SYSC	4505	L1E	LAB	W	835	1125	36
Winter	15313	SYSC	4505	L1E	LAB	T	835	1125	36
Fall	35622	SYSC	4505	L1O	LAB	W	835	1125	36
Fall	35623	SYSC	4505	L2E	LAB	M	835	1125	36
Winter	15314	SYSC	4505	L2E	LAB	R	1435	1725	36
Fall	35624	SYSC	4505	L2O	LAB	M	835	1125	36
Fall	35915	SYSC	4505	L3E	LAB				
Winter	15315	SYSC	4600	A	LEC	MW	1605	1725	98
Winter	15316	SYSC	4600	L1E	LAB	W	1135	1425	24
Fall	35625	SYSC	4602	A	LEC	TR	1605	1725	192
Fall	35626	SYSC	4602	L1O	LAB	W	1435	1725	55
Fall	35627	SYSC	4602	L2O	LAB	T	1135	1425	55
Fall	35628	SYSC	4602	L3O	LAB	F	1135	1425	55
Fall	35629	SYSC	4602	L4O	LAB	R	1135	1425	55
Fall	35630	SYSC	4604	A	LEC	TR	1305	1425	51
Fall	35631	SYSC	4604	L1E	LAB	F	835	1125	24
Winter	15317	SYSC	4607	A	LEC	TR	1005	1125	52
Winter	15318	SYSC	4607	L1O	LAB	W	1135	1425	24
Winter	15319	SYSC	4700	A	LEC	TR	1605	1725	66
Winter	15320	SYSC	4700	L1O	LAB	W	1805	2055	9000
Fall	35632	SYSC	4701	A	LEC	M	935	1125	42
Fall	35633	SYSC	4701	L1	LAB	W	1335	1725	30
Fall	35634	SYSC	4805	A	LEC	W	835	1025	98
Fall	35635	SYSC	4805	L1	LAB	M	1335	1725	50
Fall	35636	SYSC	4805	L2	LAB	R	1135	1525	50
Fall	35637	SYSC	4805	L3	LAB	F	1335	1725	50
Fall	35638	SYSC	4806	A	LEC	T	1735	1925	151
Fall	35639	SYSC	4806	L1	LAB	M	1135	1525	9000
Fall	35640	SYSC	4806	L2	LAB	M	1135	1525	30
Fall	35641	SYSC	4810	A	LEC	MW	1005	1125	134
Fall	35642	SYSC	4810	A1	PAN	T	1435	1555	52
Fall	35643	SYSC	4810	A2	PAN	R	1005	1125	51
Fall	35644	SYSC	4810	A3	PAN	F	1135	1255	52
Fall	35645	SYSC	4810	B	LEC	MW	1135	1255	120
Fall	35646	SYSC	4810	B1	PAN	W	1435	1555	102
Fall	35647	SYSC	4810	B2	PAN	T	1435	1555	54
Fall	35648	SYSC	4810	B3	PAN	R	835	955	54
Winter	15321	SYSC	4906	B	LEC				
Winter	15322	SYSC	4906	B1	LAB				
Winter	15323	SYSC	4906	C	LEC	TR	1735	1855	9000
Winter	15324	SYSC	4906	D	LEC	MW	1605	1725	35
Winter	15325	SYSC	4906	D1	LAB	M	1435	1555	52
Winter	15551	SYSC	4906	E	LEC				
Winter	15585	SYSC	4906	F	LEC	TR	1005	1125	40
Winter	15675	SYSC	4906	G	LEC	M	1805	2055	66
Fall	35649	SYSC	4907	A	IND				
Winter	15326	SYSC	4907	A	IND				
Fall	35691	TSES	2305	A	LEC	T	1735	1925	120
Winter	15378	TSES	2305	A	LEC	T	1735	1925	54
Fall	35692	TSES	2305	B	LEC				9000
Winter	15379	TSES	2305	B	LEC				9000
Fall	35693	TSES	3001	A	LEC	MW	835	955	78
Winter	15380	TSES	3002	A	LEC	TR	835	955	96
Fall	35694	TSES	4001	A	LEC	T	1805	2055	34
Winter	15381	TSES	4002	A	LEC				
Fall	35695	TSES	4003	A	LEC				
Winter	15451	TSES	4003	A	LEC				
Winter	15382	TSES	4005	A	LEC				
Fall	35696	TSES	4007	A	LEC	TR	1635	1755	52
Fall	35697	TSES	4008	A	LEC				
Winter	15465	TSES	4008	A	LEC				
Winter	15686	TSES	4009	A	SEM		0	1159	
Winter	15687	TSES	4009	B	SEM		0	1159	
Winter	15383	TSES	4012	A	LEC	MW	1735	1855	35
Fall	35698	TSES	4014	A	LEC				
Fall	35699	WGST	1808	A	LEC	W	835	1025	189
Winter	15384	WGST	1808	A	LEC	W	835	1025	189
Fall	35700	WGST	1808	A01	GRP	R	1035	1125	30
Winter	15385	WGST	1808	A01	GRP	R	1035	1125	50
Fall	35701	WGST	1808	A02	GRP	R	935	1025	30
Winter	15386	WGST	1808	A02	GRP	R	935	1025	50
Fall	35704	WGST	1808	A03	GRP	F	935	1025	42
Winter	15389	WGST	1808	A03	GRP	F	935	1025	42
Fall	35705	WGST	1808	A04	GRP	F	1035	1125	42
Winter	15390	WGST	1808	A04	GRP	F	1035	1125	42
Fall	35702	WGST	1808	A05	GRP	F	935	1025	51
Winter	15387	WGST	1808	A05	GRP	F	935	1025	40
Fall	35703	WGST	1808	A06	GRP	F	1035	1125	51
Winter	15388	WGST	1808	A06	GRP	F	1035	1125	40
Fall	35706	WGST	1808	B	LEC				9000
Winter	15391	WGST	1808	B	LEC				9000
Fall	35707	WGST	1808	B01	GRP				9000
Winter	15392	WGST	1808	B01	GRP				9000
Fall	35708	WGST	1808	B02	GRP				9000
Winter	15393	WGST	1808	B02	GRP				9000
Fall	35709	WGST	1808	B03	GRP				9000
Winter	15394	WGST	1808	B03	GRP				9000
Fall	35710	WGST	1808	B04	GRP				9000
Winter	15395	WGST	1808	B04	GRP				9000
Fall	35711	WGST	1808	B05	GRP				9000
Winter	15396	WGST	1808	B05	GRP				9000
Fall	35712	WGST	1808	B06	GRP				9000
Winter	15397	WGST	1808	B06	GRP				9000
Winter	15398	WGST	2801	A	LEC	R	1235	1425	189
Winter	15399	WGST	2801	A01	GRP	R	1435	1525	42
Winter	15400	WGST	2801	A02	GRP	R	1535	1625	9000
Winter	15401	WGST	2801	A03	GRP	R	1435	1525	27
Winter	15402	WGST	2801	A04	GRP	R	1535	1625	9000
Fall	35713	WGST	2810	F	LEC				9000
Fall	35714	WGST	2810	F01	GRP	M	1235	1325	52
Fall	35715	WGST	2810	F02	GRP	M	1335	1425	9000
Fall	35716	WGST	2810	F03	GRP	M	1235	1325	9000
Fall	35717	WGST	2810	F04	GRP	M	1335	1425	42
Winter	15403	WGST	2812	A	LEC				
Winter	15404	WGST	2812	A01	GRP				
Winter	15405	WGST	2812	A02	GRP				
Winter	15406	WGST	2812	A03	GRP				
Winter	15407	WGST	2812	B	LEC	F	1435	1525	83
Winter	15408	WGST	2812	BF	GRP	F	1135	1425	83
Fall	35718	WGST	3001	A	LEC	F	1135	1425	66
Fall	35719	WGST	3807	A	LEC	R	835	1125	9000
Fall	35720	WGST	3812	F	LEC	M	1435	1525	32
Winter	15409	WGST	3812	F	LEC	R	1435	1725	54
Fall	35721	WGST	3812	FF	FLM	M	1135	1425	52
Winter	15410	WGST	4800	W	PRC	W	1135	1425	15
Winter	15411	WGST	4801	W	PRC	M	1435	1725	15
Fall	35722	WGST	4811	F	REP				
Winter	15412	WGST	4811	F	REP				
Fall	35723	WGST	4812	A	SEM	M	835	1125	54
Winter	15413	WGST	4812	A	SEM	T	1435	1725	28
Fall	35724	WGST	4812	B	SEM	T	1435	1725	9000
Fall	35725	WGST	4812	C	SEM				
Fall	35941	WGST	4812	D	SEM	W	1435	1625	27
Fall	35942	WGST	4812	DF	FLM	W	1135	1425	27
Winter	15414	WGST	4812	E	SEM	M	1135	1425	28
